transaction_id,transaction_time,card_id,merchant_id,amount,is_fraud
T9103,2025-01-01 00:02:00,C00323,M0389,99.64,0
T7864,2025-01-01 00:28:00,C00948,M0354,11.59,0
T9607,2025-01-01 00:37:00,C00737,M0240,20.8,0
T809,2025-01-01 00:55:00,C01458,M0198,7.89,0
T8834,2025-01-01 00:55:00,C01808,M0409,26.99,0
T6353,2025-01-01 01:00:00,C01177,M0015,40.6,0
T1283,2025-01-01 01:00:00,C01092,M0346,35.35,0
T6036,2025-01-01 01:06:00,C00016,M0049,48.44,0
T7645,2025-01-01 01:14:00,C01529,M0194,25.54,0
T949,2025-01-01 01:17:00,C01363,M0021,16.16,0
T4009,2025-01-01 01:52:00,C00786,M0438,7.6,0
T887,2025-01-01 01:57:00,C00855,M0240,31.93,0
T1041,2025-01-01 02:06:00,C00018,M0041,40.56,0
T8493,2025-01-01 02:12:00,C00221,M0389,19.69,0
T4243,2025-01-01 02:16:00,C00831,M0241,22.71,0
T3247,2025-01-01 02:18:00,C01403,M0203,12.46,0
T9454,2025-01-01 02:28:00,C01008,M0280,26.31,0
T6521,2025-01-01 02:33:00,C01677,M0293,12.96,0
T2859,2025-01-01 02:35:00,C00263,M0270,10.92,0
T3435,2025-01-01 02:39:00,C01308,M0267,29.6,0
T2618,2025-01-01 02:42:00,C01264,M0169,122.57,0
T2290,2025-01-01 02:43:00,C00501,M0359,29.36,0
T3949,2025-01-01 02:54:00,C00726,M0031,92.24,0
T6063,2025-01-01 02:58:00,C00091,M0092,12.04,0
T4318,2025-01-01 03:12:00,C01912,M0033,9.05,0
T3000,2025-01-01 03:13:00,C00614,M0404,33.15,0
T4483,2025-01-01 03:23:00,C00396,M0384,13.47,0
T121,2025-01-01 03:26:00,C01635,M0141,8.99,0
T2124,2025-01-01 03:27:00,C00534,M0482,96.99,0
T6249,2025-01-01 03:35:00,C01924,M0032,20.53,0
T6270,2025-01-01 03:48:00,C01666,M0072,94.05,1
T7379,2025-01-01 03:49:00,C00090,M0270,69.47,0
T930,2025-01-01 03:55:00,C01499,M0202,6.33,0
T3352,2025-01-01 04:36:00,C01197,M0040,18.49,0
T1862,2025-01-01 04:41:00,C01208,M0018,2.15,0
T2770,2025-01-01 04:42:00,C01972,M0298,49.98,0
T5345,2025-01-01 04:47:00,C01583,M0397,31.84,0
T8132,2025-01-01 04:54:00,C00536,M0304,129.01,0
T312,2025-01-01 05:01:00,C00178,M0106,6.87,0
T807,2025-01-01 05:02:00,C01922,M0034,5.97,0
T4909,2025-01-01 05:07:00,C01906,M0340,12.69,0
T5366,2025-01-01 05:20:00,C01968,M0307,16.86,0
T4808,2025-01-01 05:36:00,C00608,M0272,80.43,0
T1308,2025-01-01 05:38:00,C01435,M0067,8.19,0
T3242,2025-01-01 05:40:00,C01447,M0192,23.86,0
T3248,2025-01-01 05:58:00,C00666,M0340,40.62,0
T6644,2025-01-01 06:03:00,C01631,M0159,63.91,0
T9401,2025-01-01 06:04:00,C00355,M0079,20.56,0
T9526,2025-01-01 06:04:00,C00421,M0131,82.58,0
T8350,2025-01-01 06:08:00,C01663,M0054,51.73,0
T8867,2025-01-01 06:10:00,C01656,M0016,20.69,0
T678,2025-01-01 06:24:00,C01165,M0435,67.16,0
T3981,2025-01-01 06:29:00,C00343,M0449,13.1,0
T5652,2025-01-01 06:30:00,C00530,M0309,3.7,0
T679,2025-01-01 06:44:00,C00355,M0264,23.28,0
T481,2025-01-01 06:52:00,C00595,M0485,10.94,0
T9615,2025-01-01 07:12:00,C00152,M0405,108.4,0
T7944,2025-01-01 07:33:00,C00117,M0161,3.69,0
T6151,2025-01-01 07:43:00,C01216,M0410,37.97,0
T8868,2025-01-01 08:06:00,C00689,M0014,18.83,0
T5922,2025-01-01 08:10:00,C00031,M0382,35.62,0
T3690,2025-01-01 08:12:00,C00131,M0483,24.66,0
T6493,2025-01-01 08:15:00,C00511,M0374,72.1,0
T5675,2025-01-01 08:27:00,C00146,M0234,3.5,0
T6014,2025-01-01 08:35:00,C01190,M0147,27.93,0
T1648,2025-01-01 08:46:00,C01646,M0305,11.78,0
T6628,2025-01-01 08:54:00,C00479,M0009,46.38,0
T8186,2025-01-01 09:15:00,C00664,M0139,18.74,0
T9598,2025-01-01 09:19:00,C01464,M0318,173.63,0
T9170,2025-01-01 09:20:00,C01621,M0459,6.91,0
T4580,2025-01-01 09:30:00,C00014,M0490,20.1,0
T2825,2025-01-01 09:47:00,C01065,M0227,50.35,0
T8027,2025-01-01 09:55:00,C00988,M0027,44.74,0
T1854,2025-01-01 10:19:00,C01048,M0211,29.08,0
T9653,2025-01-01 10:36:00,C00884,M0273,15.58,0
T2813,2025-01-01 10:45:00,C00109,M0400,17.34,0
T6818,2025-01-01 10:54:00,C00356,M0441,5.72,0
T1760,2025-01-01 11:01:00,C00812,M0330,28.54,0
T2115,2025-01-01 11:01:00,C00242,M0204,26.52,0
T4395,2025-01-01 11:10:00,C00245,M0063,9.84,0
T2289,2025-01-01 11:11:00,C00959,M0246,3.67,0
T9780,2025-01-01 11:11:00,C01956,M0011,58.74,0
T5314,2025-01-01 11:31:00,C00027,M0007,89.32,0
T5696,2025-01-01 11:32:00,C00499,M0439,12.81,0
T6933,2025-01-01 11:46:00,C00874,M0291,23.0,0
T4342,2025-01-01 11:57:00,C00315,M0211,154.65,0
T7974,2025-01-01 12:07:00,C00222,M0106,12.34,0
T512,2025-01-01 12:08:00,C00306,M0089,8.28,0
T6075,2025-01-01 12:11:00,C00908,M0144,8.25,0
T6727,2025-01-01 12:35:00,C01535,M0112,32.73,0
T9522,2025-01-01 12:40:00,C01555,M0465,35.94,0
T9741,2025-01-01 12:45:00,C00549,M0185,15.66,0
T7706,2025-01-01 12:47:00,C00227,M0446,22.2,0
T13,2025-01-01 12:49:00,C01974,M0105,31.79,0
T8160,2025-01-01 12:49:00,C00799,M0154,21.45,0
T2719,2025-01-01 13:01:00,C00874,M0089,17.32,1
T6529,2025-01-01 13:06:00,C01259,M0238,29.7,0
T6067,2025-01-01 13:18:00,C00299,M0001,24.66,0
T8995,2025-01-01 13:21:00,C01411,M0177,14.03,0
T1417,2025-01-01 13:26:00,C00661,M0174,32.34,0
T1024,2025-01-01 13:34:00,C00312,M0400,2.96,0
T8243,2025-01-01 13:54:00,C00826,M0188,28.18,0
T6912,2025-01-01 13:55:00,C01976,M0217,25.44,0
T9755,2025-01-01 14:00:00,C00368,M0102,20.37,1
T891,2025-01-01 14:06:00,C00011,M0323,28.61,0
T182,2025-01-01 14:14:00,C01284,M0314,7.58,0
T1,2025-01-01 14:20:00,C00939,M0398,7.89,0
T5490,2025-01-01 14:24:00,C00367,M0066,7.06,0
T9435,2025-01-01 14:25:00,C01787,M0462,96.91,0
T4158,2025-01-01 14:29:00,C01075,M0437,63.27,0
T6860,2025-01-01 14:37:00,C01282,M0458,53.11,0
T6652,2025-01-01 14:42:00,C00333,M0010,13.72,0
T4018,2025-01-01 14:47:00,C01810,M0055,13.1,0
T6088,2025-01-01 14:53:00,C01751,M0190,7.92,0
T5962,2025-01-01 15:01:00,C01286,M0110,32.42,0
T9316,2025-01-01 15:09:00,C00160,M0211,22.99,0
T9902,2025-01-01 15:16:00,C01852,M0015,30.8,0
T4585,2025-01-01 15:17:00,C01136,M0226,8.95,0
T987,2025-01-01 15:22:00,C00073,M0438,26.46,0
T5769,2025-01-01 15:24:00,C01626,M0114,25.3,0
T3185,2025-01-01 15:29:00,C01405,M0221,19.45,0
T5634,2025-01-01 15:46:00,C00648,M0448,12.46,0
T1772,2025-01-01 15:56:00,C00711,M0248,14.46,0
T8349,2025-01-01 16:08:00,C00478,M0073,18.75,0
T6455,2025-01-01 16:32:00,C00620,M0477,14.17,0
T1546,2025-01-01 16:47:00,C01244,M0301,20.03,0
T4159,2025-01-01 16:54:00,C01399,M0048,10.78,0
T662,2025-01-01 16:55:00,C00415,M0230,27.66,0
T70,2025-01-01 16:56:00,C00267,M0023,117.69,0
T7574,2025-01-01 17:24:00,C00392,M0487,13.74,0
T4901,2025-01-01 17:31:00,C00141,M0158,9.78,0
T1866,2025-01-01 17:38:00,C00316,M0471,52.9,0
T832,2025-01-01 17:42:00,C01822,M0318,2.82,0
T538,2025-01-01 17:42:00,C01642,M0486,35.68,0
T8524,2025-01-01 17:47:00,C01817,M0435,15.78,0
T5934,2025-01-01 17:53:00,C00942,M0301,4.64,0
T9788,2025-01-01 17:54:00,C01282,M0030,35.49,0
T5833,2025-01-01 17:59:00,C01171,M0109,34.65,0
T2855,2025-01-01 18:09:00,C00521,M0265,9.29,0
T8689,2025-01-01 18:22:00,C00884,M0245,13.77,0
T8881,2025-01-01 18:25:00,C00517,M0329,4.09,0
T2797,2025-01-01 18:45:00,C00160,M0419,11.77,0
T6076,2025-01-01 18:49:00,C00870,M0329,40.77,0
T7566,2025-01-01 18:52:00,C01102,M0105,8.67,0
T4131,2025-01-01 18:54:00,C01408,M0015,44.7,0
T3278,2025-01-01 19:00:00,C01948,M0413,12.99,0
T395,2025-01-01 19:10:00,C01709,M0243,29.81,0
T5348,2025-01-01 19:21:00,C00439,M0066,21.19,0
T6995,2025-01-01 19:28:00,C01418,M0473,31.1,0
T1966,2025-01-01 19:37:00,C01640,M0490,17.68,0
T5726,2025-01-01 19:44:00,C01768,M0433,60.94,0
T9300,2025-01-01 19:55:00,C00347,M0340,18.4,0
T3291,2025-01-01 20:07:00,C01238,M0274,3.69,0
T7378,2025-01-01 20:11:00,C01714,M0331,57.16,0
T8259,2025-01-01 20:14:00,C01709,M0132,30.02,0
T1877,2025-01-01 20:39:00,C00485,M0355,4.87,0
T8324,2025-01-01 20:42:00,C01856,M0070,67.76,0
T9383,2025-01-01 20:45:00,C00864,M0157,96.21,0
T727,2025-01-01 20:52:00,C00254,M0334,13.32,0
T6699,2025-01-01 21:09:00,C00190,M0464,4.17,0
T1191,2025-01-01 21:19:00,C00837,M0309,15.08,0
T2795,2025-01-01 21:23:00,C01092,M0099,15.85,0
T6602,2025-01-01 21:39:00,C00152,M0150,20.99,0
T6334,2025-01-01 21:41:00,C01462,M0003,45.25,0
T4071,2025-01-01 21:46:00,C00948,M0435,3.21,0
T3273,2025-01-01 21:47:00,C01659,M0106,14.27,0
T9172,2025-01-01 21:52:00,C01753,M0026,58.43,0
T8177,2025-01-01 21:53:00,C01388,M0411,45.2,0
T573,2025-01-01 22:04:00,C00367,M0193,32.32,0
T1306,2025-01-01 22:21:00,C01715,M0001,28.78,0
T921,2025-01-01 22:22:00,C01868,M0185,16.56,0
T8719,2025-01-01 22:33:00,C00095,M0071,72.67,0
T9701,2025-01-01 22:39:00,C01978,M0265,4.67,0
T1944,2025-01-01 22:47:00,C00756,M0462,42.06,0
T5920,2025-01-01 22:55:00,C00561,M0370,4.69,0
T5967,2025-01-01 22:58:00,C01749,M0156,9.82,0
T9264,2025-01-01 22:59:00,C01724,M0402,6.0,0
T3390,2025-01-01 23:01:00,C01663,M0181,19.32,0
T3577,2025-01-01 23:21:00,C00349,M0066,25.02,0
T9330,2025-01-01 23:23:00,C01398,M0393,54.47,0
T7036,2025-01-01 23:27:00,C01653,M0033,36.58,0
T2613,2025-01-01 23:51:00,C01872,M0233,4.67,0
T1554,2025-01-01 23:55:00,C01265,M0228,33.33,0
T6121,2025-01-02 00:22:00,C01092,M0260,5.62,0
T5997,2025-01-02 00:22:00,C01735,M0016,6.3,1
T5587,2025-01-02 00:26:00,C01399,M0396,98.84,0
T7695,2025-01-02 00:28:00,C01133,M0419,14.24,0
T3989,2025-01-02 00:41:00,C00848,M0118,16.21,0
T9859,2025-01-02 01:02:00,C01013,M0411,127.57,0
T9694,2025-01-02 01:09:00,C01022,M0397,76.12,0
T6095,2025-01-02 01:15:00,C01729,M0273,7.15,0
T1277,2025-01-02 01:24:00,C00765,M0355,32.02,0
T7820,2025-01-02 01:24:00,C01469,M0459,8.62,0
T7604,2025-01-02 01:37:00,C01103,M0137,41.12,0
T3944,2025-01-02 01:38:00,C01391,M0161,42.78,0
T5661,2025-01-02 01:39:00,C01362,M0009,17.94,0
T8156,2025-01-02 01:41:00,C00304,M0048,35.38,0
T555,2025-01-02 01:42:00,C00835,M0259,31.94,0
T6498,2025-01-02 01:52:00,C01938,M0351,33.49,0
T9550,2025-01-02 01:59:00,C01653,M0212,12.42,0
T1745,2025-01-02 02:00:00,C00011,M0474,11.02,0
T6108,2025-01-02 02:17:00,C00877,M0096,6.42,0
T7578,2025-01-02 02:22:00,C00909,M0385,8.51,0
T8754,2025-01-02 02:27:00,C00941,M0454,4.59,1
T5040,2025-01-02 02:27:00,C00071,M0376,19.29,0
T3433,2025-01-02 02:29:00,C01578,M0302,17.3,0
T1499,2025-01-02 02:31:00,C00107,M0354,5.98,0
T9573,2025-01-02 02:37:00,C00960,M0032,5.58,0
T867,2025-01-02 02:45:00,C00868,M0402,9.91,0
T6078,2025-01-02 02:45:00,C00752,M0405,3.41,0
T5217,2025-01-02 02:49:00,C01956,M0269,3.94,0
T7583,2025-01-02 03:00:00,C00269,M0224,65.15,0
T1228,2025-01-02 03:02:00,C01663,M0227,31.52,0
T4763,2025-01-02 03:10:00,C01479,M0391,69.37,0
T1056,2025-01-02 03:25:00,C01062,M0167,25.92,0
T2548,2025-01-02 03:31:00,C00096,M0089,30.65,0
T5159,2025-01-02 03:37:00,C00805,M0193,47.84,0
T6673,2025-01-02 03:54:00,C01796,M0448,6.81,0
T9327,2025-01-02 04:15:00,C01547,M0069,2.76,0
T4256,2025-01-02 04:20:00,C01250,M0027,16.33,0
T3281,2025-01-02 04:28:00,C01138,M0492,46.26,0
T9277,2025-01-02 04:45:00,C01878,M0431,63.19,0
T8124,2025-01-02 04:57:00,C01809,M0157,48.56,0
T1313,2025-01-02 05:10:00,C00243,M0367,20.29,0
T9455,2025-01-02 05:14:00,C01842,M0231,165.06,0
T9947,2025-01-02 05:16:00,C01897,M0231,47.52,0
T1106,2025-01-02 05:19:00,C01210,M0109,10.62,0
T7905,2025-01-02 05:39:00,C01184,M0051,29.53,0
T9347,2025-01-02 05:49:00,C00903,M0302,91.58,0
T221,2025-01-02 06:02:00,C00719,M0101,19.38,0
T4090,2025-01-02 06:13:00,C00043,M0061,34.47,0
T5202,2025-01-02 06:14:00,C01818,M0118,15.61,0
T906,2025-01-02 06:28:00,C00606,M0014,50.19,0
T8325,2025-01-02 06:31:00,C00045,M0227,30.8,0
T7559,2025-01-02 06:49:00,C01175,M0149,65.21,0
T8715,2025-01-02 07:15:00,C01003,M0385,15.97,0
T5246,2025-01-02 07:21:00,C00015,M0074,66.71,0
T4761,2025-01-02 07:21:00,C01155,M0397,37.45,0
T7349,2025-01-02 07:33:00,C01978,M0447,20.07,0
T5594,2025-01-02 07:33:00,C01958,M0443,2.26,0
T2772,2025-01-02 07:38:00,C00620,M0148,13.47,0
T7879,2025-01-02 07:46:00,C00597,M0150,30.1,0
T8505,2025-01-02 07:49:00,C00034,M0195,71.0,0
T907,2025-01-02 07:57:00,C01058,M0323,13.42,0
T4298,2025-01-02 08:00:00,C00631,M0395,13.95,0
T4100,2025-01-02 08:00:00,C01356,M0278,4.14,0
T1719,2025-01-02 08:05:00,C01031,M0331,6.03,0
T3232,2025-01-02 08:12:00,C01282,M0334,27.53,0
T6649,2025-01-02 08:16:00,C00307,M0445,3.25,0
T8020,2025-01-02 08:31:00,C01441,M0029,65.01,0
T4921,2025-01-02 08:41:00,C00877,M0052,23.31,0
T1893,2025-01-02 08:49:00,C01775,M0233,3.43,0
T1619,2025-01-02 09:00:00,C00564,M0456,88.57,0
T9794,2025-01-02 09:06:00,C00631,M0381,48.27,0
T7370,2025-01-02 09:06:00,C01333,M0253,69.6,0
T4993,2025-01-02 09:07:00,C00721,M0354,39.98,0
T4044,2025-01-02 09:08:00,C00683,M0082,115.99,0
T6610,2025-01-02 09:16:00,C00954,M0497,48.47,0
T3177,2025-01-02 09:31:00,C01647,M0115,52.06,0
T7735,2025-01-02 09:33:00,C00757,M0271,1.8,0
T9443,2025-01-02 09:35:00,C00580,M0248,25.02,0
T7951,2025-01-02 09:37:00,C00073,M0415,76.21,0
T2503,2025-01-02 09:43:00,C00966,M0145,63.9,0
T5556,2025-01-02 09:55:00,C00389,M0495,43.19,0
T7172,2025-01-02 10:02:00,C00986,M0011,59.94,0
T234,2025-01-02 10:09:00,C01475,M0188,23.34,0
T1400,2025-01-02 10:10:00,C00679,M0237,37.03,1
T1112,2025-01-02 10:39:00,C01969,M0451,5.78,0
T4104,2025-01-02 10:53:00,C00020,M0020,61.52,0
T2589,2025-01-02 10:56:00,C01457,M0158,61.23,0
T3559,2025-01-02 11:00:00,C00949,M0322,4.67,0
T4498,2025-01-02 11:03:00,C01977,M0201,33.61,0
T8247,2025-01-02 11:05:00,C00927,M0159,34.03,0
T9666,2025-01-02 11:08:00,C00762,M0367,9.07,0
T5198,2025-01-02 11:23:00,C01681,M0325,15.9,0
T7731,2025-01-02 11:47:00,C01964,M0075,55.91,0
T5944,2025-01-02 11:59:00,C00184,M0393,31.22,0
T3205,2025-01-02 12:09:00,C00850,M0182,22.68,0
T5355,2025-01-02 12:16:00,C01268,M0071,72.48,0
T9798,2025-01-02 12:16:00,C01194,M0437,4.42,0
T3818,2025-01-02 12:19:00,C01380,M0415,19.71,0
T4222,2025-01-02 12:27:00,C01553,M0004,17.45,0
T8796,2025-01-02 12:36:00,C00753,M0220,21.01,0
T1173,2025-01-02 12:38:00,C00234,M0455,14.36,0
T260,2025-01-02 12:40:00,C01985,M0213,28.94,0
T3625,2025-01-02 12:44:00,C00721,M0000,38.32,0
T916,2025-01-02 12:59:00,C01592,M0244,25.38,0
T3485,2025-01-02 13:04:00,C00761,M0447,32.51,0
T6660,2025-01-02 13:24:00,C00843,M0186,18.73,0
T7482,2025-01-02 13:31:00,C00230,M0054,28.37,0
T3521,2025-01-02 13:37:00,C01133,M0303,23.57,0
T3009,2025-01-02 13:41:00,C00299,M0338,31.94,0
T3126,2025-01-02 14:02:00,C00910,M0223,4.71,0
T995,2025-01-02 14:56:00,C01789,M0217,31.92,0
T2670,2025-01-02 14:56:00,C01196,M0049,5.98,0
T3231,2025-01-02 15:12:00,C00361,M0143,12.04,0
T1755,2025-01-02 15:16:00,C01017,M0192,11.37,0
T349,2025-01-02 15:28:00,C01654,M0160,21.56,0
T4372,2025-01-02 15:42:00,C01527,M0181,41.53,0
T3332,2025-01-02 15:44:00,C00549,M0064,15.0,0
T1496,2025-01-02 15:56:00,C00367,M0034,2.06,0
T9310,2025-01-02 16:02:00,C00632,M0376,19.59,0
T8245,2025-01-02 16:13:00,C00864,M0419,15.64,0
T4119,2025-01-02 16:26:00,C01667,M0495,16.89,0
T6917,2025-01-02 16:29:00,C00824,M0001,5.26,0
T9321,2025-01-02 16:31:00,C01952,M0468,28.85,0
T1026,2025-01-02 16:43:00,C00227,M0155,47.59,0
T3309,2025-01-02 16:54:00,C01549,M0295,34.85,0
T2404,2025-01-02 17:01:00,C01836,M0369,42.3,0
T5070,2025-01-02 17:02:00,C00449,M0328,85.09,0
T1514,2025-01-02 17:09:00,C01151,M0173,13.51,0
T1108,2025-01-02 17:22:00,C01390,M0306,12.45,0
T9077,2025-01-02 17:26:00,C01984,M0165,11.91,0
T8222,2025-01-02 18:03:00,C01627,M0037,5.34,0
T5380,2025-01-02 18:17:00,C00477,M0348,10.13,0
T2648,2025-01-02 18:19:00,C00293,M0112,41.5,0
T2743,2025-01-02 18:31:00,C00375,M0319,48.15,0
T257,2025-01-02 18:37:00,C01050,M0171,14.27,0
T6671,2025-01-02 18:47:00,C01092,M0118,96.25,0
T86,2025-01-02 18:48:00,C01882,M0234,8.43,0
T1207,2025-01-02 18:53:00,C00079,M0084,47.95,0
T9772,2025-01-02 19:00:00,C01836,M0230,2.45,0
T7237,2025-01-02 19:01:00,C00818,M0379,15.9,0
T4358,2025-01-02 19:01:00,C00216,M0493,16.69,0
T2785,2025-01-02 19:11:00,C00718,M0293,10.29,0
T4233,2025-01-02 19:11:00,C01573,M0277,7.87,0
T2892,2025-01-02 19:17:00,C01430,M0242,51.79,0
T3920,2025-01-02 19:30:00,C01620,M0141,57.56,0
T9732,2025-01-02 19:40:00,C00394,M0148,41.6,0
T6867,2025-01-02 19:57:00,C01004,M0245,47.95,0
T4082,2025-01-02 20:02:00,C01530,M0034,6.87,0
T2632,2025-01-02 20:03:00,C00761,M0100,40.26,0
T2894,2025-01-02 20:19:00,C01069,M0235,19.04,0
T141,2025-01-02 20:53:00,C01996,M0051,5.94,0
T89,2025-01-02 20:55:00,C01040,M0262,5.21,0
T3895,2025-01-02 21:08:00,C01497,M0385,39.78,0
T6141,2025-01-02 21:16:00,C01229,M0036,48.97,0
T1113,2025-01-02 21:17:00,C01020,M0030,5.96,0
T1526,2025-01-02 21:19:00,C01047,M0163,4.55,0
T8562,2025-01-02 21:39:00,C01822,M0226,6.05,0
T3587,2025-01-02 21:45:00,C00309,M0272,2.65,0
T27,2025-01-02 21:47:00,C00505,M0301,11.7,0
T8746,2025-01-02 22:03:00,C00834,M0100,10.59,0
T4360,2025-01-02 22:03:00,C01816,M0213,7.88,0
T8157,2025-01-02 22:05:00,C00195,M0055,9.11,0
T4662,2025-01-02 22:15:00,C00337,M0280,21.08,0
T6726,2025-01-02 22:19:00,C01375,M0434,35.7,0
T6070,2025-01-02 22:35:00,C00646,M0370,15.31,0
T3918,2025-01-02 22:40:00,C00185,M0075,15.32,0
T9391,2025-01-02 22:41:00,C00398,M0184,52.7,0
T6278,2025-01-02 22:49:00,C01709,M0145,20.44,0
T9240,2025-01-02 22:50:00,C01889,M0438,8.64,0
T207,2025-01-02 22:51:00,C00329,M0344,20.04,0
T9838,2025-01-02 23:17:00,C01050,M0384,10.35,0
T2597,2025-01-02 23:19:00,C00139,M0132,18.19,0
T5910,2025-01-02 23:21:00,C00569,M0016,4.99,0
T8047,2025-01-02 23:30:00,C00982,M0434,81.95,0
T5023,2025-01-02 23:46:00,C01951,M0152,27.44,0
T265,2025-01-02 23:49:00,C01329,M0446,80.93,0
T3804,2025-01-02 23:51:00,C00780,M0111,42.38,0
T5964,2025-01-03 00:01:00,C01808,M0014,20.73,0
T5906,2025-01-03 00:07:00,C00285,M0215,37.08,0
T9023,2025-01-03 00:09:00,C01739,M0000,43.6,0
T4385,2025-01-03 00:10:00,C01602,M0498,33.07,0
T6815,2025-01-03 00:12:00,C00124,M0470,83.31,0
T6357,2025-01-03 00:15:00,C01192,M0297,9.15,0
T212,2025-01-03 00:31:00,C00258,M0461,11.43,0
T1762,2025-01-03 00:40:00,C01019,M0131,7.84,0
T8965,2025-01-03 01:16:00,C00163,M0053,6.27,0
T5884,2025-01-03 01:22:00,C00811,M0175,10.19,0
T9640,2025-01-03 01:23:00,C01449,M0057,73.8,0
T8162,2025-01-03 01:32:00,C00756,M0486,6.03,0
T1355,2025-01-03 01:43:00,C00840,M0474,94.38,0
T4804,2025-01-03 01:45:00,C01243,M0296,55.72,0
T4089,2025-01-03 01:54:00,C01964,M0336,16.78,0
T5534,2025-01-03 01:54:00,C00039,M0144,12.35,0
T5384,2025-01-03 02:09:00,C00407,M0193,39.2,0
T1491,2025-01-03 02:20:00,C00246,M0147,47.12,0
T372,2025-01-03 02:51:00,C01540,M0385,15.42,0
T7392,2025-01-03 02:52:00,C00233,M0185,86.89,0
T2469,2025-01-03 03:21:00,C00536,M0274,256.55,0
T6073,2025-01-03 03:24:00,C01000,M0147,63.4,0
T6612,2025-01-03 03:29:00,C00969,M0257,22.18,0
T5294,2025-01-03 03:32:00,C00773,M0230,26.99,0
T1600,2025-01-03 03:33:00,C00220,M0216,35.14,0
T6414,2025-01-03 03:54:00,C01738,M0015,29.89,0
T5323,2025-01-03 04:01:00,C01534,M0041,16.43,0
T7219,2025-01-03 04:07:00,C00143,M0323,11.86,0
T5930,2025-01-03 04:39:00,C00269,M0083,14.21,0
T5162,2025-01-03 04:44:00,C01875,M0322,138.71,0
T6422,2025-01-03 04:54:00,C01983,M0389,15.51,0
T5353,2025-01-03 04:58:00,C01991,M0276,65.44,0
T8431,2025-01-03 05:10:00,C00703,M0030,21.83,0
T2314,2025-01-03 05:11:00,C01258,M0234,129.67,0
T8871,2025-01-03 05:16:00,C01143,M0271,22.92,0
T6658,2025-01-03 05:23:00,C00788,M0364,4.4,0
T8985,2025-01-03 05:23:00,C00588,M0158,57.36,0
T6405,2025-01-03 05:45:00,C01212,M0257,28.33,0
T6556,2025-01-03 05:48:00,C00370,M0358,31.02,0
T8331,2025-01-03 05:52:00,C00073,M0270,21.92,0
T3229,2025-01-03 05:56:00,C01832,M0316,18.68,0
T6646,2025-01-03 06:00:00,C00761,M0041,14.45,0
T4608,2025-01-03 06:15:00,C01174,M0429,27.48,0
T8823,2025-01-03 06:18:00,C01842,M0057,27.66,0
T8916,2025-01-03 06:22:00,C01928,M0202,30.86,0
T4770,2025-01-03 06:22:00,C01143,M0110,15.79,0
T476,2025-01-03 06:27:00,C01144,M0437,17.51,0
T3902,2025-01-03 06:33:00,C00896,M0203,13.22,0
T8182,2025-01-03 06:45:00,C00170,M0399,14.68,0
T8279,2025-01-03 06:53:00,C00943,M0115,38.41,0
T6947,2025-01-03 07:17:00,C01354,M0213,60.89,0
T7455,2025-01-03 07:20:00,C00492,M0147,42.48,0
T3074,2025-01-03 07:21:00,C00998,M0178,25.68,0
T6792,2025-01-03 07:26:00,C01708,M0138,142.34,0
T4634,2025-01-03 07:27:00,C01091,M0032,31.65,0
T6025,2025-01-03 07:32:00,C00819,M0470,52.77,0
T405,2025-01-03 07:43:00,C01938,M0014,56.36,0
T9138,2025-01-03 07:46:00,C01693,M0397,27.09,0
T4935,2025-01-03 07:58:00,C01121,M0200,5.21,0
T4698,2025-01-03 08:13:00,C00470,M0341,28.39,0
T466,2025-01-03 08:13:00,C01606,M0118,92.94,0
T7320,2025-01-03 08:25:00,C01384,M0059,13.76,0
T1725,2025-01-03 08:29:00,C01520,M0357,8.28,0
T7253,2025-01-03 08:47:00,C00853,M0059,128.34,0
T8712,2025-01-03 08:52:00,C00485,M0275,112.92,0
T311,2025-01-03 09:00:00,C01655,M0258,12.75,0
T1395,2025-01-03 09:10:00,C01788,M0178,9.23,0
T8102,2025-01-03 09:15:00,C01346,M0283,10.37,0
T284,2025-01-03 09:16:00,C01211,M0059,18.13,0
T7026,2025-01-03 09:23:00,C00502,M0292,24.72,0
T4284,2025-01-03 09:33:00,C00479,M0179,9.07,0
T2569,2025-01-03 09:51:00,C00543,M0076,83.67,0
T6932,2025-01-03 10:11:00,C00020,M0409,6.89,0
T8077,2025-01-03 10:33:00,C00289,M0125,14.73,0
T7002,2025-01-03 10:36:00,C00675,M0370,3.2,0
T7961,2025-01-03 11:03:00,C01336,M0047,22.64,0
T5134,2025-01-03 11:18:00,C01385,M0035,9.2,0
T98,2025-01-03 11:21:00,C00998,M0041,55.23,0
T838,2025-01-03 11:56:00,C01264,M0328,32.07,0
T4226,2025-01-03 12:06:00,C01508,M0230,12.56,0
T9250,2025-01-03 12:21:00,C00135,M0070,11.52,0
T7013,2025-01-03 12:26:00,C00085,M0471,11.61,0
T3282,2025-01-03 12:30:00,C01113,M0065,7.5,0
T2318,2025-01-03 12:31:00,C00676,M0482,12.19,0
T8846,2025-01-03 12:32:00,C01985,M0494,60.42,0
T8377,2025-01-03 12:41:00,C01847,M0306,35.1,0
T3714,2025-01-03 12:42:00,C01412,M0442,39.07,0
T8428,2025-01-03 12:50:00,C01623,M0395,4.76,0
T2018,2025-01-03 12:54:00,C01170,M0164,16.27,0
T6793,2025-01-03 12:59:00,C01500,M0072,49.24,0
T6887,2025-01-03 13:21:00,C00911,M0391,59.38,0
T3773,2025-01-03 13:36:00,C01317,M0376,46.11,0
T586,2025-01-03 13:49:00,C00482,M0032,78.32,0
T1943,2025-01-03 13:52:00,C01322,M0153,21.48,0
T6475,2025-01-03 14:00:00,C01760,M0100,41.24,0
T5174,2025-01-03 14:02:00,C01908,M0470,4.59,0
T1946,2025-01-03 14:06:00,C00619,M0256,7.5,0
T5923,2025-01-03 14:09:00,C01633,M0440,17.53,0
T3090,2025-01-03 14:24:00,C01840,M0250,14.21,0
T9575,2025-01-03 14:27:00,C01146,M0475,6.05,0
T4487,2025-01-03 14:28:00,C00953,M0298,59.09,0
T5329,2025-01-03 14:28:00,C00316,M0496,20.36,0
T163,2025-01-03 14:28:00,C00911,M0157,44.69,0
T7411,2025-01-03 14:29:00,C01999,M0009,13.12,1
T2444,2025-01-03 14:34:00,C01458,M0196,7.62,0
T1013,2025-01-03 14:36:00,C01785,M0267,12.41,0
T3082,2025-01-03 14:40:00,C01091,M0380,13.92,0
T4028,2025-01-03 14:45:00,C01602,M0316,7.45,1
T9861,2025-01-03 14:50:00,C00264,M0165,5.99,0
T8140,2025-01-03 14:51:00,C01840,M0480,57.38,0
T9654,2025-01-03 14:55:00,C00335,M0402,59.42,0
T6203,2025-01-03 14:55:00,C00168,M0107,8.06,0
T8071,2025-01-03 15:02:00,C01667,M0437,42.24,0
T5007,2025-01-03 15:03:00,C00045,M0433,16.84,0
T1049,2025-01-03 15:17:00,C00408,M0297,65.31,0
T863,2025-01-03 15:32:00,C00307,M0067,41.12,0
T3035,2025-01-03 15:48:00,C00720,M0393,27.44,0
T7230,2025-01-03 15:52:00,C00206,M0030,14.46,0
T3860,2025-01-03 15:52:00,C00530,M0251,121.45,0
T8275,2025-01-03 16:05:00,C01766,M0135,12.49,1
T4072,2025-01-03 16:09:00,C00763,M0387,63.56,0
T3589,2025-01-03 16:26:00,C01043,M0397,22.24,0
T7268,2025-01-03 16:40:00,C00880,M0142,39.08,0
T38,2025-01-03 16:50:00,C00892,M0245,8.24,0
T7707,2025-01-03 16:55:00,C01494,M0499,44.89,0
T5732,2025-01-03 17:56:00,C00183,M0268,12.53,0
T5302,2025-01-03 18:09:00,C01438,M0127,15.93,0
T1487,2025-01-03 18:12:00,C01963,M0118,61.53,0
T7814,2025-01-03 18:21:00,C00925,M0429,63.64,0
T8530,2025-01-03 18:25:00,C00636,M0396,19.3,0
T270,2025-01-03 18:27:00,C01951,M0466,3.19,0
T458,2025-01-03 18:40:00,C00444,M0046,24.61,0
T9864,2025-01-03 18:41:00,C00226,M0490,7.84,0
T5027,2025-01-03 18:46:00,C01143,M0170,16.37,1
T6366,2025-01-03 18:51:00,C01428,M0181,62.35,0
T329,2025-01-03 18:54:00,C01768,M0025,18.77,0
T4126,2025-01-03 18:57:00,C00977,M0262,23.1,0
T9441,2025-01-03 18:58:00,C01130,M0350,6.73,0
T973,2025-01-03 18:58:00,C00528,M0171,7.1,0
T9889,2025-01-03 18:59:00,C00792,M0405,21.61,0
T7021,2025-01-03 19:05:00,C00441,M0468,77.86,0
T7360,2025-01-03 19:22:00,C00211,M0115,26.27,0
T5520,2025-01-03 19:22:00,C00043,M0430,44.53,0
T8054,2025-01-03 19:35:00,C00490,M0057,9.11,0
T5517,2025-01-03 19:58:00,C00503,M0007,84.27,0
T1937,2025-01-03 20:34:00,C01278,M0375,23.77,0
T4056,2025-01-03 20:37:00,C00052,M0100,4.18,0
T4683,2025-01-03 20:51:00,C00058,M0389,15.91,0
T8501,2025-01-03 20:54:00,C01198,M0186,26.6,0
T2773,2025-01-03 20:55:00,C00784,M0419,23.84,0
T6462,2025-01-03 20:56:00,C00498,M0322,38.04,0
T6979,2025-01-03 20:57:00,C01522,M0094,11.53,0
T4124,2025-01-03 20:58:00,C00012,M0480,34.23,0
T7496,2025-01-03 21:01:00,C00192,M0389,19.99,0
T9846,2025-01-03 21:10:00,C01531,M0269,15.84,0
T6977,2025-01-03 21:10:00,C01128,M0456,31.02,0
T668,2025-01-03 21:18:00,C00035,M0354,13.42,0
T3965,2025-01-03 21:33:00,C01653,M0284,5.92,0
T3554,2025-01-03 22:13:00,C01237,M0195,6.87,0
T4347,2025-01-03 22:34:00,C00062,M0215,25.44,0
T6090,2025-01-03 22:39:00,C00827,M0024,17.78,0
T9841,2025-01-03 22:39:00,C01239,M0160,13.49,0
T2103,2025-01-03 22:55:00,C01910,M0492,50.89,0
T1237,2025-01-03 23:03:00,C00400,M0359,34.56,0
T5009,2025-01-03 23:38:00,C01694,M0281,3.95,0
T9563,2025-01-03 23:42:00,C00861,M0111,19.79,0
T9765,2025-01-03 23:51:00,C01607,M0028,5.32,0
T6425,2025-01-04 00:01:00,C00311,M0149,48.09,0
T879,2025-01-04 00:04:00,C01784,M0078,27.65,0
T8910,2025-01-04 00:11:00,C01853,M0180,3.03,0
T2072,2025-01-04 00:38:00,C01356,M0042,5.41,0
T6328,2025-01-04 00:48:00,C00505,M0152,39.59,0
T3013,2025-01-04 00:58:00,C01590,M0186,23.49,0
T6856,2025-01-04 00:59:00,C01781,M0330,10.87,0
T8211,2025-01-04 01:01:00,C01908,M0030,55.39,0
T8759,2025-01-04 01:29:00,C00793,M0332,28.89,0
T1171,2025-01-04 01:45:00,C01727,M0488,47.53,0
T3617,2025-01-04 01:46:00,C00570,M0045,7.53,0
T801,2025-01-04 01:52:00,C00778,M0031,17.98,0
T4344,2025-01-04 01:54:00,C01019,M0184,68.14,0
T2165,2025-01-04 01:57:00,C00550,M0356,8.76,0
T4177,2025-01-04 02:18:00,C01765,M0006,12.44,0
T1896,2025-01-04 02:30:00,C00362,M0186,8.65,0
T9429,2025-01-04 02:37:00,C01142,M0083,41.61,0
T9817,2025-01-04 02:42:00,C00827,M0455,74.64,0
T2928,2025-01-04 02:53:00,C00289,M0176,24.1,0
T1410,2025-01-04 02:54:00,C01663,M0244,26.06,0
T246,2025-01-04 02:59:00,C01100,M0393,6.42,1
T9423,2025-01-04 03:07:00,C00781,M0269,12.58,0
T9649,2025-01-04 03:12:00,C00998,M0164,70.5,0
T4598,2025-01-04 03:29:00,C01576,M0403,11.08,0
T8057,2025-01-04 03:32:00,C01876,M0228,43.42,0
T9953,2025-01-04 03:35:00,C00127,M0143,5.29,0
T7419,2025-01-04 03:51:00,C00467,M0011,44.68,0
T5168,2025-01-04 03:52:00,C00105,M0363,24.92,0
T6265,2025-01-04 04:07:00,C00045,M0094,20.87,0
T4927,2025-01-04 04:07:00,C00784,M0222,103.4,0
T8227,2025-01-04 04:21:00,C01131,M0199,46.19,0
T6557,2025-01-04 04:22:00,C01123,M0135,7.23,0
T5979,2025-01-04 04:43:00,C01732,M0355,38.14,0
T445,2025-01-04 04:51:00,C01906,M0428,10.25,0
T9565,2025-01-04 04:51:00,C00060,M0272,5.69,0
T816,2025-01-04 05:01:00,C00669,M0130,6.43,0
T5087,2025-01-04 05:01:00,C01829,M0324,7.47,0
T4605,2025-01-04 05:07:00,C00870,M0251,11.16,0
T837,2025-01-04 05:12:00,C00771,M0334,67.22,0
T5617,2025-01-04 05:13:00,C01547,M0194,7.56,0
T1813,2025-01-04 05:28:00,C01429,M0099,11.29,0
T3044,2025-01-04 05:28:00,C01197,M0375,11.89,0
T8137,2025-01-04 05:35:00,C01946,M0358,6.94,0
T5337,2025-01-04 05:55:00,C00524,M0058,15.63,0
T8921,2025-01-04 05:57:00,C01617,M0387,37.75,0
T5261,2025-01-04 06:06:00,C01469,M0331,6.92,0
T9829,2025-01-04 06:15:00,C00999,M0486,6.06,0
T8005,2025-01-04 06:20:00,C00730,M0136,54.08,0
T1780,2025-01-04 06:23:00,C01596,M0286,16.11,0
T9584,2025-01-04 06:45:00,C00533,M0438,26.14,0
T9289,2025-01-04 06:45:00,C01756,M0310,14.74,0
T584,2025-01-04 07:08:00,C00727,M0013,47.3,0
T1090,2025-01-04 07:17:00,C01231,M0351,42.75,0
T5915,2025-01-04 07:18:00,C00497,M0161,6.66,0
T1967,2025-01-04 07:20:00,C01860,M0196,46.42,0
T6796,2025-01-04 07:23:00,C01796,M0492,58.55,0
T4966,2025-01-04 07:25:00,C00767,M0232,4.21,0
T8214,2025-01-04 07:42:00,C01387,M0211,101.32,0
T7953,2025-01-04 07:52:00,C01126,M0231,9.61,0
T2295,2025-01-04 07:58:00,C01481,M0314,2.85,0
T693,2025-01-04 08:09:00,C00444,M0127,12.62,0
T6468,2025-01-04 08:23:00,C01171,M0176,37.75,0
T5123,2025-01-04 08:27:00,C01178,M0323,29.81,0
T638,2025-01-04 08:35:00,C00234,M0292,21.37,0
T5581,2025-01-04 08:37:00,C00973,M0449,86.83,0
T1263,2025-01-04 08:53:00,C01274,M0167,41.44,0
T7768,2025-01-04 09:26:00,C01032,M0033,28.48,0
T4455,2025-01-04 09:26:00,C01070,M0396,69.96,0
T2143,2025-01-04 09:35:00,C01872,M0240,25.93,0
T6263,2025-01-04 09:37:00,C01323,M0097,13.03,0
T5260,2025-01-04 10:02:00,C00395,M0380,46.17,0
T9066,2025-01-04 10:02:00,C00121,M0446,21.04,0
T6134,2025-01-04 10:02:00,C00369,M0131,54.19,0
T8058,2025-01-04 10:04:00,C01835,M0395,30.76,0
T5301,2025-01-04 10:06:00,C00266,M0394,50.26,0
T8818,2025-01-04 10:24:00,C00564,M0164,21.37,0
T9126,2025-01-04 10:27:00,C00510,M0048,4.05,0
T6904,2025-01-04 10:31:00,C01967,M0208,66.89,0
T3779,2025-01-04 10:36:00,C00613,M0293,14.43,0
T3749,2025-01-04 10:47:00,C00005,M0307,25.74,0
T3987,2025-01-04 11:06:00,C01216,M0135,4.69,0
T4920,2025-01-04 11:12:00,C01306,M0153,47.57,0
T6603,2025-01-04 11:14:00,C01235,M0203,26.21,0
T4346,2025-01-04 11:14:00,C01284,M0363,8.1,0
T4621,2025-01-04 11:41:00,C00589,M0441,21.26,0
T6033,2025-01-04 11:53:00,C01369,M0013,13.82,0
T5685,2025-01-04 11:57:00,C01911,M0434,9.87,0
T4136,2025-01-04 11:59:00,C00013,M0394,32.42,0
T7909,2025-01-04 12:17:00,C00663,M0297,28.07,0
T5463,2025-01-04 12:20:00,C00680,M0242,95.6,0
T8619,2025-01-04 12:22:00,C01988,M0490,20.75,0
T2916,2025-01-04 12:35:00,C00446,M0006,4.8,0
T7500,2025-01-04 12:37:00,C01946,M0378,20.05,0
T1556,2025-01-04 12:44:00,C00609,M0062,37.24,0
T4209,2025-01-04 13:03:00,C01167,M0302,110.9,0
T2596,2025-01-04 13:05:00,C00647,M0068,30.21,0
T1659,2025-01-04 13:09:00,C00207,M0362,235.45,0
T2491,2025-01-04 13:10:00,C01963,M0261,10.0,0
T819,2025-01-04 13:22:00,C01674,M0064,30.87,0
T4316,2025-01-04 13:26:00,C00915,M0191,2.98,0
T818,2025-01-04 13:26:00,C01897,M0279,75.15,0
T3893,2025-01-04 13:41:00,C00800,M0410,122.51,0
T8269,2025-01-04 13:41:00,C00483,M0097,71.02,1
T7549,2025-01-04 13:47:00,C00730,M0390,100.31,0
T8510,2025-01-04 13:53:00,C01431,M0000,34.46,0
T9614,2025-01-04 14:07:00,C00339,M0492,7.25,0
T7917,2025-01-04 14:28:00,C00287,M0396,13.51,0
T8908,2025-01-04 14:30:00,C01002,M0223,11.56,0
T9442,2025-01-04 14:32:00,C00038,M0433,79.54,0
T5425,2025-01-04 14:37:00,C01191,M0179,27.94,0
T9907,2025-01-04 14:46:00,C00919,M0389,13.34,0
T5702,2025-01-04 14:49:00,C01277,M0422,49.08,0
T4610,2025-01-04 14:53:00,C01790,M0355,41.46,0
T4565,2025-01-04 15:12:00,C00790,M0138,8.72,0
T401,2025-01-04 15:17:00,C01276,M0435,27.92,0
T795,2025-01-04 15:20:00,C01118,M0193,28.19,0
T9827,2025-01-04 15:21:00,C00041,M0318,159.58,1
T5440,2025-01-04 15:27:00,C00925,M0475,4.85,0
T2110,2025-01-04 15:29:00,C01490,M0139,7.33,0
T91,2025-01-04 15:38:00,C00225,M0493,9.76,0
T6377,2025-01-04 15:49:00,C01286,M0411,13.73,0
T4153,2025-01-04 16:03:00,C00494,M0120,47.18,0
T918,2025-01-04 16:07:00,C01854,M0364,8.07,0
T9204,2025-01-04 16:15:00,C01208,M0386,7.37,0
T18,2025-01-04 16:31:00,C00688,M0017,17.62,0
T5126,2025-01-04 16:33:00,C00626,M0160,74.84,0
T8773,2025-01-04 16:42:00,C01706,M0275,31.57,0
T2630,2025-01-04 17:07:00,C01189,M0105,13.17,0
T3515,2025-01-04 17:15:00,C00519,M0260,20.64,0
T5086,2025-01-04 17:28:00,C00103,M0173,3.42,0
T9166,2025-01-04 17:47:00,C01345,M0262,7.35,0
T983,2025-01-04 18:08:00,C00096,M0130,5.68,0
T8600,2025-01-04 18:09:00,C01107,M0272,17.48,0
T3022,2025-01-04 18:10:00,C01964,M0175,48.27,0
T938,2025-01-04 18:15:00,C00762,M0309,53.37,0
T7690,2025-01-04 18:19:00,C01189,M0472,20.24,0
T7988,2025-01-04 18:24:00,C01960,M0109,22.02,0
T8742,2025-01-04 18:35:00,C01854,M0357,77.3,0
T2356,2025-01-04 18:39:00,C00790,M0046,26.0,0
T3705,2025-01-04 18:51:00,C00996,M0457,10.12,0
T5050,2025-01-04 18:54:00,C01784,M0009,12.94,0
T3042,2025-01-04 19:03:00,C00307,M0408,26.13,0
T2543,2025-01-04 19:09:00,C00112,M0194,27.36,0
T7155,2025-01-04 19:10:00,C00482,M0464,35.47,0
T3039,2025-01-04 19:22:00,C01723,M0226,29.8,0
T532,2025-01-04 19:26:00,C01391,M0118,17.26,0
T7196,2025-01-04 19:35:00,C00626,M0153,132.07,0
T3235,2025-01-04 19:38:00,C00155,M0174,41.51,0
T6599,2025-01-04 19:39:00,C00957,M0353,29.23,0
T5778,2025-01-04 19:55:00,C01678,M0354,21.32,0
T4262,2025-01-04 20:00:00,C01227,M0019,5.23,0
T6391,2025-01-04 20:09:00,C01732,M0236,11.21,0
T162,2025-01-04 20:10:00,C00265,M0324,119.65,0
T8369,2025-01-04 20:14:00,C00256,M0058,78.46,0
T253,2025-01-04 20:19:00,C00623,M0211,28.32,0
T2281,2025-01-04 20:22:00,C01986,M0274,31.14,0
T5409,2025-01-04 20:23:00,C00609,M0246,6.51,1
T7801,2025-01-04 20:24:00,C01806,M0243,11.67,1
T759,2025-01-04 20:49:00,C01972,M0398,28.44,0
T3482,2025-01-04 20:51:00,C00875,M0187,37.58,0
T5444,2025-01-04 20:53:00,C01314,M0011,31.05,0
T8752,2025-01-04 20:54:00,C00813,M0426,2.84,0
T7507,2025-01-04 20:57:00,C01364,M0290,43.29,0
T6262,2025-01-04 21:03:00,C01868,M0087,40.16,0
T6098,2025-01-04 21:06:00,C01327,M0079,37.25,0
T5538,2025-01-04 21:14:00,C00998,M0113,3.53,0
T6201,2025-01-04 21:16:00,C00358,M0003,12.01,0
T294,2025-01-04 21:20:00,C00606,M0071,6.53,1
T5731,2025-01-04 21:26:00,C01086,M0147,25.9,0
T8229,2025-01-04 21:29:00,C00915,M0430,37.08,0
T4296,2025-01-04 21:38:00,C00628,M0413,14.37,0
T5966,2025-01-04 21:42:00,C01877,M0158,16.33,0
T8668,2025-01-04 21:42:00,C01230,M0010,7.29,0
T1614,2025-01-04 21:46:00,C00668,M0457,4.79,0
T6889,2025-01-04 21:49:00,C00517,M0457,56.46,0
T6813,2025-01-04 21:56:00,C00347,M0005,4.3,0
T1643,2025-01-04 22:15:00,C01732,M0106,27.26,0
T2191,2025-01-04 22:16:00,C01621,M0104,10.97,0
T7255,2025-01-04 22:26:00,C00661,M0138,2.41,0
T4184,2025-01-04 22:28:00,C01029,M0074,5.89,0
T5234,2025-01-04 22:55:00,C00758,M0116,9.32,0
T4937,2025-01-04 22:58:00,C01932,M0008,7.8,0
T1926,2025-01-04 23:04:00,C01283,M0080,41.07,0
T650,2025-01-04 23:13:00,C00412,M0081,10.54,0
T3754,2025-01-04 23:22:00,C01456,M0396,25.62,0
T5891,2025-01-04 23:30:00,C01766,M0018,2.93,0
T4557,2025-01-04 23:41:00,C00568,M0195,8.66,0
T3189,2025-01-04 23:44:00,C01483,M0460,5.74,0
T4650,2025-01-04 23:50:00,C00375,M0137,22.0,0
T8717,2025-01-04 23:52:00,C00066,M0166,38.17,0
T2714,2025-01-05 00:14:00,C01160,M0023,58.36,0
T1631,2025-01-05 00:16:00,C00730,M0140,24.99,0
T2150,2025-01-05 00:22:00,C00332,M0321,8.85,0
T3481,2025-01-05 00:33:00,C00698,M0142,1.4,0
T7923,2025-01-05 00:36:00,C01041,M0202,77.23,0
T6432,2025-01-05 00:41:00,C00475,M0406,41.76,0
T341,2025-01-05 00:41:00,C01093,M0030,15.07,0
T6817,2025-01-05 00:52:00,C01294,M0227,37.49,0
T9447,2025-01-05 01:09:00,C00942,M0059,18.6,0
T3503,2025-01-05 01:22:00,C00564,M0039,92.54,0
T3346,2025-01-05 01:25:00,C01577,M0237,36.82,0
T5658,2025-01-05 01:47:00,C00301,M0311,11.77,0
T5258,2025-01-05 01:57:00,C01497,M0304,28.39,0
T287,2025-01-05 02:15:00,C01859,M0270,9.52,0
T5024,2025-01-05 02:18:00,C00955,M0413,9.52,0
T9759,2025-01-05 02:19:00,C00653,M0219,1.67,0
T2197,2025-01-05 02:21:00,C00107,M0003,32.86,0
T2784,2025-01-05 02:26:00,C01144,M0060,8.18,0
T9272,2025-01-05 02:32:00,C00990,M0119,40.56,0
T9999,2025-01-05 02:34:00,C00227,M0260,76.5,0
T2455,2025-01-05 02:46:00,C01526,M0079,1.99,0
T3665,2025-01-05 02:59:00,C01827,M0451,6.84,0
T393,2025-01-05 03:09:00,C01063,M0122,8.91,0
T941,2025-01-05 03:11:00,C01975,M0274,2.36,0
T8032,2025-01-05 03:32:00,C01048,M0208,11.47,0
T5924,2025-01-05 03:34:00,C00042,M0365,62.79,0
T2382,2025-01-05 03:38:00,C01116,M0246,4.0,0
T8089,2025-01-05 03:53:00,C01400,M0131,49.01,0
T2529,2025-01-05 03:57:00,C01412,M0046,6.38,0
T6022,2025-01-05 04:08:00,C01134,M0126,8.76,0
T1997,2025-01-05 04:12:00,C01289,M0135,5.99,0
T3121,2025-01-05 04:31:00,C00228,M0166,9.14,0
T7682,2025-01-05 04:41:00,C01000,M0370,127.1,0
T6226,2025-01-05 04:54:00,C00871,M0281,0.77,0
T7601,2025-01-05 05:13:00,C00332,M0175,65.79,0
T5031,2025-01-05 05:18:00,C01300,M0357,18.14,0
T6322,2025-01-05 05:20:00,C01445,M0364,5.53,0
T9769,2025-01-05 05:23:00,C00668,M0211,33.95,0
T5715,2025-01-05 05:29:00,C00835,M0346,23.51,0
T769,2025-01-05 05:30:00,C01864,M0309,15.43,0
T318,2025-01-05 05:42:00,C00883,M0198,6.67,0
T7171,2025-01-05 06:10:00,C01428,M0029,7.1,0
T5443,2025-01-05 06:15:00,C01766,M0424,19.26,0
T3323,2025-01-05 06:22:00,C01583,M0039,3.5,0
T1170,2025-01-05 06:30:00,C01718,M0313,3.07,0
T1672,2025-01-05 06:34:00,C01004,M0091,5.7,0
T3606,2025-01-05 06:35:00,C01156,M0134,32.83,0
T839,2025-01-05 06:48:00,C01676,M0046,5.09,0
T2319,2025-01-05 06:52:00,C00588,M0443,6.82,0
T6003,2025-01-05 07:11:00,C01873,M0339,88.71,0
T6131,2025-01-05 07:41:00,C00858,M0364,22.19,0
T834,2025-01-05 07:49:00,C00641,M0425,28.9,0
T764,2025-01-05 08:14:00,C00298,M0397,34.64,0
T8693,2025-01-05 08:16:00,C00133,M0293,10.44,0
T2545,2025-01-05 08:16:00,C00361,M0067,132.83,0
T4,2025-01-05 08:25:00,C00207,M0211,59.0,0
T8397,2025-01-05 08:33:00,C00747,M0097,123.65,0
T1837,2025-01-05 08:36:00,C00178,M0195,40.5,0
T247,2025-01-05 08:55:00,C01741,M0373,16.31,0
T2663,2025-01-05 09:04:00,C01723,M0237,28.46,0
T4958,2025-01-05 09:05:00,C01038,M0370,8.41,0
T3217,2025-01-05 09:44:00,C00823,M0303,14.81,0
T5312,2025-01-05 10:04:00,C01059,M0157,57.37,0
T1698,2025-01-05 10:08:00,C00448,M0118,16.82,0
T844,2025-01-05 10:11:00,C00127,M0145,11.56,0
T8622,2025-01-05 10:12:00,C00187,M0422,15.38,0
T7146,2025-01-05 10:18:00,C00706,M0457,10.4,0
T2574,2025-01-05 10:37:00,C01896,M0148,18.18,0
T2247,2025-01-05 10:46:00,C00012,M0144,87.09,0
T2844,2025-01-05 10:56:00,C01340,M0360,13.65,0
T2022,2025-01-05 11:21:00,C00485,M0301,8.86,0
T6598,2025-01-05 11:27:00,C00347,M0354,77.35,0
T9276,2025-01-05 11:29:00,C00839,M0342,12.98,0
T6219,2025-01-05 11:29:00,C01916,M0053,26.36,0
T8975,2025-01-05 11:38:00,C00037,M0001,40.82,0
T6348,2025-01-05 11:44:00,C01987,M0225,33.19,0
T895,2025-01-05 11:49:00,C01215,M0222,6.29,1
T5801,2025-01-05 11:50:00,C00384,M0277,30.63,0
T1962,2025-01-05 11:51:00,C01334,M0292,3.95,0
T9371,2025-01-05 11:55:00,C01954,M0086,83.5,0
T4370,2025-01-05 11:56:00,C01080,M0077,5.69,0
T4964,2025-01-05 12:31:00,C01264,M0041,54.07,0
T7158,2025-01-05 12:43:00,C01597,M0349,10.03,0
T2767,2025-01-05 12:50:00,C00783,M0269,10.65,0
T5703,2025-01-05 12:53:00,C01498,M0404,22.57,0
T9431,2025-01-05 12:53:00,C00314,M0070,36.1,0
T1589,2025-01-05 13:00:00,C01042,M0043,6.4,0
T2277,2025-01-05 13:08:00,C00831,M0033,25.9,0
T1884,2025-01-05 13:30:00,C00549,M0282,36.07,0
T2981,2025-01-05 13:41:00,C01190,M0183,27.47,0
T4743,2025-01-05 13:47:00,C01060,M0057,49.83,0
T2662,2025-01-05 13:48:00,C01251,M0132,33.2,1
T4975,2025-01-05 13:49:00,C01888,M0261,12.54,0
T9806,2025-01-05 14:10:00,C01689,M0413,134.89,0
T3850,2025-01-05 14:14:00,C00187,M0416,9.23,0
T2774,2025-01-05 14:29:00,C01191,M0279,21.68,0
T5480,2025-01-05 14:38:00,C01826,M0172,14.72,0
T1883,2025-01-05 14:38:00,C01827,M0278,21.54,0
T1361,2025-01-05 14:40:00,C00094,M0086,214.16,0
T2519,2025-01-05 14:43:00,C01404,M0303,29.94,0
T4532,2025-01-05 14:44:00,C00079,M0352,29.21,0
T1124,2025-01-05 14:45:00,C01057,M0349,22.52,0
T351,2025-01-05 14:55:00,C00187,M0475,31.39,0
T2753,2025-01-05 15:50:00,C01707,M0195,30.57,0
T3011,2025-01-05 15:56:00,C00954,M0419,6.75,0
T2184,2025-01-05 16:01:00,C00979,M0455,3.88,0
T6758,2025-01-05 16:07:00,C00683,M0264,26.97,0
T1340,2025-01-05 16:17:00,C00459,M0289,29.95,0
T7199,2025-01-05 16:23:00,C00274,M0094,4.76,0
T7846,2025-01-05 16:29:00,C00820,M0224,13.9,0
T9017,2025-01-05 16:52:00,C01529,M0006,20.1,0
T5952,2025-01-05 16:52:00,C01442,M0319,42.98,0
T157,2025-01-05 16:56:00,C00088,M0476,14.74,0
T9990,2025-01-05 17:00:00,C00299,M0288,9.27,0
T5222,2025-01-05 17:02:00,C01857,M0324,8.33,0
T1080,2025-01-05 17:03:00,C00341,M0111,52.43,0
T7795,2025-01-05 17:09:00,C00860,M0381,59.19,0
T9118,2025-01-05 17:11:00,C00792,M0297,20.26,0
T7844,2025-01-05 17:14:00,C01447,M0437,20.74,0
T3027,2025-01-05 17:16:00,C01290,M0199,10.38,0
T547,2025-01-05 17:21:00,C00696,M0219,4.04,0
T9879,2025-01-05 17:26:00,C01631,M0004,25.17,0
T2938,2025-01-05 17:36:00,C01381,M0288,92.18,0
T2722,2025-01-05 17:43:00,C00579,M0229,38.57,0
T5546,2025-01-05 17:48:00,C01763,M0198,6.57,0
T8890,2025-01-05 18:09:00,C00829,M0265,16.01,0
T2742,2025-01-05 18:12:00,C00216,M0396,19.53,0
T8977,2025-01-05 18:13:00,C01591,M0393,11.99,0
T4445,2025-01-05 18:19:00,C01009,M0110,16.19,0
T8654,2025-01-05 18:21:00,C00376,M0295,48.93,0
T7749,2025-01-05 18:22:00,C00969,M0265,2.85,0
T5876,2025-01-05 18:29:00,C00519,M0276,91.73,0
T281,2025-01-05 18:53:00,C01206,M0273,21.23,0
T8443,2025-01-05 18:55:00,C01499,M0160,19.42,0
T4777,2025-01-05 19:01:00,C01629,M0188,8.84,1
T120,2025-01-05 19:10:00,C00885,M0307,31.71,0
T2376,2025-01-05 19:10:00,C01729,M0466,14.6,0
T6394,2025-01-05 19:37:00,C00915,M0297,11.01,0
T739,2025-01-05 19:41:00,C01756,M0441,25.14,0
T736,2025-01-05 19:49:00,C00189,M0375,101.55,0
T1299,2025-01-05 20:00:00,C00898,M0113,53.43,0
T4252,2025-01-05 20:08:00,C01188,M0208,17.47,0
T671,2025-01-05 20:10:00,C00881,M0307,50.41,0
T2760,2025-01-05 20:11:00,C01948,M0342,11.11,0
T2369,2025-01-05 20:19:00,C00761,M0322,17.87,0
T6935,2025-01-05 20:37:00,C00244,M0411,189.48,0
T3651,2025-01-05 20:46:00,C00278,M0225,14.39,0
T5620,2025-01-05 20:48:00,C00108,M0346,18.13,0
T3456,2025-01-05 20:56:00,C00217,M0212,22.51,0
T8662,2025-01-05 21:45:00,C01010,M0357,36.53,0
T3192,2025-01-05 21:49:00,C00521,M0374,45.72,0
T1194,2025-01-05 22:03:00,C01828,M0003,24.93,0
T9081,2025-01-05 22:06:00,C00016,M0049,7.47,1
T2329,2025-01-05 22:19:00,C00565,M0111,287.15,0
T623,2025-01-05 22:34:00,C00982,M0003,40.11,0
T5545,2025-01-05 22:50:00,C00279,M0046,283.98,0
T5365,2025-01-05 22:55:00,C00335,M0365,34.92,0
T1999,2025-01-05 23:11:00,C01515,M0378,17.21,0
T7342,2025-01-05 23:30:00,C00689,M0479,87.42,0
T5446,2025-01-05 23:49:00,C01184,M0487,15.32,0
T3430,2025-01-05 23:50:00,C00302,M0197,3.61,0
T7117,2025-01-05 23:54:00,C01282,M0107,5.18,0
T5704,2025-01-06 00:11:00,C00846,M0438,22.57,0
T8497,2025-01-06 00:13:00,C00510,M0360,6.43,0
T3890,2025-01-06 00:14:00,C01626,M0405,12.25,0
T9248,2025-01-06 00:19:00,C01332,M0097,62.66,0
T2046,2025-01-06 00:27:00,C01945,M0278,100.81,0
T8688,2025-01-06 00:33:00,C01662,M0036,65.43,0
T5841,2025-01-06 00:35:00,C00428,M0442,6.9,0
T2752,2025-01-06 00:39:00,C00434,M0257,21.63,0
T709,2025-01-06 00:39:00,C00684,M0038,31.16,0
T8621,2025-01-06 00:44:00,C00006,M0307,25.06,0
T3926,2025-01-06 01:03:00,C00212,M0192,93.92,0
T7667,2025-01-06 01:05:00,C00496,M0069,8.06,0
T1461,2025-01-06 01:27:00,C01940,M0282,75.87,0
T3378,2025-01-06 01:35:00,C01124,M0060,11.46,0
T4200,2025-01-06 01:36:00,C01645,M0224,28.08,0
T9150,2025-01-06 01:50:00,C00395,M0411,40.42,0
T1504,2025-01-06 01:54:00,C00820,M0407,8.58,0
T9822,2025-01-06 02:18:00,C01026,M0059,10.04,0
T2664,2025-01-06 02:25:00,C01848,M0014,21.26,0
T5005,2025-01-06 02:27:00,C00855,M0142,5.78,0
T5989,2025-01-06 02:29:00,C01192,M0187,17.19,0
T4191,2025-01-06 02:32:00,C00394,M0183,6.1,0
T5681,2025-01-06 02:34:00,C00068,M0026,99.8,1
T498,2025-01-06 02:37:00,C01741,M0076,39.15,0
T7134,2025-01-06 02:47:00,C00796,M0215,7.07,0
T2974,2025-01-06 02:48:00,C00451,M0357,125.91,0
T5693,2025-01-06 02:50:00,C01297,M0369,12.77,0
T5539,2025-01-06 02:51:00,C01555,M0062,15.19,0
T8200,2025-01-06 02:53:00,C00493,M0381,36.23,0
T6449,2025-01-06 03:02:00,C00993,M0258,52.16,0
T184,2025-01-06 03:12:00,C00768,M0305,32.89,0
T241,2025-01-06 03:20:00,C01746,M0206,30.99,0
T3851,2025-01-06 03:35:00,C01214,M0335,49.47,0
T2070,2025-01-06 03:41:00,C00762,M0229,17.99,0
T1615,2025-01-06 03:44:00,C00499,M0101,148.67,0
T7250,2025-01-06 03:55:00,C00049,M0467,13.27,0
T9406,2025-01-06 03:56:00,C01241,M0247,21.74,0
T9288,2025-01-06 04:06:00,C01972,M0060,7.58,0
T5426,2025-01-06 04:12:00,C01432,M0116,15.13,0
T3139,2025-01-06 04:21:00,C00208,M0373,17.93,0
T6295,2025-01-06 04:25:00,C01129,M0372,60.68,0
T4456,2025-01-06 04:45:00,C01614,M0235,3.44,0
T6605,2025-01-06 04:49:00,C01944,M0370,67.24,0
T8310,2025-01-06 04:50:00,C00057,M0472,4.41,0
T1562,2025-01-06 04:51:00,C00422,M0088,7.71,0
T5531,2025-01-06 04:53:00,C00597,M0337,11.86,0
T2673,2025-01-06 05:21:00,C01621,M0377,35.14,0
T9555,2025-01-06 05:23:00,C01024,M0373,7.79,0
T8008,2025-01-06 05:26:00,C00144,M0080,4.59,0
T2603,2025-01-06 05:31:00,C01846,M0409,61.29,0
T6038,2025-01-06 05:33:00,C00717,M0239,17.8,0
T482,2025-01-06 05:43:00,C01137,M0219,23.24,0
T840,2025-01-06 06:01:00,C00739,M0336,15.45,0
T1365,2025-01-06 06:04:00,C00352,M0160,49.59,0
T5092,2025-01-06 06:06:00,C00457,M0152,35.91,0
T3196,2025-01-06 06:37:00,C00895,M0084,6.13,0
T6068,2025-01-06 06:41:00,C01958,M0478,79.56,0
T7834,2025-01-06 06:50:00,C01265,M0064,14.82,0
T4154,2025-01-06 06:50:00,C00416,M0443,15.78,0
T9028,2025-01-06 06:52:00,C00926,M0107,44.29,0
T8206,2025-01-06 07:22:00,C00649,M0452,19.83,0
T1452,2025-01-06 07:37:00,C01389,M0405,59.7,0
T3643,2025-01-06 07:39:00,C00815,M0233,20.36,0
T4115,2025-01-06 07:54:00,C01630,M0133,9.84,1
T3290,2025-01-06 08:04:00,C00371,M0048,22.09,0
T9361,2025-01-06 08:09:00,C00983,M0181,44.15,0
T5455,2025-01-06 08:17:00,C01317,M0105,37.15,0
T2606,2025-01-06 08:30:00,C00269,M0278,20.87,0
T2605,2025-01-06 08:56:00,C00439,M0361,23.55,0
T2341,2025-01-06 09:48:00,C00231,M0445,13.09,0
T5718,2025-01-06 09:57:00,C01592,M0201,41.12,0
T400,2025-01-06 10:05:00,C01420,M0206,103.14,0
T3815,2025-01-06 10:12:00,C00555,M0285,28.82,0
T1580,2025-01-06 10:13:00,C01100,M0109,27.99,0
T8787,2025-01-06 10:33:00,C00678,M0471,74.73,1
T7080,2025-01-06 10:37:00,C00411,M0368,20.34,0
T4025,2025-01-06 10:46:00,C01580,M0325,12.81,0
T8178,2025-01-06 10:47:00,C00278,M0127,6.87,0
T9090,2025-01-06 10:48:00,C00957,M0373,25.33,0
T2970,2025-01-06 10:51:00,C01274,M0146,11.32,0
T6522,2025-01-06 10:53:00,C01211,M0234,8.62,0
T7774,2025-01-06 10:56:00,C01416,M0142,45.46,0
T7186,2025-01-06 10:57:00,C00157,M0051,28.44,0
T6700,2025-01-06 11:08:00,C00670,M0086,60.57,0
T8602,2025-01-06 11:09:00,C01108,M0465,39.49,0
T2626,2025-01-06 11:36:00,C00292,M0443,46.02,0
T8411,2025-01-06 11:43:00,C01740,M0043,13.29,0
T1458,2025-01-06 11:46:00,C01359,M0209,11.03,0
T8015,2025-01-06 11:50:00,C00865,M0444,62.94,0
T2641,2025-01-06 12:07:00,C01931,M0253,21.51,0
T9544,2025-01-06 12:08:00,C01668,M0199,17.65,0
T5711,2025-01-06 12:13:00,C00278,M0337,10.9,0
T9533,2025-01-06 12:19:00,C00019,M0201,9.61,0
T6218,2025-01-06 12:31:00,C00436,M0282,3.85,0
T7952,2025-01-06 12:37:00,C00622,M0421,17.8,0
T7881,2025-01-06 12:41:00,C01282,M0153,19.47,0
T2215,2025-01-06 12:47:00,C01762,M0379,64.12,0
T9893,2025-01-06 12:53:00,C00404,M0335,12.61,0
T6023,2025-01-06 13:07:00,C00691,M0029,44.57,0
T2586,2025-01-06 13:19:00,C01786,M0333,7.45,0
T4946,2025-01-06 13:22:00,C00022,M0213,7.41,0
T2803,2025-01-06 13:24:00,C01618,M0270,40.71,0
T942,2025-01-06 13:27:00,C01128,M0182,18.47,0
T3331,2025-01-06 13:36:00,C00483,M0208,20.34,0
T3566,2025-01-06 13:36:00,C00425,M0164,69.93,0
T4168,2025-01-06 13:44:00,C01008,M0375,19.2,0
T4386,2025-01-06 13:46:00,C00089,M0310,38.59,0
T3210,2025-01-06 13:56:00,C00427,M0007,20.03,0
T7181,2025-01-06 14:21:00,C01744,M0202,12.09,0
T3377,2025-01-06 14:28:00,C00247,M0342,5.83,0
T1076,2025-01-06 14:30:00,C00445,M0122,135.33,0
T8457,2025-01-06 14:31:00,C01298,M0483,15.02,0
T8966,2025-01-06 14:37:00,C01548,M0365,52.31,0
T9713,2025-01-06 14:40:00,C01220,M0211,11.09,0
T115,2025-01-06 15:10:00,C00316,M0324,9.72,0
T7926,2025-01-06 15:23:00,C00758,M0489,14.9,0
T1922,2025-01-06 15:25:00,C01066,M0114,26.35,0
T222,2025-01-06 15:55:00,C01187,M0122,27.44,0
T3741,2025-01-06 15:55:00,C01319,M0231,13.35,0
T7188,2025-01-06 16:17:00,C01024,M0468,52.52,0
T2874,2025-01-06 16:19:00,C01049,M0080,5.26,0
T3726,2025-01-06 16:39:00,C00475,M0072,7.52,0
T4548,2025-01-06 16:50:00,C01330,M0145,23.45,0
T3064,2025-01-06 16:50:00,C01175,M0419,9.49,0
T7927,2025-01-06 17:02:00,C01271,M0267,15.01,0
T3440,2025-01-06 17:24:00,C00220,M0392,23.04,0
T2945,2025-01-06 17:39:00,C00825,M0087,15.87,0
T4782,2025-01-06 17:43:00,C01766,M0472,8.14,0
T3821,2025-01-06 17:55:00,C00801,M0200,7.0,0
T5225,2025-01-06 18:27:00,C00992,M0488,20.91,0
T392,2025-01-06 18:28:00,C00430,M0219,38.16,0
T8117,2025-01-06 18:34:00,C01546,M0470,22.35,0
T6379,2025-01-06 18:40:00,C01669,M0258,2.86,0
T4287,2025-01-06 18:48:00,C00915,M0264,12.18,0
T2570,2025-01-06 18:49:00,C00230,M0376,39.53,0
T533,2025-01-06 18:55:00,C01718,M0342,10.43,0
T5720,2025-01-06 19:06:00,C01430,M0178,22.3,0
T103,2025-01-06 19:52:00,C00918,M0454,26.83,0
T7406,2025-01-06 19:59:00,C01140,M0037,19.78,0
T665,2025-01-06 20:15:00,C01910,M0350,14.96,0
T6891,2025-01-06 20:17:00,C01848,M0342,61.64,0
T7240,2025-01-06 20:18:00,C01119,M0243,19.49,0
T8676,2025-01-06 20:19:00,C01791,M0029,3.55,0
T6711,2025-01-06 20:33:00,C00618,M0179,24.63,0
T2800,2025-01-06 20:38:00,C00717,M0217,30.69,0
T6825,2025-01-06 20:46:00,C00502,M0121,13.69,0
T2902,2025-01-06 21:12:00,C01982,M0439,6.38,0
T8743,2025-01-06 21:33:00,C00878,M0351,15.54,0
T920,2025-01-06 21:52:00,C01342,M0409,27.94,0
T6663,2025-01-06 22:01:00,C01118,M0386,11.05,0
T5786,2025-01-06 22:11:00,C01168,M0337,16.66,1
T8394,2025-01-06 22:16:00,C01963,M0357,98.94,0
T3234,2025-01-06 22:36:00,C00083,M0070,22.75,0
T933,2025-01-06 22:47:00,C01347,M0151,19.28,0
T80,2025-01-06 22:51:00,C00392,M0370,10.28,0
T8875,2025-01-06 22:52:00,C01933,M0213,76.14,0
T1075,2025-01-06 22:57:00,C01540,M0260,53.9,0
T8469,2025-01-06 23:13:00,C00074,M0263,7.6,0
T4778,2025-01-06 23:17:00,C00393,M0363,4.56,0
T3389,2025-01-06 23:25:00,C00579,M0065,8.41,0
T6961,2025-01-06 23:25:00,C01887,M0169,9.71,0
T7182,2025-01-06 23:29:00,C00759,M0225,12.33,0
T5395,2025-01-06 23:55:00,C00587,M0422,15.61,0
T4294,2025-01-07 00:00:00,C00289,M0351,14.14,0
T6743,2025-01-07 00:06:00,C01859,M0354,72.44,0
T1077,2025-01-07 00:26:00,C01732,M0230,13.31,0
T215,2025-01-07 00:40:00,C00142,M0183,14.15,0
T677,2025-01-07 01:02:00,C00467,M0330,14.76,0
T1182,2025-01-07 01:05:00,C01606,M0312,13.07,0
T2448,2025-01-07 01:06:00,C01189,M0287,35.06,0
T3723,2025-01-07 01:11:00,C01198,M0339,9.94,0
T1634,2025-01-07 01:11:00,C01331,M0088,4.65,0
T1656,2025-01-07 01:12:00,C00004,M0184,3.42,0
T3906,2025-01-07 01:12:00,C00064,M0132,6.41,0
T347,2025-01-07 01:16:00,C00455,M0440,14.5,0
T810,2025-01-07 01:17:00,C01219,M0300,44.22,0
T7088,2025-01-07 01:20:00,C01604,M0434,13.93,0
T7740,2025-01-07 01:33:00,C01446,M0334,22.08,0
T6640,2025-01-07 01:38:00,C01962,M0220,70.68,0
T9181,2025-01-07 01:49:00,C01549,M0341,8.52,0
T3182,2025-01-07 02:07:00,C01645,M0163,23.3,0
T2997,2025-01-07 02:10:00,C00433,M0405,65.15,0
T2901,2025-01-07 02:27:00,C00703,M0308,7.31,0
T8433,2025-01-07 02:29:00,C00822,M0436,14.07,0
T42,2025-01-07 02:32:00,C01871,M0284,35.43,0
T6170,2025-01-07 02:42:00,C01412,M0185,15.57,0
T8026,2025-01-07 02:44:00,C00532,M0054,25.47,0
T3691,2025-01-07 02:51:00,C01347,M0016,34.46,0
T1332,2025-01-07 03:00:00,C00651,M0278,29.33,0
T8861,2025-01-07 03:17:00,C01710,M0362,64.04,0
T5059,2025-01-07 03:28:00,C01783,M0288,8.06,0
T9060,2025-01-07 03:39:00,C00754,M0143,33.13,0
T5904,2025-01-07 03:56:00,C00725,M0131,29.52,0
T2449,2025-01-07 04:14:00,C00317,M0070,18.61,0
T1990,2025-01-07 04:26:00,C01518,M0157,137.51,0
T5664,2025-01-07 04:41:00,C01333,M0250,42.39,0
T1953,2025-01-07 04:47:00,C01618,M0105,16.14,0
T1765,2025-01-07 05:06:00,C01038,M0009,241.38,0
T5671,2025-01-07 05:07:00,C00794,M0168,19.95,0
T7071,2025-01-07 05:09:00,C01763,M0313,83.34,0
T7785,2025-01-07 05:49:00,C01720,M0378,12.02,0
T6402,2025-01-07 05:57:00,C01805,M0214,87.27,0
T8317,2025-01-07 05:58:00,C00841,M0333,71.69,0
T4789,2025-01-07 06:18:00,C00510,M0011,9.69,0
T6687,2025-01-07 06:45:00,C01806,M0418,19.15,0
T2246,2025-01-07 07:14:00,C00906,M0078,16.34,0
T4645,2025-01-07 07:16:00,C01070,M0223,23.6,0
T1567,2025-01-07 07:17:00,C01068,M0487,50.84,0
T1712,2025-01-07 07:18:00,C01550,M0282,27.2,0
T7405,2025-01-07 07:19:00,C01472,M0306,13.78,0
T5783,2025-01-07 07:35:00,C01765,M0294,19.64,0
T8088,2025-01-07 07:47:00,C01120,M0142,8.53,0
T1948,2025-01-07 07:48:00,C01416,M0112,6.6,0
T1886,2025-01-07 07:50:00,C01075,M0490,8.83,0
T881,2025-01-07 07:51:00,C00472,M0381,34.55,0
T6712,2025-01-07 07:51:00,C01683,M0183,10.92,0
T5660,2025-01-07 08:01:00,C00184,M0144,44.46,0
T6221,2025-01-07 08:10:00,C00530,M0011,167.1,0
T2977,2025-01-07 08:48:00,C00581,M0210,13.59,1
T3772,2025-01-07 08:51:00,C00877,M0488,4.51,0
T965,2025-01-07 09:04:00,C00846,M0430,14.56,0
T5864,2025-01-07 09:10:00,C00554,M0233,61.02,0
T8094,2025-01-07 09:10:00,C01628,M0061,88.52,0
T6370,2025-01-07 09:16:00,C01908,M0244,178.26,0
T1871,2025-01-07 09:20:00,C00545,M0457,15.16,0
T7996,2025-01-07 09:35:00,C00051,M0153,13.61,0
T4897,2025-01-07 09:41:00,C00974,M0067,69.48,0
T9337,2025-01-07 09:50:00,C00865,M0327,49.61,0
T7672,2025-01-07 10:07:00,C01059,M0475,84.11,0
T3792,2025-01-07 10:16:00,C01468,M0241,92.64,0
T6181,2025-01-07 10:25:00,C00919,M0481,7.93,0
T76,2025-01-07 10:28:00,C01237,M0104,44.59,0
T6354,2025-01-07 10:29:00,C00869,M0276,33.12,0
T5072,2025-01-07 10:35:00,C00754,M0256,49.73,0
T4390,2025-01-07 10:37:00,C01102,M0111,18.43,0
T2710,2025-01-07 10:43:00,C00600,M0083,30.57,0
T5606,2025-01-07 10:50:00,C01818,M0187,150.04,1
T9279,2025-01-07 11:04:00,C01607,M0447,79.09,0
T6678,2025-01-07 11:27:00,C00782,M0287,34.19,0
T8067,2025-01-07 11:36:00,C00861,M0415,13.91,0
T631,2025-01-07 11:37:00,C01871,M0274,31.09,0
T5115,2025-01-07 11:43:00,C01543,M0418,19.72,0
T6549,2025-01-07 11:44:00,C00369,M0360,29.75,0
T2824,2025-01-07 11:46:00,C00978,M0407,44.85,0
T543,2025-01-07 11:48:00,C00745,M0021,19.06,0
T4331,2025-01-07 11:59:00,C00648,M0326,33.86,0
T9566,2025-01-07 12:12:00,C00796,M0232,104.84,0
T9775,2025-01-07 12:26:00,C00503,M0176,32.14,0
T9983,2025-01-07 12:39:00,C01055,M0208,33.32,0
T5169,2025-01-07 12:57:00,C01154,M0182,18.0,0
T9098,2025-01-07 13:05:00,C00437,M0051,42.1,0
T585,2025-01-07 13:15:00,C01115,M0098,43.71,0
T2035,2025-01-07 13:15:00,C01464,M0300,6.93,0
T420,2025-01-07 13:15:00,C01387,M0319,156.94,0
T986,2025-01-07 13:26:00,C01349,M0208,10.86,0
T5071,2025-01-07 13:40:00,C00767,M0439,42.74,0
T6791,2025-01-07 13:45:00,C01553,M0041,54.56,0
T7399,2025-01-07 13:52:00,C01634,M0434,14.18,0
T159,2025-01-07 13:54:00,C01231,M0433,15.08,0
T9790,2025-01-07 13:55:00,C01119,M0455,4.96,0
T9506,2025-01-07 13:56:00,C00387,M0056,11.91,0
T7741,2025-01-07 13:59:00,C01491,M0076,50.06,1
T4728,2025-01-07 14:06:00,C01915,M0059,41.5,0
T7747,2025-01-07 14:10:00,C00803,M0233,1.28,0
T8345,2025-01-07 14:11:00,C00477,M0142,11.32,0
T9116,2025-01-07 14:11:00,C01549,M0221,44.23,0
T7815,2025-01-07 14:13:00,C01826,M0191,10.8,0
T2456,2025-01-07 14:16:00,C01868,M0234,57.05,0
T2387,2025-01-07 14:23:00,C01797,M0488,48.26,0
T8246,2025-01-07 14:25:00,C01835,M0151,14.99,0
T1495,2025-01-07 14:36:00,C01054,M0242,5.81,0
T2872,2025-01-07 14:48:00,C00475,M0144,69.4,0
T443,2025-01-07 15:00:00,C01400,M0220,20.68,0
T2616,2025-01-07 15:17:00,C00479,M0376,11.78,0
T3239,2025-01-07 15:29:00,C01961,M0338,17.75,0
T9024,2025-01-07 15:29:00,C00515,M0061,13.08,0
T7485,2025-01-07 15:43:00,C01926,M0108,37.72,0
T8785,2025-01-07 15:47:00,C01877,M0114,155.31,0
T2812,2025-01-07 15:47:00,C00349,M0077,20.96,0
T7299,2025-01-07 15:49:00,C01129,M0352,1.57,0
T2496,2025-01-07 15:56:00,C00932,M0219,6.44,0
T5462,2025-01-07 16:15:00,C00005,M0071,16.61,0
T6243,2025-01-07 16:37:00,C01665,M0268,20.68,0
T409,2025-01-07 17:02:00,C00259,M0201,57.81,0
T9737,2025-01-07 17:17:00,C01562,M0325,26.28,0
T8224,2025-01-07 17:17:00,C00952,M0027,13.35,0
T2113,2025-01-07 17:26:00,C00186,M0362,11.06,0
T61,2025-01-07 17:32:00,C00656,M0194,9.43,0
T2147,2025-01-07 17:55:00,C00598,M0152,9.89,0
T8490,2025-01-07 17:56:00,C01048,M0273,3.77,0
T7862,2025-01-07 17:58:00,C00325,M0419,99.95,0
T8115,2025-01-07 17:59:00,C00640,M0013,11.62,0
T5501,2025-01-07 18:06:00,C01908,M0061,25.62,0
T7939,2025-01-07 18:32:00,C00953,M0078,21.37,0
T2804,2025-01-07 18:32:00,C00992,M0420,35.43,0
T3373,2025-01-07 18:44:00,C00148,M0361,12.88,0
T8780,2025-01-07 18:57:00,C00992,M0458,8.91,0
T9467,2025-01-07 19:15:00,C01540,M0239,34.02,0
T440,2025-01-07 19:43:00,C00154,M0037,26.7,0
T6246,2025-01-07 19:44:00,C01784,M0218,22.06,0
T2625,2025-01-07 19:53:00,C01850,M0200,6.29,0
T9754,2025-01-07 19:54:00,C00964,M0371,4.87,0
T5811,2025-01-07 19:57:00,C01516,M0079,2.78,0
T1848,2025-01-07 20:07:00,C00968,M0492,2.39,0
T9165,2025-01-07 20:12:00,C01326,M0129,30.42,0
T686,2025-01-07 20:20:00,C00901,M0446,32.19,0
T915,2025-01-07 20:25:00,C01048,M0240,41.6,0
T2349,2025-01-07 20:26:00,C00537,M0002,31.63,0
T6028,2025-01-07 20:33:00,C00023,M0121,94.19,0
T2956,2025-01-07 20:45:00,C01687,M0113,58.54,0
T1490,2025-01-07 21:03:00,C00463,M0231,5.81,0
T9057,2025-01-07 21:21:00,C00953,M0022,42.14,0
T5705,2025-01-07 21:27:00,C01529,M0056,21.83,0
T8181,2025-01-07 21:30:00,C01772,M0142,23.98,0
T4593,2025-01-07 21:41:00,C00527,M0216,15.21,0
T5871,2025-01-07 21:43:00,C00083,M0026,13.35,0
T2270,2025-01-07 21:56:00,C00301,M0310,62.12,0
T8568,2025-01-07 22:04:00,C00666,M0476,12.34,0
T9122,2025-01-07 22:07:00,C01150,M0059,21.37,0
T7783,2025-01-07 22:09:00,C00622,M0206,39.18,0
T8998,2025-01-07 22:09:00,C01749,M0123,3.21,0
T9006,2025-01-07 22:12:00,C00128,M0106,4.31,0
T3900,2025-01-07 22:54:00,C01294,M0061,33.56,0
T7247,2025-01-07 23:04:00,C00422,M0319,13.38,0
T3107,2025-01-07 23:38:00,C00378,M0097,6.87,0
T5341,2025-01-07 23:48:00,C01617,M0131,39.4,0
T9811,2025-01-07 23:53:00,C01542,M0035,17.46,0
T9079,2025-01-08 00:02:00,C01207,M0318,63.44,0
T9035,2025-01-08 00:15:00,C00679,M0188,33.45,0
T7772,2025-01-08 00:20:00,C00623,M0393,8.23,0
T4160,2025-01-08 00:23:00,C01418,M0163,49.1,0
T2094,2025-01-08 00:26:00,C01067,M0005,5.53,0
T9019,2025-01-08 00:51:00,C00688,M0331,4.94,0
T2347,2025-01-08 01:02:00,C00051,M0207,25.03,0
T6189,2025-01-08 01:03:00,C00339,M0477,16.37,0
T8466,2025-01-08 01:10:00,C00203,M0069,21.5,0
T7603,2025-01-08 01:55:00,C01545,M0038,35.64,0
T3397,2025-01-08 02:07:00,C00809,M0104,47.68,0
T9965,2025-01-08 02:07:00,C00109,M0322,67.65,0
T3729,2025-01-08 02:11:00,C01996,M0058,11.11,0
T1897,2025-01-08 02:25:00,C00381,M0427,11.28,0
T4895,2025-01-08 02:34:00,C00408,M0447,23.23,0
T2540,2025-01-08 02:58:00,C00990,M0398,26.97,0
T831,2025-01-08 03:07:00,C01111,M0310,10.41,0
T4129,2025-01-08 03:18:00,C00174,M0428,35.86,0
T5104,2025-01-08 03:23:00,C01855,M0476,6.54,0
T8362,2025-01-08 03:32:00,C00269,M0468,25.43,0
T3555,2025-01-08 03:33:00,C00358,M0497,32.72,0
T5913,2025-01-08 03:44:00,C01964,M0207,13.32,0
T5666,2025-01-08 03:50:00,C01369,M0226,98.82,0
T6430,2025-01-08 03:53:00,C00016,M0400,120.49,0
T1744,2025-01-08 04:06:00,C00783,M0458,36.33,0
T4699,2025-01-08 04:15:00,C00530,M0154,12.37,0
T4720,2025-01-08 04:25:00,C00120,M0417,45.65,0
T6257,2025-01-08 04:25:00,C01806,M0238,17.83,0
T3412,2025-01-08 04:30:00,C01877,M0446,5.26,0
T6645,2025-01-08 04:38:00,C01145,M0379,71.28,0
T7322,2025-01-08 04:47:00,C01633,M0254,1.12,0
T5003,2025-01-08 04:57:00,C00440,M0353,31.74,0
T2164,2025-01-08 05:02:00,C00100,M0482,36.33,0
T7006,2025-01-08 05:06:00,C01133,M0101,185.78,1
T9153,2025-01-08 05:11:00,C01486,M0085,21.04,0
T1092,2025-01-08 05:15:00,C01660,M0366,47.26,0
T6256,2025-01-08 05:20:00,C00773,M0141,9.75,0
T8711,2025-01-08 05:36:00,C00154,M0286,23.98,0
T9259,2025-01-08 05:55:00,C00399,M0475,6.03,0
T4138,2025-01-08 06:02:00,C01420,M0342,30.08,0
T9538,2025-01-08 06:07:00,C00061,M0201,13.79,0
T2883,2025-01-08 06:09:00,C00461,M0375,37.52,0
T7751,2025-01-08 06:10:00,C00494,M0387,108.81,0
T4127,2025-01-08 06:11:00,C01247,M0292,1.35,0
T797,2025-01-08 06:38:00,C00925,M0437,7.3,0
T8511,2025-01-08 06:41:00,C00518,M0181,6.2,0
T2858,2025-01-08 06:47:00,C00925,M0466,5.87,0
T793,2025-01-08 06:48:00,C01287,M0067,17.44,0
T6682,2025-01-08 06:52:00,C00774,M0391,66.4,0
T317,2025-01-08 06:52:00,C00792,M0270,10.71,0
T3364,2025-01-08 07:03:00,C01765,M0149,15.49,0
T8686,2025-01-08 07:14:00,C00849,M0188,18.59,0
T3140,2025-01-08 07:16:00,C00951,M0056,119.21,0
T2120,2025-01-08 07:26:00,C01701,M0434,50.57,0
T5441,2025-01-08 07:53:00,C00119,M0314,23.43,0
T4039,2025-01-08 08:01:00,C00343,M0181,26.0,0
T3978,2025-01-08 08:18:00,C00007,M0372,11.33,0
T5157,2025-01-08 08:29:00,C01494,M0005,43.79,0
T1392,2025-01-08 08:56:00,C01623,M0038,61.88,0
T8191,2025-01-08 08:59:00,C01178,M0412,48.72,0
T4442,2025-01-08 09:05:00,C01718,M0339,69.87,0
T41,2025-01-08 09:07:00,C00783,M0050,34.15,1
T2294,2025-01-08 09:14:00,C01077,M0057,16.84,0
T8567,2025-01-08 09:15:00,C01956,M0331,9.03,0
T346,2025-01-08 09:27:00,C01711,M0072,14.73,0
T3094,2025-01-08 09:31:00,C00200,M0247,15.28,0
T4328,2025-01-08 09:35:00,C01792,M0345,36.23,0
T6554,2025-01-08 10:01:00,C00229,M0068,22.42,0
T8334,2025-01-08 10:03:00,C01637,M0235,21.78,0
T4701,2025-01-08 10:12:00,C00791,M0230,113.12,0
T2145,2025-01-08 10:19:00,C00146,M0222,26.47,0
T8065,2025-01-08 10:22:00,C01622,M0111,12.11,0
T4949,2025-01-08 10:23:00,C01602,M0415,14.1,0
T7959,2025-01-08 10:27:00,C00113,M0294,10.6,0
T7028,2025-01-08 10:45:00,C01033,M0048,45.03,0
T3923,2025-01-08 10:48:00,C00834,M0093,154.45,0
T335,2025-01-08 10:49:00,C01340,M0135,62.17,0
T7545,2025-01-08 10:57:00,C01427,M0218,36.51,0
T7054,2025-01-08 11:08:00,C00943,M0486,30.74,0
T2298,2025-01-08 11:09:00,C01637,M0186,49.28,0
T7456,2025-01-08 11:10:00,C00764,M0394,42.82,0
T4189,2025-01-08 11:11:00,C01379,M0495,4.95,0
T2130,2025-01-08 11:14:00,C01289,M0049,2.95,0
T2100,2025-01-08 11:16:00,C00131,M0324,99.79,0
T6852,2025-01-08 11:23:00,C01230,M0480,14.07,0
T5371,2025-01-08 11:30:00,C01625,M0165,90.97,0
T3844,2025-01-08 11:35:00,C01478,M0118,22.43,0
T9664,2025-01-08 11:38:00,C01357,M0292,89.3,0
T6112,2025-01-08 11:45:00,C00035,M0239,90.18,0
T989,2025-01-08 11:49:00,C01091,M0112,49.08,0
T8724,2025-01-08 11:54:00,C01567,M0139,55.34,0
T4304,2025-01-08 11:59:00,C01421,M0279,32.1,0
T2703,2025-01-08 12:00:00,C00734,M0435,21.19,0
T2482,2025-01-08 12:05:00,C01801,M0103,18.49,0
T4015,2025-01-08 12:08:00,C01347,M0050,25.47,0
T1397,2025-01-08 12:16:00,C00139,M0379,15.3,0
T6797,2025-01-08 12:28:00,C01233,M0154,4.05,0
T9334,2025-01-08 12:39:00,C01205,M0202,13.51,0
T9758,2025-01-08 12:46:00,C01741,M0423,50.45,0
T8417,2025-01-08 13:00:00,C01494,M0435,80.72,0
T4803,2025-01-08 13:18:00,C00793,M0459,32.11,0
T3368,2025-01-08 13:26:00,C00483,M0456,28.0,0
T9155,2025-01-08 13:32:00,C01250,M0453,17.99,0
T692,2025-01-08 13:56:00,C00028,M0169,27.72,0
T4549,2025-01-08 14:02:00,C01611,M0465,10.17,0
T7977,2025-01-08 14:09:00,C01690,M0393,14.49,0
T7570,2025-01-08 14:11:00,C00841,M0045,22.97,0
T8520,2025-01-08 14:20:00,C01388,M0029,28.78,0
T892,2025-01-08 14:34:00,C01286,M0171,45.16,0
T5029,2025-01-08 14:36:00,C01331,M0477,53.28,0
T112,2025-01-08 14:45:00,C00694,M0179,34.0,0
T358,2025-01-08 14:46:00,C01941,M0075,4.8,0
T9560,2025-01-08 14:53:00,C01235,M0410,20.15,0
T8962,2025-01-08 14:54:00,C01963,M0339,13.77,0
T625,2025-01-08 14:55:00,C00126,M0268,1.75,0
T7946,2025-01-08 14:56:00,C01207,M0446,49.04,0
T2716,2025-01-08 15:03:00,C01519,M0430,8.4,0
T2922,2025-01-08 15:22:00,C01450,M0364,1.46,0
T2521,2025-01-08 15:25:00,C00854,M0351,53.55,0
T9476,2025-01-08 15:29:00,C01700,M0208,19.75,0
T8339,2025-01-08 15:37:00,C00574,M0182,7.77,0
T626,2025-01-08 15:43:00,C01963,M0235,15.87,0
T3663,2025-01-08 15:53:00,C01203,M0187,6.17,0
T9850,2025-01-08 15:56:00,C00935,M0375,19.93,0
T1258,2025-01-08 16:06:00,C01497,M0196,6.57,0
T6528,2025-01-08 16:09:00,C01963,M0289,11.06,0
T4365,2025-01-08 16:24:00,C01257,M0469,8.23,0
T5435,2025-01-08 16:45:00,C01829,M0225,22.04,0
T4240,2025-01-08 16:47:00,C01359,M0226,28.0,0
T330,2025-01-08 16:53:00,C01278,M0114,44.51,0
T2998,2025-01-08 16:53:00,C01116,M0229,10.3,0
T4555,2025-01-08 16:54:00,C01986,M0041,7.8,0
T3916,2025-01-08 17:08:00,C01033,M0327,9.01,0
T9847,2025-01-08 17:09:00,C01673,M0406,17.38,0
T7600,2025-01-08 17:10:00,C00982,M0085,22.74,0
T219,2025-01-08 17:11:00,C01388,M0215,6.43,0
T2768,2025-01-08 17:16:00,C00318,M0148,6.05,0
T3181,2025-01-08 17:20:00,C00500,M0156,11.66,0
T1335,2025-01-08 17:22:00,C00619,M0348,77.1,0
T534,2025-01-08 17:30:00,C00844,M0093,23.61,0
T9894,2025-01-08 17:36:00,C01192,M0483,9.0,0
T2203,2025-01-08 17:38:00,C00085,M0415,12.3,0
T4748,2025-01-08 17:51:00,C00594,M0179,7.35,0
T6770,2025-01-08 17:54:00,C01189,M0081,33.59,0
T3915,2025-01-08 17:56:00,C01309,M0223,28.87,0
T9239,2025-01-08 18:01:00,C00427,M0045,40.53,0
T9246,2025-01-08 18:02:00,C01859,M0107,68.59,0
T9436,2025-01-08 18:13:00,C00914,M0336,16.04,0
T542,2025-01-08 18:14:00,C00591,M0360,26.22,0
T7064,2025-01-08 18:22:00,C00131,M0380,9.24,0
T3002,2025-01-08 18:30:00,C00962,M0286,29.1,0
T2782,2025-01-08 18:45:00,C00060,M0188,15.01,0
T6800,2025-01-08 18:51:00,C01865,M0217,88.01,0
T9982,2025-01-08 18:59:00,C01813,M0361,46.92,0
T6799,2025-01-08 19:01:00,C01918,M0313,18.2,0
T2942,2025-01-08 19:20:00,C01250,M0237,33.15,0
T969,2025-01-08 19:26:00,C01116,M0328,10.81,0
T8781,2025-01-08 19:29:00,C01925,M0135,36.04,0
T9440,2025-01-08 19:34:00,C00402,M0468,37.8,0
T4002,2025-01-08 19:34:00,C01138,M0131,20.92,0
T7198,2025-01-08 19:47:00,C01904,M0413,34.11,0
T5792,2025-01-08 19:59:00,C01339,M0003,16.96,0
T6693,2025-01-08 20:03:00,C01336,M0211,48.41,0
T9095,2025-01-08 20:14:00,C00114,M0227,5.63,0
T974,2025-01-08 20:22:00,C01979,M0124,102.27,0
T1500,2025-01-08 20:23:00,C00583,M0238,28.66,0
T3622,2025-01-08 20:28:00,C01299,M0066,5.82,0
T780,2025-01-08 20:34:00,C00090,M0354,81.15,0
T9370,2025-01-08 20:39:00,C01916,M0135,18.1,0
T6898,2025-01-08 20:52:00,C01994,M0342,5.78,0
T480,2025-01-08 20:58:00,C00159,M0380,60.3,0
T9141,2025-01-08 21:00:00,C01967,M0289,104.28,0
T1312,2025-01-08 21:04:00,C00889,M0252,65.38,0
T8799,2025-01-08 21:05:00,C01868,M0077,8.77,0
T4685,2025-01-08 21:09:00,C00014,M0281,7.33,0
T5643,2025-01-08 21:10:00,C00167,M0145,61.01,0
T9659,2025-01-08 21:11:00,C00003,M0203,54.93,0
T7412,2025-01-08 21:13:00,C00805,M0025,8.8,0
T6212,2025-01-08 21:17:00,C01692,M0013,4.0,0
T6429,2025-01-08 21:20:00,C01975,M0293,5.1,0
T3380,2025-01-08 21:50:00,C00095,M0219,26.54,0
T36,2025-01-08 21:54:00,C00622,M0220,5.94,0
T6559,2025-01-08 21:57:00,C01491,M0338,13.6,0
T4898,2025-01-08 22:10:00,C01047,M0433,55.51,0
T211,2025-01-08 22:11:00,C01170,M0172,39.68,0
T9303,2025-01-08 22:15:00,C01783,M0052,20.35,0
T8134,2025-01-08 22:34:00,C01868,M0129,24.04,1
T7416,2025-01-08 22:37:00,C00153,M0013,63.19,0
T4003,2025-01-08 22:42:00,C01711,M0043,7.44,0
T1127,2025-01-08 23:25:00,C00170,M0031,53.44,0
T6174,2025-01-08 23:56:00,C01834,M0385,4.23,0
T6250,2025-01-09 00:03:00,C00804,M0284,87.76,0
T9997,2025-01-09 00:08:00,C00520,M0087,38.76,0
T68,2025-01-09 00:14:00,C00695,M0343,45.3,0
T1651,2025-01-09 00:16:00,C01209,M0305,15.22,0
T8404,2025-01-09 00:19:00,C00481,M0435,22.13,0
T9825,2025-01-09 00:25:00,C01891,M0166,19.15,0
T6578,2025-01-09 00:29:00,C01833,M0380,60.19,0
T1251,2025-01-09 00:35:00,C01973,M0076,24.68,0
T1972,2025-01-09 00:36:00,C01435,M0453,25.81,0
T7854,2025-01-09 00:40:00,C00703,M0359,2.73,0
T1806,2025-01-09 00:41:00,C01658,M0437,102.87,0
T1974,2025-01-09 00:43:00,C00613,M0295,26.37,0
T5654,2025-01-09 00:49:00,C00973,M0419,29.34,0
T4409,2025-01-09 00:57:00,C01614,M0342,2.08,0
T8771,2025-01-09 01:06:00,C01392,M0153,8.6,0
T3367,2025-01-09 01:10:00,C00971,M0134,16.19,0
T9174,2025-01-09 01:15:00,C00916,M0385,34.08,0
T9574,2025-01-09 01:20:00,C00296,M0387,13.45,0
T6824,2025-01-09 01:38:00,C00148,M0179,5.58,0
T5678,2025-01-09 01:38:00,C01542,M0000,41.04,0
T7187,2025-01-09 01:40:00,C01428,M0160,22.91,0
T770,2025-01-09 01:57:00,C01524,M0389,22.03,0
T1733,2025-01-09 02:13:00,C00230,M0467,34.06,0
T8843,2025-01-09 02:16:00,C00256,M0043,37.87,0
T1242,2025-01-09 02:24:00,C00722,M0198,21.62,0
T4800,2025-01-09 02:29:00,C01793,M0252,11.65,0
T9473,2025-01-09 02:32:00,C00293,M0421,196.44,0
T4343,2025-01-09 02:36:00,C00000,M0316,83.82,0
T1064,2025-01-09 02:54:00,C00634,M0222,5.09,0
T6165,2025-01-09 02:55:00,C00288,M0234,21.66,0
T3179,2025-01-09 03:38:00,C00642,M0180,38.77,0
T1585,2025-01-09 03:45:00,C01158,M0282,20.68,0
T8813,2025-01-09 04:00:00,C00091,M0459,40.85,0
T8456,2025-01-09 04:07:00,C01458,M0118,14.89,0
T6043,2025-01-09 04:12:00,C01992,M0282,20.17,0
T5777,2025-01-09 04:21:00,C01383,M0280,9.33,0
T5080,2025-01-09 04:35:00,C00436,M0062,10.88,0
T7535,2025-01-09 04:41:00,C00977,M0041,7.32,0
T7246,2025-01-09 04:54:00,C01593,M0185,7.47,0
T7191,2025-01-09 05:06:00,C00506,M0434,17.24,0
T6872,2025-01-09 05:11:00,C01165,M0295,155.95,0
T2216,2025-01-09 05:51:00,C00873,M0186,15.37,0
T4785,2025-01-09 05:54:00,C00327,M0391,9.58,0
T4000,2025-01-09 06:09:00,C00605,M0137,12.36,0
T8228,2025-01-09 06:27:00,C00800,M0394,8.32,0
T3633,2025-01-09 06:28:00,C00720,M0433,19.56,0
T9849,2025-01-09 06:56:00,C01436,M0181,474.57,0
T456,2025-01-09 06:58:00,C01376,M0215,89.14,0
T3355,2025-01-09 07:04:00,C01952,M0278,14.52,0
T3584,2025-01-09 07:10:00,C01253,M0243,3.45,0
T8049,2025-01-09 07:13:00,C01052,M0369,28.34,0
T960,2025-01-09 07:14:00,C01110,M0176,3.59,0
T6855,2025-01-09 07:17:00,C01288,M0491,7.89,0
T6363,2025-01-09 07:22:00,C01810,M0369,15.94,0
T5362,2025-01-09 07:44:00,C00048,M0439,23.94,0
T9673,2025-01-09 08:02:00,C00118,M0352,45.92,0
T762,2025-01-09 08:15:00,C01786,M0124,17.3,0
T5951,2025-01-09 08:21:00,C00344,M0049,9.56,0
T8765,2025-01-09 08:41:00,C00418,M0497,38.16,0
T8802,2025-01-09 08:55:00,C01513,M0257,69.0,0
T8507,2025-01-09 09:02:00,C00720,M0466,43.37,0
T2493,2025-01-09 09:27:00,C00045,M0196,33.73,0
T4791,2025-01-09 09:40:00,C00360,M0145,37.43,0
T2899,2025-01-09 09:49:00,C01076,M0472,47.26,0
T1270,2025-01-09 09:52:00,C00855,M0194,9.54,0
T3952,2025-01-09 09:52:00,C00377,M0471,22.84,0
T1888,2025-01-09 09:55:00,C00941,M0304,21.91,0
T9203,2025-01-09 10:00:00,C01797,M0189,3.49,0
T6943,2025-01-09 10:06:00,C01600,M0004,3.44,0
T3436,2025-01-09 10:25:00,C01663,M0084,4.7,0
T2024,2025-01-09 10:29:00,C00409,M0120,73.99,0
T467,2025-01-09 10:41:00,C00873,M0222,14.54,0
T7373,2025-01-09 10:41:00,C00425,M0230,9.34,0
T1165,2025-01-09 10:55:00,C00490,M0258,8.61,0
T8290,2025-01-09 10:58:00,C00099,M0097,13.79,1
T3494,2025-01-09 11:00:00,C01687,M0036,10.57,0
T1326,2025-01-09 11:02:00,C01396,M0176,52.86,0
T249,2025-01-09 11:03:00,C01339,M0022,10.19,0
T77,2025-01-09 11:05:00,C01585,M0274,16.46,0
T7542,2025-01-09 11:11:00,C00318,M0239,3.02,0
T4600,2025-01-09 11:12:00,C00926,M0374,19.46,0
T1793,2025-01-09 11:21:00,C01300,M0433,4.18,0
T5291,2025-01-09 11:25:00,C00216,M0074,6.76,0
T5266,2025-01-09 11:25:00,C01988,M0404,3.83,0
T4301,2025-01-09 11:27:00,C01438,M0017,5.4,0
T9193,2025-01-09 11:33:00,C01442,M0470,2.99,0
T929,2025-01-09 11:39:00,C00085,M0118,4.56,0
T7488,2025-01-09 11:44:00,C00009,M0070,129.56,0
T4463,2025-01-09 11:46:00,C00876,M0150,78.36,0
T3449,2025-01-09 11:57:00,C00643,M0072,33.65,0
T5670,2025-01-09 12:02:00,C00786,M0492,11.14,0
T1310,2025-01-09 12:14:00,C01757,M0332,54.07,0
T5572,2025-01-09 12:14:00,C01649,M0086,8.34,0
T2008,2025-01-09 12:49:00,C00329,M0244,14.09,0
T3910,2025-01-09 12:57:00,C01685,M0355,20.59,0
T3760,2025-01-09 12:57:00,C01141,M0162,14.39,0
T7782,2025-01-09 13:05:00,C00351,M0080,6.25,0
T5093,2025-01-09 13:06:00,C00363,M0463,44.12,0
T2088,2025-01-09 13:23:00,C00148,M0488,26.5,0
T2169,2025-01-09 13:29:00,C01705,M0254,6.71,0
T8573,2025-01-09 13:36:00,C00191,M0192,68.44,0
T1133,2025-01-09 13:42:00,C01249,M0386,39.06,0
T6359,2025-01-09 13:52:00,C00300,M0287,32.23,0
T4221,2025-01-09 13:56:00,C00274,M0181,1.69,0
T4073,2025-01-09 14:00:00,C00294,M0076,7.32,0
T9233,2025-01-09 14:03:00,C00413,M0351,3.56,0
T6523,2025-01-09 14:19:00,C01991,M0130,23.1,0
T4503,2025-01-09 14:31:00,C00157,M0277,9.97,0
T4953,2025-01-09 14:32:00,C01616,M0042,96.61,0
T8950,2025-01-09 14:37:00,C00193,M0014,5.28,0
T7784,2025-01-09 14:44:00,C01172,M0203,11.09,0
T2258,2025-01-09 14:51:00,C00589,M0111,70.63,0
T9890,2025-01-09 14:59:00,C00732,M0300,8.86,0
T7450,2025-01-09 15:26:00,C00914,M0372,22.27,0
T3407,2025-01-09 15:29:00,C01964,M0195,13.23,0
T4689,2025-01-09 15:33:00,C00198,M0087,6.64,0
T7232,2025-01-09 15:47:00,C00518,M0180,61.9,0
T4922,2025-01-09 16:17:00,C00179,M0141,13.37,0
T9824,2025-01-09 16:20:00,C01539,M0049,5.58,0
T9665,2025-01-09 16:21:00,C01874,M0474,44.74,0
T9268,2025-01-09 16:36:00,C01486,M0279,33.46,0
T8238,2025-01-09 16:57:00,C00656,M0226,20.76,0
T1827,2025-01-09 17:48:00,C01583,M0135,19.54,0
T9770,2025-01-09 17:58:00,C00040,M0153,6.61,0
T3791,2025-01-09 18:02:00,C00208,M0022,24.81,0
T3037,2025-01-09 18:05:00,C00067,M0427,7.82,0
T9594,2025-01-09 18:12:00,C00054,M0376,20.54,0
T5586,2025-01-09 18:15:00,C01933,M0182,7.36,0
T4146,2025-01-09 18:25:00,C01575,M0423,5.44,0
T5981,2025-01-09 18:32:00,C01919,M0391,68.88,0
T9412,2025-01-09 18:38:00,C01483,M0029,14.91,0
T6627,2025-01-09 19:05:00,C00477,M0395,31.93,0
T7902,2025-01-09 19:06:00,C00414,M0054,21.74,0
T96,2025-01-09 19:06:00,C00834,M0144,61.6,0
T1396,2025-01-09 19:16:00,C01787,M0096,16.9,0
T9285,2025-01-09 19:16:00,C01366,M0422,16.04,0
T192,2025-01-09 19:28:00,C01038,M0117,24.92,0
T7075,2025-01-09 19:56:00,C00689,M0422,72.54,0
T5762,2025-01-09 20:00:00,C01855,M0424,20.48,0
T5292,2025-01-09 20:28:00,C01351,M0173,249.89,0
T9434,2025-01-09 20:35:00,C01486,M0329,13.67,0
T2826,2025-01-09 20:43:00,C00730,M0482,7.51,0
T683,2025-01-09 20:43:00,C01019,M0231,13.83,0
T9691,2025-01-09 21:00:00,C00684,M0351,22.73,0
T4320,2025-01-09 21:36:00,C00049,M0416,19.05,0
T9048,2025-01-09 21:38:00,C01409,M0055,77.78,0
T2707,2025-01-09 21:39:00,C00249,M0403,16.12,0
T3575,2025-01-09 21:48:00,C01456,M0115,7.48,0
T4174,2025-01-09 22:15:00,C01621,M0001,54.38,0
T9386,2025-01-09 22:16:00,C00494,M0369,30.25,0
T1616,2025-01-09 22:17:00,C01669,M0175,17.32,0
T6438,2025-01-09 22:21:00,C00428,M0415,22.38,0
T3369,2025-01-09 22:26:00,C00928,M0088,53.89,1
T3698,2025-01-09 22:27:00,C00003,M0133,158.33,0
T251,2025-01-09 22:34:00,C00821,M0144,18.68,0
T8041,2025-01-09 22:39:00,C01828,M0428,27.72,0
T8784,2025-01-09 22:41:00,C01918,M0176,21.67,0
T8896,2025-01-09 22:44:00,C00055,M0036,10.85,1
T4105,2025-01-09 23:05:00,C01251,M0298,14.39,0
T847,2025-01-09 23:10:00,C01985,M0151,12.35,0
T7422,2025-01-09 23:16:00,C00045,M0278,4.44,0
T2693,2025-01-09 23:24:00,C01193,M0180,91.0,0
T6046,2025-01-09 23:40:00,C01225,M0155,13.07,0
T7466,2025-01-10 00:03:00,C00147,M0273,167.45,0
T9745,2025-01-10 00:15:00,C00832,M0068,13.47,0
T1387,2025-01-10 00:24:00,C01481,M0249,6.48,0
T1542,2025-01-10 00:27:00,C00582,M0171,6.09,0
T3313,2025-01-10 00:31:00,C00068,M0047,12.61,0
T1022,2025-01-10 00:39:00,C01929,M0385,66.76,0
T6519,2025-01-10 00:56:00,C01354,M0373,4.87,0
T1587,2025-01-10 01:05:00,C00901,M0117,120.88,0
T8740,2025-01-10 01:06:00,C01097,M0382,6.21,0
T4996,2025-01-10 01:06:00,C01448,M0214,159.22,0
T5655,2025-01-10 01:09:00,C00561,M0096,50.43,0
T877,2025-01-10 01:26:00,C00242,M0367,32.57,0
T3934,2025-01-10 01:30:00,C01013,M0194,1.72,1
T2434,2025-01-10 01:37:00,C00847,M0081,38.5,0
T9588,2025-01-10 02:12:00,C00291,M0080,23.37,0
T7234,2025-01-10 02:27:00,C00241,M0288,58.33,0
T590,2025-01-10 02:36:00,C00930,M0018,49.82,0
T2686,2025-01-10 03:00:00,C00865,M0360,174.92,0
T3884,2025-01-10 03:16:00,C01008,M0201,36.09,0
T6845,2025-01-10 03:21:00,C00710,M0484,11.42,0
T8235,2025-01-10 03:23:00,C00328,M0405,17.68,0
T7150,2025-01-10 03:40:00,C01919,M0176,15.59,0
T7906,2025-01-10 03:46:00,C00702,M0492,42.02,0
T8561,2025-01-10 04:01:00,C01375,M0312,3.0,0
T5421,2025-01-10 04:10:00,C01078,M0464,50.89,0
T1069,2025-01-10 04:24:00,C01330,M0301,11.52,0
T2836,2025-01-10 04:30:00,C00710,M0293,26.27,0
T8563,2025-01-10 04:31:00,C01089,M0092,18.88,0
T4882,2025-01-10 04:33:00,C00754,M0110,138.29,0
T889,2025-01-10 04:34:00,C01545,M0462,9.51,0
T7955,2025-01-10 04:37:00,C00585,M0237,3.6,0
T4926,2025-01-10 04:55:00,C00446,M0030,40.05,0
T4203,2025-01-10 05:01:00,C01787,M0364,57.33,0
T7987,2025-01-10 05:05:00,C01337,M0179,89.87,0
T8849,2025-01-10 05:06:00,C00443,M0135,9.46,0
T5073,2025-01-10 05:09:00,C01992,M0276,89.33,0
T7802,2025-01-10 05:15:00,C01070,M0070,112.73,0
T9313,2025-01-10 05:15:00,C00982,M0072,14.47,0
T9960,2025-01-10 05:20:00,C01665,M0213,138.65,0
T1552,2025-01-10 05:21:00,C00465,M0070,26.2,0
T3259,2025-01-10 05:23:00,C00404,M0233,8.22,0
T416,2025-01-10 05:24:00,C00069,M0311,32.09,0
T9559,2025-01-10 05:25:00,C01355,M0134,22.52,0
T7539,2025-01-10 05:28:00,C01269,M0305,14.86,0
T7343,2025-01-10 05:43:00,C01881,M0074,41.79,0
T8379,2025-01-10 05:46:00,C01882,M0077,11.4,0
T9549,2025-01-10 05:53:00,C01442,M0399,17.32,0
T6268,2025-01-10 06:09:00,C00063,M0375,13.17,0
T5564,2025-01-10 06:11:00,C01844,M0201,58.62,0
T8409,2025-01-10 06:14:00,C01707,M0155,9.46,0
T8078,2025-01-10 06:15:00,C00867,M0097,14.59,0
T1287,2025-01-10 06:30:00,C00785,M0336,14.46,0
T7827,2025-01-10 06:42:00,C01565,M0405,10.92,0
T7020,2025-01-10 07:02:00,C01486,M0482,5.81,0
T6129,2025-01-10 07:06:00,C01511,M0038,5.91,0
T2140,2025-01-10 07:15:00,C01609,M0384,16.13,0
T355,2025-01-10 07:23:00,C00528,M0372,20.44,0
T7314,2025-01-10 07:23:00,C01392,M0023,12.68,0
T4858,2025-01-10 07:29:00,C01329,M0219,58.81,0
T7165,2025-01-10 07:39:00,C00986,M0305,16.51,1
T2538,2025-01-10 07:48:00,C00302,M0421,5.02,0
T6697,2025-01-10 08:00:00,C01426,M0364,12.05,0
T8960,2025-01-10 08:04:00,C00130,M0029,19.1,0
T9115,2025-01-10 08:10:00,C00015,M0480,38.24,0
T696,2025-01-10 08:16:00,C00463,M0025,9.75,0
T2004,2025-01-10 08:27:00,C01914,M0351,57.87,0
T2601,2025-01-10 08:53:00,C01585,M0165,2.58,0
T406,2025-01-10 09:00:00,C01404,M0342,11.7,0
T7871,2025-01-10 09:03:00,C00161,M0114,8.61,0
T1558,2025-01-10 09:07:00,C00650,M0244,7.69,0
T6806,2025-01-10 09:15:00,C00004,M0071,9.32,0
T9069,2025-01-10 09:41:00,C00989,M0306,18.35,0
T6744,2025-01-10 09:43:00,C00192,M0108,25.2,0
T164,2025-01-10 09:45:00,C00292,M0150,89.85,0
T2728,2025-01-10 10:05:00,C01884,M0352,12.46,0
T6801,2025-01-10 10:09:00,C01405,M0455,29.15,0
T5127,2025-01-10 10:38:00,C01841,M0333,28.11,0
T1727,2025-01-10 11:09:00,C00502,M0179,36.32,0
T4208,2025-01-10 11:32:00,C00773,M0442,14.68,0
T9281,2025-01-10 11:43:00,C01343,M0207,256.18,0
T5492,2025-01-10 11:46:00,C00852,M0093,50.82,0
T6210,2025-01-10 11:48:00,C00969,M0261,20.27,0
T1899,2025-01-10 11:49:00,C01300,M0409,74.48,0
T2029,2025-01-10 11:53:00,C00500,M0178,38.79,0
T4888,2025-01-10 12:02:00,C00262,M0215,21.43,0
T3930,2025-01-10 12:09:00,C01525,M0240,18.7,0
T5125,2025-01-10 12:19:00,C01558,M0088,19.07,0
T8482,2025-01-10 12:23:00,C00267,M0152,48.19,0
T5196,2025-01-10 12:24:00,C01106,M0351,34.43,0
T1051,2025-01-10 12:38:00,C01297,M0029,19.85,0
T7227,2025-01-10 12:51:00,C00764,M0005,10.03,0
T9344,2025-01-10 12:59:00,C01161,M0348,7.91,1
T9381,2025-01-10 13:06:00,C00418,M0234,10.52,0
T6685,2025-01-10 13:09:00,C01006,M0233,19.45,0
T7350,2025-01-10 13:13:00,C01178,M0099,69.94,1
T1824,2025-01-10 13:20:00,C01062,M0239,11.4,0
T8270,2025-01-10 13:37:00,C01954,M0239,2.69,0
T4974,2025-01-10 13:40:00,C00513,M0481,76.75,0
T3983,2025-01-10 13:54:00,C00795,M0294,7.72,0
T6057,2025-01-10 13:58:00,C01884,M0184,202.37,0
T8972,2025-01-10 14:06:00,C01829,M0359,4.12,0
T566,2025-01-10 14:07:00,C01026,M0487,37.77,0
T612,2025-01-10 14:43:00,C00904,M0450,57.53,0
T5885,2025-01-10 14:51:00,C01488,M0053,26.76,0
T6323,2025-01-10 14:54:00,C00834,M0095,39.59,0
T1179,2025-01-10 14:59:00,C01291,M0041,20.01,0
T5319,2025-01-10 15:01:00,C00270,M0398,44.98,0
T9642,2025-01-10 15:06:00,C00370,M0015,5.3,0
T3828,2025-01-10 15:09:00,C01058,M0333,29.16,0
T8820,2025-01-10 15:17:00,C00044,M0256,3.39,0
T7192,2025-01-10 15:30:00,C00760,M0025,28.22,0
T3297,2025-01-10 15:33:00,C01486,M0297,50.31,0
T8627,2025-01-10 15:34:00,C01148,M0434,166.04,0
T4759,2025-01-10 15:40:00,C01610,M0135,16.85,0
T9715,2025-01-10 15:48:00,C01676,M0440,6.51,0
T4267,2025-01-10 15:57:00,C01295,M0096,11.83,0
T874,2025-01-10 15:58:00,C01930,M0064,37.38,0
T1377,2025-01-10 15:59:00,C00138,M0393,31.22,1
T5892,2025-01-10 16:01:00,C01501,M0341,13.93,0
T9034,2025-01-10 16:14:00,C01671,M0137,9.97,0
T2486,2025-01-10 16:24:00,C01036,M0416,11.78,0
T2923,2025-01-10 16:27:00,C01877,M0275,307.15,0
T2608,2025-01-10 16:55:00,C00745,M0112,116.45,0
T3696,2025-01-10 16:59:00,C00626,M0312,21.35,0
T94,2025-01-10 17:06:00,C01220,M0057,34.26,0
T5022,2025-01-10 17:31:00,C00589,M0043,17.05,0
T7363,2025-01-10 17:36:00,C00282,M0050,13.29,0
T9852,2025-01-10 17:41:00,C01472,M0181,229.72,1
T4570,2025-01-10 17:46:00,C00978,M0102,52.7,0
T4738,2025-01-10 17:51:00,C00294,M0332,72.22,0
T2304,2025-01-10 18:16:00,C01958,M0128,27.4,0
T952,2025-01-10 18:20:00,C01377,M0423,23.51,0
T4786,2025-01-10 18:39:00,C01910,M0183,6.89,0
T9568,2025-01-10 18:40:00,C00785,M0396,16.55,0
T7300,2025-01-10 19:16:00,C00282,M0218,24.58,0
T3717,2025-01-10 19:22:00,C01586,M0092,7.47,0
T6433,2025-01-10 19:30:00,C01534,M0176,5.22,0
T6548,2025-01-10 19:41:00,C00176,M0306,11.52,0
T1020,2025-01-10 19:53:00,C01691,M0466,10.56,0
T6002,2025-01-10 20:15:00,C01877,M0303,32.67,0
T5191,2025-01-10 20:31:00,C00226,M0037,15.97,0
T1439,2025-01-10 20:39:00,C00600,M0088,16.16,0
T5386,2025-01-10 20:49:00,C01921,M0159,62.56,0
T2090,2025-01-10 20:50:00,C00043,M0144,16.06,0
T4564,2025-01-10 20:51:00,C01079,M0444,3.64,0
T2524,2025-01-10 21:06:00,C00510,M0342,2.93,0
T6735,2025-01-10 21:29:00,C00643,M0298,15.82,0
T4045,2025-01-10 21:36:00,C01942,M0422,15.38,0
T9786,2025-01-10 21:40:00,C01203,M0134,4.03,0
T7130,2025-01-10 21:46:00,C01708,M0490,63.83,0
T3838,2025-01-10 21:50:00,C00303,M0136,10.59,0
T6434,2025-01-10 21:51:00,C01016,M0444,16.17,0
T9091,2025-01-10 21:54:00,C01576,M0238,30.4,0
T1588,2025-01-10 22:08:00,C00279,M0422,44.93,0
T2640,2025-01-10 22:09:00,C00490,M0072,69.15,0
T2405,2025-01-10 22:11:00,C01222,M0137,17.81,0
T7391,2025-01-10 22:12:00,C01270,M0389,13.57,0
T5807,2025-01-10 22:28:00,C00022,M0115,8.86,0
T9831,2025-01-10 22:38:00,C00656,M0091,6.0,0
T5633,2025-01-10 22:47:00,C01004,M0343,17.56,0
T4530,2025-01-10 22:54:00,C00283,M0227,40.13,0
T7381,2025-01-10 23:05:00,C00443,M0303,20.46,0
T2688,2025-01-10 23:17:00,C01189,M0319,10.26,0
T9671,2025-01-10 23:27:00,C01707,M0129,17.38,0
T3100,2025-01-10 23:36:00,C01063,M0114,25.72,0
T6387,2025-01-10 23:40:00,C00863,M0219,18.77,0
T1011,2025-01-10 23:42:00,C01770,M0040,27.82,0
T7797,2025-01-10 23:45:00,C00770,M0416,3.09,0
T4230,2025-01-10 23:47:00,C00125,M0208,16.3,0
T758,2025-01-10 23:48:00,C01138,M0253,13.92,0
T5522,2025-01-10 23:49:00,C00503,M0380,13.37,0
T7046,2025-01-10 23:50:00,C01460,M0131,56.25,0
T509,2025-01-10 23:57:00,C00716,M0240,30.74,0
T5632,2025-01-11 00:14:00,C00936,M0161,6.72,0
T8583,2025-01-11 00:29:00,C01353,M0339,6.28,0
T7166,2025-01-11 00:57:00,C00716,M0254,9.81,0
T2568,2025-01-11 01:12:00,C00567,M0478,35.95,0
T2104,2025-01-11 01:24:00,C00473,M0012,63.51,0
T710,2025-01-11 01:29:00,C00157,M0122,2.61,0
T5820,2025-01-11 01:46:00,C00474,M0378,6.24,0
T7284,2025-01-11 02:29:00,C01683,M0424,6.21,0
T6168,2025-01-11 02:39:00,C01672,M0048,12.85,0
T2987,2025-01-11 02:47:00,C00663,M0162,25.61,0
T2425,2025-01-11 02:51:00,C01749,M0102,13.34,0
T7972,2025-01-11 03:11:00,C00561,M0058,31.58,1
T1188,2025-01-11 03:16:00,C00009,M0188,4.57,0
T6096,2025-01-11 03:25:00,C01370,M0300,11.82,0
T7712,2025-01-11 03:41:00,C00161,M0465,20.36,1
T6216,2025-01-11 03:46:00,C00797,M0139,6.57,0
T9779,2025-01-11 03:55:00,C00178,M0231,39.58,0
T6208,2025-01-11 04:05:00,C00041,M0105,45.05,0
T9400,2025-01-11 04:08:00,C00539,M0007,0.94,0
T7531,2025-01-11 04:10:00,C01619,M0019,67.89,0
T4336,2025-01-11 04:31:00,C01567,M0467,27.58,0
T5948,2025-01-11 04:38:00,C00371,M0356,39.22,0
T4394,2025-01-11 04:43:00,C00893,M0019,12.45,0
T8721,2025-01-11 04:51:00,C00193,M0437,30.05,0
T8407,2025-01-11 04:52:00,C00185,M0276,8.58,0
T5635,2025-01-11 04:53:00,C00190,M0331,64.9,0
T8169,2025-01-11 05:06:00,C01681,M0107,47.52,0
T4649,2025-01-11 05:15:00,C01627,M0438,10.15,0
T2202,2025-01-11 05:16:00,C00334,M0302,4.81,0
T5090,2025-01-11 05:19:00,C00626,M0174,13.08,0
T9373,2025-01-11 05:28:00,C00451,M0163,8.75,0
T3441,2025-01-11 05:43:00,C01887,M0403,46.19,0
T5890,2025-01-11 05:45:00,C01006,M0261,53.35,0
T9961,2025-01-11 05:46:00,C00523,M0359,7.36,0
T5351,2025-01-11 05:58:00,C00791,M0332,8.41,1
T8286,2025-01-11 06:19:00,C01784,M0200,13.54,0
T7273,2025-01-11 06:39:00,C01537,M0266,44.19,0
T2947,2025-01-11 07:29:00,C01412,M0350,11.76,0
T9010,2025-01-11 07:35:00,C01142,M0457,42.68,0
T5428,2025-01-11 07:39:00,C01560,M0377,11.16,0
T9873,2025-01-11 08:28:00,C00804,M0487,15.48,0
T4515,2025-01-11 08:28:00,C00140,M0346,91.95,0
T9315,2025-01-11 08:35:00,C01984,M0431,4.49,0
T4156,2025-01-11 08:44:00,C01396,M0015,5.97,0
T2718,2025-01-11 08:59:00,C00149,M0221,12.8,0
T7156,2025-01-11 09:13:00,C01285,M0331,13.11,0
T4265,2025-01-11 09:15:00,C00256,M0395,25.17,0
T9206,2025-01-11 09:23:00,C01781,M0347,95.78,0
T3223,2025-01-11 09:33:00,C00779,M0009,10.13,0
T4619,2025-01-11 09:55:00,C00239,M0001,12.32,0
T5901,2025-01-11 09:57:00,C01925,M0084,5.01,0
T5388,2025-01-11 10:29:00,C00110,M0265,49.06,0
T6998,2025-01-11 10:32:00,C00753,M0289,8.22,0
T817,2025-01-11 10:34:00,C01489,M0237,43.66,0
T2809,2025-01-11 10:36:00,C00698,M0277,8.82,0
T9111,2025-01-11 10:37:00,C01315,M0260,17.17,0
T2896,2025-01-11 10:37:00,C01634,M0014,8.81,0
T3383,2025-01-11 10:38:00,C00321,M0165,30.0,0
T7660,2025-01-11 10:43:00,C00160,M0087,28.13,0
T1278,2025-01-11 10:48:00,C00863,M0337,15.37,0
T3334,2025-01-11 11:12:00,C01775,M0464,22.86,0
T2594,2025-01-11 11:18:00,C01565,M0429,9.08,0
T7689,2025-01-11 11:18:00,C01217,M0296,3.98,0
T9399,2025-01-11 11:22:00,C01856,M0011,12.14,0
T5096,2025-01-11 11:26:00,C00373,M0216,71.11,0
T3897,2025-01-11 11:28:00,C00679,M0178,8.75,0
T8226,2025-01-11 11:29:00,C01687,M0412,18.98,0
T8301,2025-01-11 11:51:00,C01804,M0164,41.97,0
T6582,2025-01-11 11:56:00,C01482,M0393,9.12,0
T9792,2025-01-11 12:00:00,C01927,M0103,15.11,0
T7062,2025-01-11 12:03:00,C00619,M0040,15.24,0
T9932,2025-01-11 12:30:00,C00370,M0164,19.25,0
T243,2025-01-11 12:31:00,C00222,M0048,30.2,0
T4641,2025-01-11 12:40:00,C01134,M0195,17.77,0
T9552,2025-01-11 12:47:00,C01221,M0189,13.67,0
T7387,2025-01-11 12:53:00,C00622,M0198,14.38,0
T6084,2025-01-11 13:07:00,C00775,M0189,24.21,0
T8529,2025-01-11 13:07:00,C00480,M0224,6.35,0
T3579,2025-01-11 13:13:00,C01904,M0091,8.35,0
T6883,2025-01-11 13:18:00,C01714,M0293,79.93,0
T8631,2025-01-11 13:30:00,C00629,M0013,19.41,0
T5382,2025-01-11 13:36:00,C00889,M0329,4.14,0
T2890,2025-01-11 13:43:00,C01887,M0054,8.17,0
T6140,2025-01-11 14:00:00,C01293,M0486,28.24,0
T9107,2025-01-11 14:08:00,C01980,M0303,28.38,0
T9085,2025-01-11 14:08:00,C01339,M0299,30.7,0
T1647,2025-01-11 14:11:00,C00025,M0230,24.12,0
T725,2025-01-11 14:14:00,C00642,M0145,26.61,0
T9602,2025-01-11 14:21:00,C01266,M0162,88.17,0
T2911,2025-01-11 14:42:00,C01164,M0376,33.77,0
T470,2025-01-11 15:05:00,C01885,M0319,43.8,0
T1741,2025-01-11 15:13:00,C00992,M0296,6.29,0
T1364,2025-01-11 15:17:00,C01772,M0447,77.0,0
T1031,2025-01-11 15:28:00,C01549,M0241,52.66,0
T7711,2025-01-11 15:32:00,C00030,M0448,31.95,0
T368,2025-01-11 15:38:00,C01045,M0216,76.42,0
T6931,2025-01-11 15:39:00,C00434,M0286,7.3,0
T2667,2025-01-11 15:52:00,C01045,M0344,4.97,0
T8121,2025-01-11 15:57:00,C00180,M0423,30.83,0
T1186,2025-01-11 15:58:00,C00121,M0085,3.99,0
T6971,2025-01-11 16:06:00,C01101,M0039,49.33,0
T3495,2025-01-11 16:12:00,C01559,M0106,33.16,0
T2510,2025-01-11 16:19:00,C01531,M0480,58.7,0
T2489,2025-01-11 16:19:00,C01288,M0398,119.42,0
T8066,2025-01-11 16:25:00,C01422,M0171,14.49,0
T6183,2025-01-11 16:26:00,C00563,M0249,66.27,0
T1881,2025-01-11 16:38:00,C01255,M0313,50.4,0
T8895,2025-01-11 16:41:00,C01687,M0294,2.94,0
T8863,2025-01-11 16:47:00,C00038,M0039,13.95,0
T4679,2025-01-11 16:48:00,C00625,M0017,18.81,0
T3787,2025-01-11 16:57:00,C00766,M0331,9.39,0
T2260,2025-01-11 17:02:00,C01153,M0434,18.05,0
T3158,2025-01-11 17:14:00,C00521,M0484,30.41,0
T4087,2025-01-11 17:18:00,C00205,M0460,13.53,0
T8734,2025-01-11 17:18:00,C00554,M0209,51.72,0
T3703,2025-01-11 17:29:00,C00015,M0364,9.81,0
T6466,2025-01-11 17:59:00,C00293,M0130,11.43,0
T581,2025-01-11 18:05:00,C01418,M0013,30.0,0
T6956,2025-01-11 18:24:00,C00257,M0121,19.78,0
T6123,2025-01-11 18:31:00,C01894,M0122,5.27,0
T3840,2025-01-11 18:43:00,C00220,M0226,71.45,0
T946,2025-01-11 18:44:00,C00048,M0205,13.35,0
T4288,2025-01-11 18:54:00,C00934,M0333,25.9,0
T8460,2025-01-11 19:00:00,C00725,M0469,19.23,0
T5637,2025-01-11 19:00:00,C00932,M0082,37.57,0
T4868,2025-01-11 19:09:00,C01043,M0254,8.79,0
T1847,2025-01-11 19:23:00,C01031,M0156,1.83,0
T1903,2025-01-11 19:37:00,C01003,M0007,33.9,0
T6766,2025-01-11 19:37:00,C00511,M0146,7.97,0
T6190,2025-01-11 19:41:00,C00864,M0082,3.45,0
T3421,2025-01-11 19:52:00,C00975,M0183,3.44,0
T7809,2025-01-11 20:05:00,C01271,M0330,46.3,0
T7396,2025-01-11 20:20:00,C00789,M0450,5.66,0
T8413,2025-01-11 20:29:00,C01670,M0311,6.25,0
T6447,2025-01-11 20:30:00,C01158,M0397,72.86,0
T4956,2025-01-11 20:41:00,C01245,M0052,21.29,0
T3450,2025-01-11 20:49:00,C00567,M0326,26.33,0
T9257,2025-01-11 20:59:00,C00125,M0218,18.24,0
T6035,2025-01-11 21:29:00,C00521,M0028,31.47,0
T8504,2025-01-11 21:30:00,C01297,M0245,21.86,0
T6477,2025-01-11 21:36:00,C00140,M0030,19.16,0
T9676,2025-01-11 21:40:00,C00686,M0123,89.34,0
T9297,2025-01-11 21:44:00,C01376,M0071,40.76,0
T150,2025-01-11 21:47:00,C01534,M0186,14.99,0
T205,2025-01-11 21:48:00,C01472,M0386,8.75,0
T6934,2025-01-11 22:08:00,C00381,M0153,120.54,0
T7670,2025-01-11 22:13:00,C01915,M0079,37.01,0
T6705,2025-01-11 22:14:00,C01110,M0056,7.62,0
T4693,2025-01-11 22:15:00,C00161,M0395,12.44,0
T8790,2025-01-11 22:34:00,C01250,M0122,27.86,0
T8254,2025-01-11 22:42:00,C00144,M0074,20.09,0
T8616,2025-01-11 22:44:00,C00470,M0108,3.89,0
T8829,2025-01-11 22:55:00,C01938,M0203,17.74,0
T7835,2025-01-11 23:11:00,C01518,M0380,26.58,0
T6524,2025-01-11 23:12:00,C01304,M0111,22.53,0
T0,2025-01-11 23:15:00,C00272,M0072,3.6,0
T6215,2025-01-11 23:24:00,C00912,M0205,18.6,0
T4315,2025-01-11 23:30:00,C00825,M0167,5.42,0
T6929,2025-01-11 23:43:00,C01556,M0307,49.79,0
T4694,2025-01-11 23:50:00,C01780,M0132,6.08,0
T9721,2025-01-11 23:51:00,C01979,M0152,7.07,0
T3230,2025-01-12 00:08:00,C00408,M0483,11.38,0
T1269,2025-01-12 00:10:00,C00718,M0359,21.71,0
T9536,2025-01-12 00:23:00,C00608,M0461,5.72,0
T7128,2025-01-12 00:27:00,C01789,M0127,56.8,0
T8033,2025-01-12 00:42:00,C00392,M0074,319.39,1
T2636,2025-01-12 00:52:00,C00984,M0028,55.65,0
T8844,2025-01-12 00:53:00,C00653,M0080,28.66,0
T6550,2025-01-12 00:56:00,C00546,M0348,52.32,0
T1318,2025-01-12 00:56:00,C00815,M0374,29.05,0
T4485,2025-01-12 00:59:00,C00106,M0359,28.9,0
T9084,2025-01-12 01:16:00,C00903,M0072,14.34,0
T4802,2025-01-12 01:16:00,C01791,M0498,4.39,0
T9222,2025-01-12 01:28:00,C00272,M0175,67.48,0
T4219,2025-01-12 01:54:00,C01764,M0021,29.46,0
T5509,2025-01-12 02:00:00,C01842,M0152,3.06,1
T6211,2025-01-12 02:00:00,C01267,M0250,32.61,0
T5283,2025-01-12 02:12:00,C00569,M0172,24.81,0
T5604,2025-01-12 02:29:00,C01159,M0460,36.6,0
T7305,2025-01-12 02:34:00,C00112,M0056,4.7,0
T2420,2025-01-12 02:37:00,C01183,M0024,9.39,0
T2062,2025-01-12 02:54:00,C00706,M0283,1.8,0
T9,2025-01-12 03:03:00,C01536,M0274,145.35,0
T2523,2025-01-12 03:09:00,C01954,M0289,5.84,0
T1172,2025-01-12 03:12:00,C00248,M0380,74.48,0
T8707,2025-01-12 03:23:00,C01920,M0101,44.74,0
T2286,2025-01-12 03:32:00,C00850,M0009,32.76,0
T4871,2025-01-12 03:41:00,C00814,M0102,13.47,0
T6435,2025-01-12 03:55:00,C00209,M0176,44.37,0
T1759,2025-01-12 04:02:00,C00469,M0005,3.39,1
T2516,2025-01-12 04:07:00,C00839,M0498,57.78,0
T9102,2025-01-12 04:11:00,C00827,M0012,13.47,0
T4501,2025-01-12 04:23:00,C00343,M0279,105.5,0
T9532,2025-01-12 04:25:00,C01338,M0418,30.83,0
T6672,2025-01-12 04:41:00,C00837,M0496,86.83,0
T5680,2025-01-12 04:42:00,C01706,M0495,30.48,1
T8092,2025-01-12 04:58:00,C00993,M0483,24.61,0
T8900,2025-01-12 05:02:00,C00579,M0254,25.48,0
T2802,2025-01-12 05:14:00,C01592,M0208,30.76,0
T2149,2025-01-12 05:23:00,C01292,M0056,7.9,0
T2554,2025-01-12 05:44:00,C00375,M0117,9.26,0
T4066,2025-01-12 05:53:00,C00116,M0027,45.25,0
T7125,2025-01-12 05:58:00,C00155,M0143,124.84,0
T4007,2025-01-12 05:59:00,C01439,M0372,8.19,0
T3483,2025-01-12 06:09:00,C01685,M0351,7.98,0
T3502,2025-01-12 06:11:00,C00909,M0036,27.3,0
T9968,2025-01-12 06:26:00,C01268,M0180,10.04,0
T3439,2025-01-12 06:37:00,C00900,M0132,3.39,0
T3664,2025-01-12 06:41:00,C00376,M0111,66.26,0
T1093,2025-01-12 06:41:00,C01769,M0081,142.36,1
T4989,2025-01-12 07:00:00,C00488,M0106,65.55,0
T4814,2025-01-12 07:19:00,C00188,M0364,127.66,0
T2971,2025-01-12 07:28:00,C01919,M0429,34.18,0
T9094,2025-01-12 07:44:00,C00472,M0358,5.23,0
T1767,2025-01-12 07:49:00,C00524,M0348,16.02,0
T4251,2025-01-12 08:02:00,C00331,M0455,97.23,0
T4682,2025-01-12 08:31:00,C00938,M0034,6.44,0
T444,2025-01-12 08:44:00,C00742,M0302,37.69,0
T9294,2025-01-12 08:45:00,C01361,M0167,4.09,0
T232,2025-01-12 08:51:00,C00781,M0163,25.69,0
T1380,2025-01-12 08:51:00,C01596,M0478,140.33,0
T6202,2025-01-12 08:54:00,C01391,M0485,31.71,0
T883,2025-01-12 09:09:00,C00532,M0249,14.92,0
T8726,2025-01-12 09:26:00,C00038,M0077,54.93,0
T5308,2025-01-12 09:48:00,C00449,M0384,56.65,0
T8344,2025-01-12 10:08:00,C01157,M0254,32.29,0
T9872,2025-01-12 10:10:00,C00968,M0400,4.09,0
T6717,2025-01-12 10:13:00,C01912,M0232,3.69,0
T2091,2025-01-12 10:16:00,C01906,M0344,88.63,0
T7907,2025-01-12 10:19:00,C00536,M0252,23.2,0
T5254,2025-01-12 10:19:00,C01259,M0008,23.82,0
T1015,2025-01-12 10:38:00,C01421,M0005,17.8,0
T8845,2025-01-12 10:53:00,C01159,M0165,33.33,0
T5205,2025-01-12 11:08:00,C00617,M0056,7.45,0
T4012,2025-01-12 11:23:00,C00981,M0063,81.8,0
T5269,2025-01-12 11:24:00,C00872,M0183,82.93,0
T2345,2025-01-12 11:31:00,C00873,M0419,13.49,0
T7408,2025-01-12 11:32:00,C01049,M0435,7.26,0
T7212,2025-01-12 11:35:00,C01461,M0397,5.63,0
T4484,2025-01-12 11:44:00,C00295,M0130,144.55,0
T5733,2025-01-12 11:55:00,C01022,M0202,40.42,0
T7537,2025-01-12 11:59:00,C00216,M0086,4.1,0
T6349,2025-01-12 12:02:00,C00531,M0370,20.79,0
T3429,2025-01-12 12:06:00,C01646,M0064,45.35,0
T6142,2025-01-12 12:14:00,C00792,M0066,36.51,0
T6286,2025-01-12 12:16:00,C01854,M0465,29.12,0
T3889,2025-01-12 12:29:00,C01981,M0170,55.97,0
T8281,2025-01-12 12:48:00,C01287,M0130,84.85,0
T8283,2025-01-12 12:59:00,C00833,M0385,79.58,0
T5543,2025-01-12 13:06:00,C00243,M0085,48.06,0
T9651,2025-01-12 13:10:00,C00077,M0214,37.48,0
T4403,2025-01-12 13:13:00,C01195,M0204,29.55,0
T7018,2025-01-12 13:25:00,C01074,M0110,13.16,0
T230,2025-01-12 13:26:00,C01626,M0342,12.02,1
T5433,2025-01-12 13:43:00,C00793,M0437,15.28,0
T3848,2025-01-12 13:53:00,C01277,M0367,22.17,0
T8858,2025-01-12 14:02:00,C00991,M0078,33.02,0
T6761,2025-01-12 14:12:00,C00332,M0010,48.32,0
T8184,2025-01-12 14:24:00,C01351,M0046,57.63,0
T5500,2025-01-12 14:29:00,C01224,M0022,23.18,0
T8629,2025-01-12 14:29:00,C00959,M0399,12.14,0
T3096,2025-01-12 14:35:00,C00401,M0296,20.98,0
T3034,2025-01-12 14:44:00,C01939,M0326,125.47,0
T1231,2025-01-12 14:45:00,C01847,M0421,14.27,0
T815,2025-01-12 15:08:00,C00664,M0348,7.99,0
T6164,2025-01-12 15:26:00,C01662,M0125,17.17,0
T9690,2025-01-12 15:26:00,C00084,M0160,28.94,0
T4458,2025-01-12 15:27:00,C00148,M0012,68.29,0
T518,2025-01-12 15:39:00,C01699,M0307,11.1,0
T5151,2025-01-12 16:06:00,C00071,M0024,13.35,0
T3992,2025-01-12 16:35:00,C01085,M0357,18.15,0
T3289,2025-01-12 16:59:00,C01509,M0357,11.93,0
T9425,2025-01-12 17:05:00,C00047,M0045,13.62,0
T398,2025-01-12 17:36:00,C00301,M0379,6.01,0
T4040,2025-01-12 17:41:00,C01040,M0218,32.67,0
T2391,2025-01-12 17:45:00,C00373,M0400,35.93,0
T787,2025-01-12 17:47:00,C00268,M0167,23.81,0
T9901,2025-01-12 17:51:00,C00607,M0265,7.13,0
T2211,2025-01-12 18:00:00,C01505,M0148,10.51,0
T3544,2025-01-12 18:03:00,C00966,M0366,34.86,0
T6047,2025-01-12 18:12:00,C01271,M0136,12.85,0
T8751,2025-01-12 18:14:00,C00456,M0352,14.03,1
T7897,2025-01-12 18:19:00,C00117,M0171,9.11,0
T8851,2025-01-12 18:20:00,C01315,M0356,10.22,0
T8625,2025-01-12 18:36:00,C01668,M0226,43.26,0
T3853,2025-01-12 18:44:00,C01238,M0261,78.02,0
T410,2025-01-12 18:44:00,C01257,M0119,4.05,0
T5019,2025-01-12 18:48:00,C00908,M0335,20.68,0
T3092,2025-01-12 18:57:00,C00804,M0063,49.44,0
T7818,2025-01-12 19:04:00,C01436,M0241,15.23,0
T951,2025-01-12 19:04:00,C01878,M0240,74.03,0
T2700,2025-01-12 19:14:00,C00501,M0305,128.19,0
T4591,2025-01-12 19:19:00,C00858,M0290,18.94,0
T4436,2025-01-12 19:19:00,C00315,M0066,22.4,0
T5916,2025-01-12 19:30:00,C01928,M0298,8.37,0
T2056,2025-01-12 19:34:00,C00677,M0165,45.63,0
T2622,2025-01-12 19:35:00,C01775,M0239,3.28,0
T384,2025-01-12 19:39:00,C00137,M0106,103.75,0
T5662,2025-01-12 19:47:00,C00509,M0470,8.69,0
T7937,2025-01-12 20:03:00,C00475,M0329,15.09,0
T5458,2025-01-12 20:06:00,C00916,M0187,12.11,0
T5932,2025-01-12 20:25:00,C01846,M0258,8.26,0
T2602,2025-01-12 20:29:00,C01281,M0411,14.62,0
T2778,2025-01-12 20:31:00,C01503,M0149,45.82,0
T2638,2025-01-12 20:33:00,C00637,M0437,57.94,0
T3036,2025-01-12 20:47:00,C01040,M0280,40.76,0
T1925,2025-01-12 20:47:00,C01961,M0330,33.74,0
T702,2025-01-12 21:00:00,C01128,M0405,30.63,0
T7086,2025-01-12 21:06:00,C00849,M0340,4.72,0
T9956,2025-01-12 21:18:00,C00440,M0262,15.37,0
T6065,2025-01-12 21:18:00,C01982,M0391,59.22,0
T8402,2025-01-12 21:27:00,C01151,M0480,46.94,0
T7605,2025-01-12 21:38:00,C00645,M0468,33.16,0
T6820,2025-01-12 21:43:00,C01777,M0072,62.65,0
T765,2025-01-12 21:44:00,C01798,M0130,37.87,0
T2383,2025-01-12 21:53:00,C01244,M0255,60.76,0
T3114,2025-01-12 21:54:00,C01670,M0136,5.43,0
T9416,2025-01-12 21:57:00,C01212,M0260,25.8,0
T9883,2025-01-12 21:58:00,C01322,M0390,4.91,0
T50,2025-01-12 21:59:00,C01854,M0444,7.73,0
T6054,2025-01-12 22:14:00,C01608,M0263,8.6,0
T7724,2025-01-12 22:34:00,C01840,M0408,10.19,0
T6621,2025-01-12 22:39:00,C01412,M0408,10.68,0
T7307,2025-01-12 22:45:00,C01934,M0004,57.73,0
T8364,2025-01-12 22:47:00,C01093,M0069,52.24,0
T8541,2025-01-12 23:01:00,C01963,M0120,42.97,0
T5558,2025-01-12 23:21:00,C01382,M0388,12.56,0
T862,2025-01-12 23:40:00,C01384,M0245,11.31,0
T3996,2025-01-12 23:46:00,C00791,M0360,9.63,0
T6471,2025-01-12 23:52:00,C01586,M0387,23.13,0
T9148,2025-01-12 23:56:00,C00427,M0177,5.53,0
T9524,2025-01-13 00:10:00,C01059,M0082,14.87,0
T3176,2025-01-13 00:17:00,C01421,M0124,38.93,0
T6116,2025-01-13 00:17:00,C01040,M0343,5.01,0
T5618,2025-01-13 00:24:00,C00086,M0408,15.7,0
T8099,2025-01-13 00:42:00,C01529,M0200,15.87,0
T9188,2025-01-13 00:43:00,C00726,M0019,207.22,0
T1168,2025-01-13 00:47:00,C01816,M0217,13.87,0
T2210,2025-01-13 01:07:00,C00059,M0347,12.66,0
T8983,2025-01-13 01:12:00,C00473,M0452,10.74,0
T9354,2025-01-13 01:17:00,C01939,M0049,80.06,0
T8470,2025-01-13 01:18:00,C01403,M0369,8.67,0
T1030,2025-01-13 01:28:00,C00817,M0137,34.17,0
T5079,2025-01-13 01:29:00,C01970,M0201,28.95,0
T4422,2025-01-13 01:34:00,C01526,M0433,17.51,0
T4537,2025-01-13 01:35:00,C00732,M0240,181.34,0
T5097,2025-01-13 01:47:00,C01255,M0296,306.76,0
T7981,2025-01-13 01:53:00,C00827,M0494,50.71,0
T7867,2025-01-13 01:57:00,C00871,M0018,131.6,0
T6733,2025-01-13 02:00:00,C01238,M0346,72.67,0
T4244,2025-01-13 02:13:00,C00181,M0304,7.84,0
T280,2025-01-13 02:29:00,C00720,M0205,5.36,0
T8418,2025-01-13 02:38:00,C00160,M0241,14.57,0
T3187,2025-01-13 02:38:00,C00786,M0144,13.59,0
T8435,2025-01-13 02:59:00,C00784,M0168,85.33,0
T1594,2025-01-13 03:22:00,C01135,M0090,7.56,0
T7525,2025-01-13 03:22:00,C00323,M0041,18.65,0
T3507,2025-01-13 03:48:00,C01711,M0239,124.94,0
T7356,2025-01-13 03:49:00,C01941,M0353,13.3,0
T3142,2025-01-13 03:54:00,C00648,M0017,8.64,0
T3032,2025-01-13 04:23:00,C00759,M0018,29.86,0
T7688,2025-01-13 04:28:00,C01025,M0181,41.07,0
T6059,2025-01-13 04:38:00,C01619,M0185,142.35,0
T8144,2025-01-13 04:38:00,C01971,M0393,22.01,0
T3001,2025-01-13 04:49:00,C00942,M0424,52.07,0
T5649,2025-01-13 04:56:00,C00672,M0233,17.82,0
T1473,2025-01-13 05:22:00,C01713,M0409,10.45,0
T3354,2025-01-13 05:31:00,C00465,M0028,8.11,0
T4742,2025-01-13 05:38:00,C01905,M0195,74.69,0
T3414,2025-01-13 05:42:00,C01857,M0169,15.59,0
T2082,2025-01-13 05:45:00,C01839,M0166,37.82,0
T2363,2025-01-13 05:50:00,C00185,M0215,24.49,0
T2055,2025-01-13 05:53:00,C00416,M0425,5.52,0
T614,2025-01-13 06:00:00,C01934,M0472,2.88,0
T5402,2025-01-13 06:13:00,C00605,M0041,72.88,0
T5723,2025-01-13 06:13:00,C00328,M0091,7.52,0
T1468,2025-01-13 06:34:00,C00580,M0340,55.81,0
T9725,2025-01-13 06:42:00,C01918,M0286,59.93,0
T1213,2025-01-13 06:45:00,C01824,M0242,6.91,0
T7520,2025-01-13 07:06:00,C00679,M0230,36.73,0
T3030,2025-01-13 07:09:00,C01466,M0313,42.69,0
T6940,2025-01-13 07:18:00,C00697,M0270,23.69,0
T2071,2025-01-13 07:27:00,C01303,M0256,64.38,0
T8634,2025-01-13 07:33:00,C00359,M0169,17.22,0
T1195,2025-01-13 08:11:00,C01233,M0221,62.97,0
T1942,2025-01-13 08:12:00,C01733,M0071,8.49,0
T1795,2025-01-13 08:18:00,C00390,M0267,2.58,0
T9905,2025-01-13 08:30:00,C00076,M0018,10.99,0
T7040,2025-01-13 08:34:00,C00238,M0351,64.75,0
T6166,2025-01-13 08:36:00,C01987,M0137,12.89,0
T8161,2025-01-13 08:46:00,C00387,M0054,29.75,0
T9740,2025-01-13 09:04:00,C00801,M0258,15.62,0
T1347,2025-01-13 09:30:00,C01205,M0427,13.36,0
T5749,2025-01-13 09:37:00,C00709,M0350,39.4,0
T3150,2025-01-13 09:38:00,C00768,M0298,76.3,0
T2993,2025-01-13 09:42:00,C01656,M0194,10.28,0
T5549,2025-01-13 10:03:00,C00897,M0200,24.3,0
T4396,2025-01-13 10:09:00,C00271,M0288,2.33,0
T3598,2025-01-13 10:28:00,C01026,M0076,42.9,0
T7108,2025-01-13 10:49:00,C00922,M0109,52.54,0
T7459,2025-01-13 11:08:00,C01046,M0491,33.12,0
T492,2025-01-13 11:15:00,C00740,M0360,34.78,0
T675,2025-01-13 12:17:00,C01703,M0259,21.62,0
T5101,2025-01-13 12:19:00,C00818,M0403,39.49,0
T3740,2025-01-13 12:20:00,C01844,M0367,13.94,0
T820,2025-01-13 12:30:00,C00220,M0431,12.05,0
T2450,2025-01-13 12:37:00,C01297,M0455,8.67,0
T147,2025-01-13 12:47:00,C00006,M0426,33.63,0
T7543,2025-01-13 12:51:00,C00993,M0166,5.51,0
T8885,2025-01-13 12:51:00,C00914,M0029,210.79,1
T2847,2025-01-13 12:58:00,C00748,M0210,23.91,0
T4590,2025-01-13 13:02:00,C01209,M0085,4.41,0
T331,2025-01-13 13:10:00,C00475,M0474,34.47,1
T453,2025-01-13 13:11:00,C01082,M0307,6.73,0
T2159,2025-01-13 13:13:00,C00466,M0373,107.1,0
T4867,2025-01-13 13:14:00,C00268,M0422,133.79,0
T2833,2025-01-13 13:39:00,C01286,M0474,17.63,0
T6526,2025-01-13 13:40:00,C01489,M0407,3.39,0
T4825,2025-01-13 13:48:00,C00301,M0428,9.26,0
T2717,2025-01-13 14:13:00,C01701,M0210,22.27,0
T3537,2025-01-13 14:15:00,C01542,M0317,46.1,0
T126,2025-01-13 14:21:00,C01503,M0359,9.82,0
T9945,2025-01-13 14:37:00,C00944,M0075,23.09,0
T5628,2025-01-13 14:37:00,C01356,M0036,22.86,0
T8309,2025-01-13 14:41:00,C00726,M0489,8.5,0
T7714,2025-01-13 14:54:00,C00704,M0438,14.76,0
T3563,2025-01-13 15:19:00,C00662,M0468,10.86,0
T9173,2025-01-13 15:25:00,C01416,M0461,10.59,0
T2992,2025-01-13 15:50:00,C00580,M0082,7.77,0
T8163,2025-01-13 16:16:00,C01984,M0340,6.26,0
T4173,2025-01-13 16:17:00,C01553,M0353,38.17,0
T4691,2025-01-13 16:23:00,C01377,M0346,7.54,0
T9450,2025-01-13 16:23:00,C01149,M0240,3.57,0
T2225,2025-01-13 16:28:00,C01880,M0160,9.93,1
T5105,2025-01-13 16:39:00,C00094,M0239,11.43,0
T3948,2025-01-13 16:47:00,C00236,M0336,59.22,0
T1448,2025-01-13 16:57:00,C00381,M0300,5.14,0
T6343,2025-01-13 17:00:00,C00787,M0104,176.0,0
T8329,2025-01-13 17:02:00,C00999,M0395,12.52,0
T1853,2025-01-13 17:09:00,C01511,M0234,36.01,0
T2497,2025-01-13 17:13:00,C01554,M0418,6.43,0
T7311,2025-01-13 17:16:00,C01104,M0172,19.7,0
T8980,2025-01-13 17:20:00,C01399,M0017,17.15,0
T2656,2025-01-13 17:22:00,C00519,M0300,15.98,0
T5100,2025-01-13 17:23:00,C01826,M0488,17.48,0
T2908,2025-01-13 17:51:00,C01861,M0298,10.8,0
T3321,2025-01-13 17:54:00,C01640,M0107,108.99,0
T3896,2025-01-13 18:15:00,C01379,M0422,23.52,0
T971,2025-01-13 18:21:00,C01750,M0447,61.88,0
T684,2025-01-13 18:24:00,C01911,M0388,43.48,0
T8942,2025-01-13 18:25:00,C00110,M0366,4.46,0
T5025,2025-01-13 18:35:00,C00689,M0269,21.23,1
T26,2025-01-13 19:11:00,C01048,M0283,22.93,0
T5268,2025-01-13 19:23:00,C01668,M0464,9.66,1
T1118,2025-01-13 19:29:00,C01823,M0298,54.59,0
T4212,2025-01-13 19:32:00,C01803,M0120,80.18,0
T2676,2025-01-13 19:54:00,C01548,M0124,42.63,0
T8736,2025-01-13 20:02:00,C01360,M0413,10.33,0
T2723,2025-01-13 20:09:00,C01756,M0412,39.74,0
T8842,2025-01-13 20:42:00,C01425,M0155,129.36,0
T6317,2025-01-13 21:17:00,C01566,M0357,22.34,0
T7831,2025-01-13 21:22:00,C00350,M0094,10.4,0
T964,2025-01-13 21:34:00,C01915,M0141,100.74,0
T301,2025-01-13 21:49:00,C00539,M0273,4.52,0
T8926,2025-01-13 21:55:00,C01154,M0177,34.05,0
T3747,2025-01-13 22:01:00,C00580,M0059,1.73,0
T8536,2025-01-13 22:08:00,C01384,M0060,33.68,0
T5832,2025-01-13 22:10:00,C00689,M0152,11.39,0
T3979,2025-01-13 22:24:00,C01392,M0284,14.76,0
T5526,2025-01-13 22:24:00,C00842,M0232,29.2,0
T1627,2025-01-13 22:39:00,C00299,M0379,7.86,0
T6913,2025-01-13 22:46:00,C00299,M0210,4.33,0
T8164,2025-01-13 22:53:00,C01888,M0018,84.22,0
T2734,2025-01-13 22:58:00,C00251,M0102,7.4,0
T6689,2025-01-13 23:07:00,C01106,M0239,70.28,0
T2634,2025-01-13 23:21:00,C00653,M0152,42.37,0
T4078,2025-01-13 23:29:00,C01044,M0096,4.77,0
T5734,2025-01-13 23:30:00,C00310,M0377,18.81,0
T3202,2025-01-13 23:33:00,C00997,M0450,66.13,0
T8185,2025-01-13 23:45:00,C01894,M0190,7.45,0
T9036,2025-01-13 23:46:00,C00992,M0058,9.68,0
T2706,2025-01-13 23:48:00,C01642,M0354,203.25,0
T310,2025-01-13 23:51:00,C00222,M0112,5.37,0
T7911,2025-01-14 00:13:00,C01465,M0078,1.78,0
T2019,2025-01-14 00:23:00,C01981,M0399,5.19,0
T2652,2025-01-14 00:25:00,C01203,M0366,10.41,0
T2138,2025-01-14 00:32:00,C01999,M0484,20.28,0
T8438,2025-01-14 00:48:00,C01676,M0458,17.36,0
T788,2025-01-14 00:57:00,C01214,M0367,16.55,0
T4959,2025-01-14 01:02:00,C00890,M0231,10.15,0
T1531,2025-01-14 01:07:00,C00133,M0237,8.67,0
T3725,2025-01-14 01:13:00,C01175,M0207,47.22,0
T3218,2025-01-14 01:20:00,C00931,M0466,11.86,0
T8455,2025-01-14 01:27:00,C01938,M0375,36.39,0
T4690,2025-01-14 01:34:00,C01939,M0270,16.79,0
T5043,2025-01-14 01:36:00,C01935,M0272,62.85,0
T6875,2025-01-14 01:50:00,C01474,M0034,7.44,0
T9064,2025-01-14 02:07:00,C01596,M0005,17.86,0
T2819,2025-01-14 02:48:00,C01586,M0469,21.59,0
T487,2025-01-14 02:48:00,C01012,M0408,15.97,0
T9581,2025-01-14 02:50:00,C01742,M0291,2.49,0
T8866,2025-01-14 02:55:00,C00149,M0106,31.21,0
T3964,2025-01-14 03:19:00,C00892,M0327,166.09,0
T4807,2025-01-14 03:31:00,C00580,M0384,64.84,0
T3272,2025-01-14 03:51:00,C01851,M0095,14.12,0
T3511,2025-01-14 04:11:00,C01902,M0018,3.08,0
T8891,2025-01-14 04:16:00,C01386,M0098,112.06,0
T6436,2025-01-14 04:24:00,C00498,M0060,5.33,0
T3660,2025-01-14 04:30:00,C00753,M0448,2.76,0
T3477,2025-01-14 04:48:00,C01588,M0305,57.71,0
T5895,2025-01-14 05:03:00,C01202,M0378,29.97,0
T997,2025-01-14 05:09:00,C01285,M0358,25.67,0
T2481,2025-01-14 05:13:00,C00660,M0089,15.66,0
T5434,2025-01-14 05:33:00,C01831,M0368,40.82,0
T1199,2025-01-14 05:43:00,C00885,M0317,10.0,0
T561,2025-01-14 05:45:00,C00063,M0210,34.12,0
T6220,2025-01-14 05:45:00,C01773,M0345,8.02,0
T7283,2025-01-14 05:53:00,C01165,M0159,87.01,0
T3099,2025-01-14 06:06:00,C00205,M0499,56.09,0
T620,2025-01-14 06:07:00,C00306,M0031,13.21,0
T5155,2025-01-14 06:14:00,C01100,M0342,26.75,0
T966,2025-01-14 06:16:00,C01801,M0397,13.45,0
T1091,2025-01-14 06:17:00,C01001,M0234,34.06,0
T9706,2025-01-14 06:36:00,C01823,M0216,22.01,0
T6987,2025-01-14 06:42:00,C00298,M0085,11.76,0
T1498,2025-01-14 06:49:00,C01669,M0381,29.53,0
T3776,2025-01-14 07:09:00,C00077,M0176,7.78,0
T7104,2025-01-14 07:16:00,C00436,M0325,76.18,0
T7912,2025-01-14 07:17:00,C01958,M0017,20.77,0
T7083,2025-01-14 07:19:00,C00285,M0093,54.26,0
T2148,2025-01-14 07:29:00,C00019,M0467,77.41,0
T4613,2025-01-14 07:33:00,C01753,M0067,14.2,0
T6899,2025-01-14 07:37:00,C00386,M0004,7.29,0
T6854,2025-01-14 07:47:00,C01719,M0000,5.91,0
T342,2025-01-14 07:50:00,C01361,M0246,4.14,0
T723,2025-01-14 07:58:00,C00366,M0473,44.88,0
T2111,2025-01-14 08:01:00,C01925,M0064,17.66,0
T923,2025-01-14 08:16:00,C00000,M0449,20.08,0
T6739,2025-01-14 08:22:00,C01986,M0329,84.92,0
T5145,2025-01-14 08:29:00,C00252,M0101,15.24,0
T4068,2025-01-14 08:33:00,C01753,M0382,15.94,0
T8710,2025-01-14 08:39:00,C01572,M0018,13.94,0
T1249,2025-01-14 08:50:00,C00569,M0476,79.57,0
T7958,2025-01-14 08:52:00,C01787,M0085,9.44,0
T1058,2025-01-14 08:56:00,C00323,M0496,51.57,0
T4494,2025-01-14 08:59:00,C01484,M0101,13.38,0
T799,2025-01-14 09:02:00,C00660,M0206,10.2,0
T6476,2025-01-14 09:07:00,C00065,M0319,28.25,0
T8368,2025-01-14 09:16:00,C01724,M0364,72.65,0
T947,2025-01-14 09:22:00,C00527,M0037,44.21,1
T4581,2025-01-14 09:28:00,C00369,M0274,20.54,0
T4172,2025-01-14 09:36:00,C00572,M0176,5.66,0
T4981,2025-01-14 09:49:00,C00750,M0166,11.43,0
T6639,2025-01-14 10:04:00,C00533,M0401,29.25,0
T3348,2025-01-14 10:17:00,C00739,M0062,2.08,0
T7789,2025-01-14 10:40:00,C01849,M0101,21.02,0
T9071,2025-01-14 11:01:00,C01061,M0344,35.15,0
T6483,2025-01-14 11:05:00,C00669,M0234,92.59,0
T6886,2025-01-14 11:23:00,C01741,M0095,13.73,0
T4611,2025-01-14 11:24:00,C01494,M0263,18.39,0
T9348,2025-01-14 11:40:00,C00729,M0002,27.98,0
T6978,2025-01-14 11:43:00,C01195,M0022,26.24,0
T1345,2025-01-14 11:46:00,C01350,M0357,6.54,0
T2669,2025-01-14 12:06:00,C01063,M0311,35.19,0
T4854,2025-01-14 12:16:00,C01681,M0223,38.47,0
T3928,2025-01-14 12:16:00,C01553,M0061,62.71,0
T55,2025-01-14 12:17:00,C01685,M0239,42.5,0
T8216,2025-01-14 12:22:00,C00317,M0234,50.23,0
T3995,2025-01-14 12:37:00,C00632,M0176,9.89,0
T3328,2025-01-14 13:03:00,C01861,M0067,18.36,0
T371,2025-01-14 13:08:00,C00559,M0200,31.82,0
T1918,2025-01-14 13:08:00,C01592,M0155,34.16,0
T9202,2025-01-14 13:10:00,C01225,M0188,13.34,0
T4714,2025-01-14 13:20:00,C01517,M0419,25.17,0
T9777,2025-01-14 13:22:00,C01689,M0471,37.95,0
T3115,2025-01-14 13:39:00,C01924,M0491,82.58,0
T4665,2025-01-14 13:39:00,C01669,M0471,4.25,0
T1328,2025-01-14 13:41:00,C00637,M0185,14.98,0
T9478,2025-01-14 13:44:00,C01504,M0380,11.47,0
T9070,2025-01-14 13:51:00,C00440,M0361,10.83,0
T4014,2025-01-14 13:52:00,C00378,M0231,63.48,0
T8212,2025-01-14 13:58:00,C00409,M0021,14.38,0
T8532,2025-01-14 14:03:00,C01661,M0233,96.29,0
T9013,2025-01-14 14:09:00,C01686,M0096,49.08,0
T6461,2025-01-14 14:12:00,C00492,M0128,294.83,0
T4010,2025-01-14 14:21:00,C00909,M0274,22.21,1
T6119,2025-01-14 14:21:00,C01071,M0053,11.79,0
T4706,2025-01-14 14:23:00,C00934,M0140,15.71,0
T6470,2025-01-14 14:25:00,C00171,M0310,15.02,0
T3283,2025-01-14 14:35:00,C01235,M0178,28.66,0
T5165,2025-01-14 14:41:00,C00625,M0215,3.7,0
T4574,2025-01-14 14:50:00,C00993,M0263,56.09,0
T3582,2025-01-14 14:51:00,C01332,M0138,46.16,0
T7914,2025-01-14 14:53:00,C00972,M0257,9.81,0
T8859,2025-01-14 15:02:00,C01747,M0193,2.71,0
T1505,2025-01-14 15:03:00,C01421,M0016,2.15,0
T5750,2025-01-14 15:07:00,C00923,M0219,43.26,0
T7806,2025-01-14 15:21:00,C00990,M0124,68.39,0
T9542,2025-01-14 15:22:00,C01628,M0221,2.96,0
T7552,2025-01-14 15:23:00,C01412,M0050,13.74,0
T7838,2025-01-14 15:45:00,C00653,M0483,35.36,0
T2620,2025-01-14 15:55:00,C01170,M0185,11.77,0
T4863,2025-01-14 16:12:00,C01676,M0232,14.25,0
T3764,2025-01-14 16:22:00,C01786,M0332,21.59,0
T3745,2025-01-14 16:30:00,C00983,M0097,27.28,0
T2592,2025-01-14 16:35:00,C01914,M0285,9.98,0
T9018,2025-01-14 16:51:00,C00645,M0043,8.64,0
T288,2025-01-14 16:58:00,C01866,M0466,19.51,0
T4948,2025-01-14 16:58:00,C01698,M0028,30.98,0
T7003,2025-01-14 17:11:00,C01199,M0012,4.1,0
T724,2025-01-14 17:18:00,C00549,M0404,66.5,0
T8606,2025-01-14 17:28:00,C01910,M0177,35.19,0
T6089,2025-01-14 17:33:00,C00255,M0399,12.36,0
T6367,2025-01-14 17:42:00,C00398,M0443,14.05,0
T8463,2025-01-14 17:47:00,C00375,M0225,15.13,0
T7091,2025-01-14 17:50:00,C00602,M0370,17.91,0
T9528,2025-01-14 17:57:00,C01643,M0480,14.57,0
T3194,2025-01-14 17:59:00,C01952,M0346,8.28,0
T4793,2025-01-14 18:00:00,C01622,M0478,100.88,0
T3392,2025-01-14 18:10:00,C00293,M0203,43.92,0
T6537,2025-01-14 18:10:00,C01806,M0304,14.1,0
T1097,2025-01-14 18:16:00,C00645,M0014,35.67,0
T1835,2025-01-14 18:16:00,C00324,M0430,36.09,0
T279,2025-01-14 18:30:00,C00586,M0322,22.49,0
T7143,2025-01-14 19:07:00,C01564,M0051,2.58,0
T575,2025-01-14 19:10:00,C00917,M0312,9.72,0
T3933,2025-01-14 19:13:00,C00026,M0299,17.3,0
T2487,2025-01-14 19:13:00,C01206,M0457,30.87,0
T4113,2025-01-14 19:14:00,C01427,M0120,17.72,0
T2308,2025-01-14 19:17:00,C00157,M0108,31.33,0
T5805,2025-01-14 19:20:00,C00958,M0408,63.83,0
T7041,2025-01-14 19:21:00,C01357,M0315,23.02,0
T8291,2025-01-14 20:15:00,C01852,M0215,39.41,0
T9979,2025-01-14 20:17:00,C00238,M0126,37.19,0
T4798,2025-01-14 20:22:00,C00922,M0169,22.12,0
T7386,2025-01-14 20:30:00,C00102,M0231,16.68,0
T1087,2025-01-14 20:36:00,C01685,M0391,131.96,0
T755,2025-01-14 20:43:00,C01316,M0146,10.95,0
T9130,2025-01-14 20:51:00,C00231,M0297,14.1,0
T1802,2025-01-14 20:55:00,C01487,M0176,8.75,0
T1617,2025-01-14 21:02:00,C01414,M0009,31.97,0
T3843,2025-01-14 21:11:00,C01503,M0492,31.12,0
T4415,2025-01-14 21:16:00,C01301,M0110,15.55,0
T7508,2025-01-14 21:22:00,C00258,M0245,11.13,0
T6156,2025-01-14 21:28:00,C01033,M0446,4.48,0
T3751,2025-01-14 21:42:00,C01018,M0494,20.54,0
T1750,2025-01-14 21:42:00,C00954,M0317,9.23,0
T4176,2025-01-14 21:45:00,C00912,M0118,20.77,0
T6418,2025-01-14 21:48:00,C00863,M0022,16.94,0
T6104,2025-01-14 21:59:00,C01759,M0446,4.54,0
T6583,2025-01-14 22:05:00,C00598,M0049,8.15,0
T9985,2025-01-14 22:07:00,C01557,M0057,17.11,0
T1757,2025-01-14 22:09:00,C00302,M0403,163.49,0
T402,2025-01-14 22:16:00,C00532,M0393,15.92,0
T6448,2025-01-14 22:16:00,C01867,M0399,25.0,0
T3774,2025-01-14 22:18:00,C01934,M0314,31.79,0
T2779,2025-01-14 22:34:00,C01956,M0338,8.69,0
T1176,2025-01-14 22:39:00,C01908,M0374,6.9,0
T8635,2025-01-14 22:40:00,C00517,M0306,11.45,0
T6540,2025-01-14 22:45:00,C00669,M0355,26.32,0
T3605,2025-01-14 22:53:00,C01862,M0302,109.35,0
T2801,2025-01-14 22:55:00,C01168,M0088,84.33,0
T2128,2025-01-14 23:03:00,C01563,M0181,20.53,0
T1009,2025-01-14 23:03:00,C01856,M0088,5.85,0
T7624,2025-01-14 23:04:00,C01036,M0084,93.16,0
T6688,2025-01-14 23:16:00,C00676,M0291,15.37,0
T9722,2025-01-14 23:25:00,C01736,M0169,16.68,0
T911,2025-01-14 23:28:00,C00890,M0359,9.71,0
T3381,2025-01-14 23:31:00,C01407,M0060,29.02,0
T3562,2025-01-14 23:32:00,C01111,M0115,41.02,0
T9459,2025-01-14 23:40:00,C01632,M0274,21.95,0
T503,2025-01-14 23:50:00,C01548,M0069,23.24,0
T639,2025-01-14 23:59:00,C01719,M0030,38.22,0
T4411,2025-01-15 00:16:00,C00283,M0318,7.01,0
T7565,2025-01-15 00:23:00,C01858,M0095,25.56,0
T8202,2025-01-15 00:27:00,C00303,M0281,14.83,0
T6147,2025-01-15 00:53:00,C01823,M0380,12.31,0
T3264,2025-01-15 00:59:00,C01660,M0254,11.16,0
T6653,2025-01-15 01:04:00,C00953,M0153,25.59,0
T5504,2025-01-15 01:25:00,C01607,M0117,8.85,0
T9971,2025-01-15 01:36:00,C01852,M0202,23.83,0
T7470,2025-01-15 01:49:00,C01144,M0226,57.13,0
T2321,2025-01-15 02:01:00,C00557,M0043,5.1,0
T3581,2025-01-15 02:27:00,C01891,M0266,33.71,0
T670,2025-01-15 02:29:00,C00640,M0484,55.23,0
T3775,2025-01-15 02:33:00,C01542,M0295,73.83,0
T7289,2025-01-15 02:36:00,C01214,M0344,75.24,0
T5017,2025-01-15 02:36:00,C01732,M0132,88.61,0
T5307,2025-01-15 02:43:00,C01803,M0134,9.89,0
T4481,2025-01-15 02:44:00,C01766,M0224,6.67,0
T1858,2025-01-15 02:57:00,C00944,M0445,12.43,0
T9703,2025-01-15 03:04:00,C01013,M0354,34.99,0
T4967,2025-01-15 03:14:00,C00453,M0069,10.93,0
T2729,2025-01-15 03:14:00,C00531,M0388,7.58,0
T475,2025-01-15 03:18:00,C01835,M0388,15.95,0
T8122,2025-01-15 03:25:00,C00724,M0455,67.37,0
T8783,2025-01-15 03:29:00,C01836,M0433,35.98,0
T9603,2025-01-15 03:32:00,C01847,M0282,15.81,0
T674,2025-01-15 03:44:00,C00622,M0032,15.04,0
T4930,2025-01-15 03:49:00,C00483,M0281,39.0,0
T8747,2025-01-15 03:49:00,C00870,M0326,16.76,0
T7811,2025-01-15 03:50:00,C00038,M0147,91.61,0
T9040,2025-01-15 04:31:00,C01691,M0446,19.67,0
T5189,2025-01-15 04:35:00,C00174,M0192,7.67,0
T3596,2025-01-15 04:47:00,C01500,M0417,14.37,0
T9205,2025-01-15 05:00:00,C00157,M0088,42.88,0
T3874,2025-01-15 05:06:00,C01491,M0384,6.5,0
T5784,2025-01-15 05:10:00,C01467,M0110,232.17,0
T1305,2025-01-15 05:31:00,C00802,M0305,6.69,0
T4746,2025-01-15 06:07:00,C01946,M0222,5.99,0
T3221,2025-01-15 06:18:00,C00658,M0227,30.88,0
T7994,2025-01-15 06:19:00,C00562,M0144,128.91,0
T7648,2025-01-15 06:21:00,C00150,M0489,19.47,0
T607,2025-01-15 06:39:00,C00546,M0249,4.78,0
T4962,2025-01-15 06:46:00,C01345,M0121,4.59,0
T2441,2025-01-15 06:47:00,C01504,M0000,6.73,1
T1295,2025-01-15 07:01:00,C01341,M0273,12.98,0
T1677,2025-01-15 07:01:00,C01498,M0360,17.35,0
T3924,2025-01-15 07:03:00,C00808,M0068,44.87,0
T8474,2025-01-15 07:15:00,C00569,M0196,8.81,0
T9705,2025-01-15 07:21:00,C01915,M0278,26.59,0
T8525,2025-01-15 07:27:00,C00981,M0351,18.74,0
T7848,2025-01-15 07:28:00,C00149,M0053,10.98,0
T1014,2025-01-15 07:29:00,C00331,M0137,42.9,0
T2186,2025-01-15 07:29:00,C00738,M0066,8.65,0
T950,2025-01-15 07:31:00,C00761,M0072,85.12,0
T908,2025-01-15 07:38:00,C01728,M0440,55.3,0
T7989,2025-01-15 07:45:00,C01965,M0227,16.98,0
T2651,2025-01-15 08:04:00,C01277,M0445,17.37,0
T6154,2025-01-15 08:11:00,C01299,M0493,58.72,0
T7593,2025-01-15 08:15:00,C00543,M0484,40.56,0
T6613,2025-01-15 08:19:00,C00553,M0138,24.91,0
T8479,2025-01-15 08:21:00,C00228,M0134,23.3,0
T1356,2025-01-15 08:22:00,C00867,M0319,13.95,0
T5347,2025-01-15 08:26:00,C01844,M0304,16.39,0
T9586,2025-01-15 08:44:00,C01615,M0024,0.95,0
T7374,2025-01-15 08:49:00,C01840,M0394,40.21,0
T6833,2025-01-15 08:58:00,C01451,M0258,6.14,0
T3824,2025-01-15 09:00:00,C01277,M0427,2.11,0
T9106,2025-01-15 09:07:00,C00293,M0127,1.09,0
T6102,2025-01-15 09:11:00,C00823,M0416,4.04,0
T8386,2025-01-15 09:19:00,C00541,M0033,7.25,0
T5591,2025-01-15 09:46:00,C01561,M0416,12.87,0
T7398,2025-01-15 09:50:00,C00846,M0373,5.36,0
T463,2025-01-15 10:04:00,C01936,M0088,16.19,0
T4764,2025-01-15 10:29:00,C01325,M0242,94.48,1
T8730,2025-01-15 10:40:00,C00205,M0228,2.54,0
T7185,2025-01-15 10:45:00,C01406,M0034,0.95,0
T1104,2025-01-15 10:46:00,C01914,M0264,21.64,0
T3528,2025-01-15 10:48:00,C01178,M0404,28.52,0
T5442,2025-01-15 10:51:00,C01938,M0012,28.84,0
T8031,2025-01-15 11:03:00,C00171,M0369,20.64,0
T5624,2025-01-15 11:07:00,C01757,M0159,53.51,0
T6848,2025-01-15 11:16:00,C00986,M0479,8.56,0
T8421,2025-01-15 11:22:00,C01923,M0298,25.93,0
T5275,2025-01-15 11:35:00,C01328,M0174,24.86,0
T4799,2025-01-15 11:42:00,C00831,M0496,5.21,0
T6091,2025-01-15 11:43:00,C01013,M0405,15.68,0
T9570,2025-01-15 11:54:00,C01170,M0072,19.93,0
T3310,2025-01-15 11:58:00,C01073,M0306,2.49,0
T4490,2025-01-15 12:04:00,C01106,M0000,39.46,0
T5049,2025-01-15 12:04:00,C00200,M0456,35.53,0
T5881,2025-01-15 12:38:00,C01068,M0224,44.83,0
T5015,2025-01-15 12:42:00,C00135,M0467,13.48,0
T5903,2025-01-15 12:43:00,C00442,M0301,7.43,0
T236,2025-01-15 12:52:00,C00338,M0194,18.97,0
T3616,2025-01-15 12:56:00,C00315,M0483,13.78,0
T9867,2025-01-15 13:06:00,C01269,M0475,2.91,0
T1568,2025-01-15 13:13:00,C01495,M0020,11.13,0
T3830,2025-01-15 13:14:00,C00943,M0042,14.31,0
T5493,2025-01-15 13:15:00,C01876,M0137,9.85,0
T3610,2025-01-15 13:23:00,C00894,M0254,2.84,0
T8543,2025-01-15 13:28:00,C01652,M0047,59.63,0
T6443,2025-01-15 13:37:00,C00057,M0405,17.03,0
T7441,2025-01-15 13:41:00,C01340,M0294,23.07,0
T8464,2025-01-15 13:42:00,C01181,M0351,17.68,0
T8152,2025-01-15 13:51:00,C00998,M0161,35.43,0
T6205,2025-01-15 14:29:00,C00760,M0113,13.02,0
T2755,2025-01-15 14:38:00,C00817,M0431,12.16,0
T5874,2025-01-15 14:42:00,C01451,M0375,6.15,0
T6133,2025-01-15 14:45:00,C00229,M0236,131.19,0
T7675,2025-01-15 14:58:00,C00725,M0153,14.48,0
T7686,2025-01-15 14:59:00,C00682,M0039,70.59,0
T5411,2025-01-15 15:07:00,C01367,M0022,23.93,0
T3320,2025-01-15 15:23:00,C00567,M0290,10.05,0
T5293,2025-01-15 15:37:00,C00836,M0329,16.17,0
T4275,2025-01-15 15:53:00,C01675,M0142,56.82,0
T4622,2025-01-15 15:59:00,C01360,M0000,59.39,1
T7090,2025-01-15 16:00:00,C01733,M0049,32.55,0
T5439,2025-01-15 16:33:00,C00477,M0347,19.43,0
T5631,2025-01-15 16:44:00,C01637,M0012,37.68,0
T8565,2025-01-15 16:48:00,C00346,M0331,12.41,0
T1250,2025-01-15 16:52:00,C00508,M0121,22.04,0
T8703,2025-01-15 17:02:00,C00625,M0386,28.25,0
T1574,2025-01-15 17:15:00,C01950,M0246,8.53,0
T5599,2025-01-15 17:19:00,C01082,M0323,13.69,0
T6581,2025-01-15 17:29:00,C01544,M0346,22.63,0
T2302,2025-01-15 17:43:00,C00981,M0142,5.5,0
T8195,2025-01-15 17:45:00,C00362,M0111,5.27,0
T4225,2025-01-15 17:45:00,C01706,M0077,27.17,0
T7748,2025-01-15 18:12:00,C00326,M0198,16.53,0
T2735,2025-01-15 18:13:00,C01100,M0367,53.38,0
T9223,2025-01-15 18:34:00,C01242,M0436,28.18,0
T4137,2025-01-15 18:41:00,C01218,M0466,3.46,0
T3386,2025-01-15 18:41:00,C00528,M0076,9.14,0
T1739,2025-01-15 18:48:00,C01413,M0275,39.39,0
T5929,2025-01-15 18:52:00,C00558,M0430,5.79,0
T7581,2025-01-15 19:01:00,C01939,M0495,23.02,0
T7743,2025-01-15 19:04:00,C01239,M0218,14.38,0
T3171,2025-01-15 19:12:00,C00585,M0115,11.73,0
T5507,2025-01-15 19:16:00,C01249,M0088,25.02,0
T8113,2025-01-15 19:22:00,C00474,M0027,31.57,0
T8187,2025-01-15 19:23:00,C00591,M0102,23.8,0
T9175,2025-01-15 19:29:00,C00094,M0084,8.11,0
T6771,2025-01-15 19:41:00,C01722,M0011,8.64,0
T507,2025-01-15 19:52:00,C01975,M0107,29.15,0
T8733,2025-01-15 19:52:00,C01951,M0146,49.91,0
T263,2025-01-15 19:57:00,C01868,M0069,12.53,0
T7975,2025-01-15 19:59:00,C00592,M0450,12.03,0
T8448,2025-01-15 20:00:00,C01801,M0253,63.08,0
T2754,2025-01-15 20:24:00,C01631,M0459,157.74,1
T3056,2025-01-15 20:26:00,C01083,M0492,4.12,0
T8782,2025-01-15 20:30:00,C00849,M0056,12.02,0
T7027,2025-01-15 20:35:00,C01867,M0373,9.58,0
T5927,2025-01-15 20:38:00,C01357,M0104,43.98,0
T7631,2025-01-15 20:40:00,C01773,M0183,8.83,0
T7126,2025-01-15 20:51:00,C00711,M0463,17.74,0
T1576,2025-01-15 21:07:00,C01045,M0359,6.19,0
T5178,2025-01-15 21:18:00,C00368,M0141,59.53,0
T2865,2025-01-15 21:27:00,C00171,M0112,55.42,0
T627,2025-01-15 21:27:00,C00704,M0276,19.66,0
T5844,2025-01-15 21:53:00,C01011,M0133,18.74,0
T8383,2025-01-15 22:18:00,C01308,M0335,157.93,0
T9273,2025-01-15 22:34:00,C01428,M0273,64.34,0
T1301,2025-01-15 22:40:00,C00292,M0473,11.89,0
T9359,2025-01-15 22:54:00,C01038,M0387,29.1,0
T3732,2025-01-15 23:02:00,C00437,M0255,55.27,0
T540,2025-01-15 23:05:00,C00889,M0176,13.97,0
T1629,2025-01-15 23:23:00,C00546,M0331,16.59,0
T1101,2025-01-15 23:26:00,C01401,M0439,39.52,0
T7770,2025-01-15 23:35:00,C00243,M0129,55.4,0
T7454,2025-01-15 23:36:00,C00094,M0478,18.26,0
T8258,2025-01-15 23:37:00,C00470,M0358,78.32,0
T6662,2025-01-15 23:44:00,C00249,M0147,7.34,0
T7598,2025-01-16 00:02:00,C00016,M0122,64.83,0
T9210,2025-01-16 00:05:00,C01514,M0363,119.63,0
T3631,2025-01-16 00:07:00,C00970,M0265,29.25,0
T2556,2025-01-16 00:21:00,C00389,M0058,67.5,0
T3673,2025-01-16 00:25:00,C01979,M0391,51.05,0
T8289,2025-01-16 00:30:00,C01967,M0478,26.14,0
T1969,2025-01-16 00:36:00,C01710,M0224,7.97,0
T5933,2025-01-16 00:38:00,C01436,M0238,11.3,0
T4401,2025-01-16 00:39:00,C01553,M0185,143.35,0
T3938,2025-01-16 00:44:00,C01575,M0124,9.88,0
T5863,2025-01-16 00:50:00,C00813,M0069,14.77,0
T6816,2025-01-16 01:12:00,C01813,M0111,12.83,0
T6906,2025-01-16 01:13:00,C00890,M0023,40.04,0
T2026,2025-01-16 01:15:00,C01052,M0216,11.23,0
T556,2025-01-16 01:17:00,C00638,M0130,204.18,0
T5367,2025-01-16 01:24:00,C01381,M0173,50.04,1
T9305,2025-01-16 01:26:00,C00225,M0173,20.19,0
T541,2025-01-16 01:29:00,C01758,M0256,31.75,0
T2467,2025-01-16 02:07:00,C00477,M0125,29.36,0
T610,2025-01-16 02:12:00,C00380,M0277,24.15,0
T6716,2025-01-16 02:31:00,C00177,M0275,6.94,0
T1486,2025-01-16 02:34:00,C00815,M0069,31.32,0
T2913,2025-01-16 02:58:00,C01838,M0137,11.47,1
T1264,2025-01-16 03:12:00,C01870,M0296,4.55,0
T2749,2025-01-16 03:20:00,C01035,M0077,4.69,0
T1673,2025-01-16 03:24:00,C00386,M0081,15.83,0
T2536,2025-01-16 03:37:00,C00238,M0436,48.5,0
T3338,2025-01-16 03:46:00,C01033,M0121,12.03,1
T146,2025-01-16 03:54:00,C00253,M0225,16.49,0
T4448,2025-01-16 03:59:00,C00968,M0391,30.25,0
T4135,2025-01-16 04:29:00,C00546,M0269,22.49,0
T7070,2025-01-16 04:36:00,C00046,M0214,51.34,0
T5369,2025-01-16 04:49:00,C01467,M0237,12.34,0
T226,2025-01-16 05:18:00,C00672,M0116,9.51,0
T1825,2025-01-16 05:27:00,C00068,M0331,7.04,0
T704,2025-01-16 05:49:00,C01456,M0082,4.27,0
T161,2025-01-16 05:59:00,C00833,M0233,7.97,0
T151,2025-01-16 06:16:00,C01604,M0002,7.13,0
T3508,2025-01-16 06:45:00,C01574,M0357,73.98,0
T4383,2025-01-16 06:50:00,C01739,M0155,46.95,0
T2900,2025-01-16 06:50:00,C00983,M0477,19.8,0
T1786,2025-01-16 06:55:00,C00381,M0168,138.24,0
T9942,2025-01-16 07:04:00,C01989,M0308,43.82,0
T3402,2025-01-16 07:11:00,C00951,M0030,4.83,0
T1602,2025-01-16 07:22:00,C00303,M0410,47.97,0
T3207,2025-01-16 07:32:00,C00167,M0416,19.71,0
T3051,2025-01-16 07:34:00,C01327,M0325,6.99,0
T9638,2025-01-16 07:56:00,C00893,M0310,12.78,0
T5921,2025-01-16 08:12:00,C01998,M0408,22.01,0
T1054,2025-01-16 08:36:00,C00596,M0169,7.46,0
T9502,2025-01-16 08:37:00,C00740,M0178,18.5,0
T4561,2025-01-16 09:24:00,C00829,M0324,36.01,0
T2396,2025-01-16 09:28:00,C01013,M0111,30.58,0
T3422,2025-01-16 09:33:00,C01605,M0358,12.69,0
T1226,2025-01-16 09:40:00,C01894,M0217,9.49,0
T3083,2025-01-16 09:50:00,C01196,M0267,4.43,0
T3322,2025-01-16 09:50:00,C00131,M0407,28.93,0
T5415,2025-01-16 09:51:00,C00269,M0143,26.7,0
T5730,2025-01-16 09:55:00,C00719,M0111,14.25,0
T3053,2025-01-16 10:07:00,C01050,M0393,11.41,0
T9492,2025-01-16 10:11:00,C00430,M0297,35.49,0
T9368,2025-01-16 10:28:00,C01300,M0209,16.63,0
T4628,2025-01-16 10:50:00,C01139,M0468,31.15,0
T7592,2025-01-16 10:59:00,C01112,M0109,33.19,0
T2727,2025-01-16 11:03:00,C01949,M0400,5.68,0
T136,2025-01-16 11:39:00,C01728,M0123,83.3,0
T8268,2025-01-16 11:41:00,C00284,M0118,19.31,0
T3349,2025-01-16 11:53:00,C00113,M0447,3.85,0
T3870,2025-01-16 11:58:00,C00516,M0174,3.64,0
T9833,2025-01-16 12:11:00,C01632,M0375,11.5,0
T4379,2025-01-16 12:15:00,C00105,M0276,17.68,0
T5346,2025-01-16 12:17:00,C00560,M0080,49.34,0
T7521,2025-01-16 12:20:00,C00864,M0491,6.26,0
T9199,2025-01-16 12:49:00,C01771,M0169,21.49,0
T9564,2025-01-16 13:11:00,C01722,M0012,11.04,1
T5488,2025-01-16 13:14:00,C00014,M0437,4.15,0
T7540,2025-01-16 13:18:00,C00447,M0296,9.41,0
T272,2025-01-16 13:19:00,C01903,M0364,33.56,0
T3879,2025-01-16 13:32:00,C01364,M0249,236.17,0
T771,2025-01-16 13:35:00,C00296,M0432,8.32,0
T8239,2025-01-16 13:39:00,C01379,M0126,16.14,0
T8947,2025-01-16 13:39:00,C01992,M0301,9.76,0
T2296,2025-01-16 13:40:00,C01602,M0459,18.26,0
T1694,2025-01-16 13:51:00,C01165,M0116,90.03,0
T3071,2025-01-16 13:52:00,C01148,M0006,19.46,0
T2587,2025-01-16 13:56:00,C01923,M0010,27.72,0
T4617,2025-01-16 13:59:00,C00079,M0198,118.91,0
T3471,2025-01-16 14:00:00,C00615,M0453,13.41,0
T1954,2025-01-16 14:03:00,C00130,M0481,71.53,0
T6633,2025-01-16 14:29:00,C00694,M0068,6.08,0
T7049,2025-01-16 14:46:00,C01031,M0042,35.14,0
T5656,2025-01-16 14:50:00,C01533,M0212,25.62,0
T5976,2025-01-16 14:59:00,C00462,M0432,5.34,0
T6162,2025-01-16 15:04:00,C00551,M0250,120.91,0
T1516,2025-01-16 15:34:00,C00914,M0204,16.04,0
T4060,2025-01-16 15:47:00,C01415,M0318,22.09,0
T8832,2025-01-16 15:53:00,C00394,M0258,173.0,0
T5076,2025-01-16 15:53:00,C00197,M0003,5.23,0
T794,2025-01-16 16:14:00,C00796,M0369,0.9,0
T4464,2025-01-16 16:28:00,C01654,M0085,8.71,0
T3739,2025-01-16 16:41:00,C00015,M0247,33.48,0
T8465,2025-01-16 16:46:00,C01837,M0499,11.39,0
T1961,2025-01-16 16:52:00,C00062,M0286,49.91,0
T2335,2025-01-16 16:54:00,C00820,M0211,20.37,0
T6066,2025-01-16 16:56:00,C01107,M0442,17.14,0
T9318,2025-01-16 17:00:00,C01594,M0167,80.19,0
T4049,2025-01-16 17:05:00,C00374,M0495,6.6,0
T3807,2025-01-16 17:06:00,C01382,M0373,73.33,0
T6507,2025-01-16 17:14:00,C01509,M0166,121.22,0
T2461,2025-01-16 17:36:00,C01840,M0032,28.74,0
T102,2025-01-16 17:42:00,C00956,M0173,31.14,0
T9650,2025-01-16 17:46:00,C01674,M0436,21.59,0
T2649,2025-01-16 17:49:00,C00895,M0022,24.07,0
T200,2025-01-16 17:51:00,C00426,M0396,28.44,0
T362,2025-01-16 17:57:00,C01804,M0497,13.83,0
T5296,2025-01-16 18:12:00,C01779,M0160,30.57,0
T9561,2025-01-16 18:14:00,C00086,M0472,72.23,0
T605,2025-01-16 18:20:00,C01196,M0201,10.45,0
T6135,2025-01-16 18:26:00,C00177,M0329,102.67,0
T3466,2025-01-16 18:56:00,C00143,M0082,5.25,0
T7057,2025-01-16 18:58:00,C00085,M0369,5.24,0
T2283,2025-01-16 19:00:00,C00578,M0196,7.54,0
T9382,2025-01-16 19:05:00,C01733,M0130,6.41,0
T2886,2025-01-16 19:06:00,C00654,M0118,48.78,0
T7819,2025-01-16 19:20:00,C00945,M0495,42.13,0
T7668,2025-01-16 19:23:00,C01386,M0377,18.61,0
T4707,2025-01-16 19:25:00,C00912,M0473,36.0,0
T8293,2025-01-16 19:44:00,C00307,M0072,13.37,0
T6745,2025-01-16 19:45:00,C00590,M0417,9.12,0
T3123,2025-01-16 19:45:00,C00002,M0409,42.86,0
T4875,2025-01-16 20:00:00,C01188,M0382,165.14,0
T6313,2025-01-16 20:13:00,C00494,M0044,16.17,0
T9828,2025-01-16 20:21:00,C00008,M0188,14.58,0
T6909,2025-01-16 20:21:00,C00962,M0400,80.72,0
T5253,2025-01-16 20:31:00,C00354,M0463,106.81,0
T5900,2025-01-16 20:37:00,C01224,M0302,10.25,0
T3183,2025-01-16 20:52:00,C00369,M0070,18.5,0
T4482,2025-01-16 21:07:00,C01356,M0472,10.68,1
T6620,2025-01-16 21:24:00,C01266,M0293,3.67,0
T1527,2025-01-16 21:30:00,C01496,M0081,35.24,0
T5108,2025-01-16 21:48:00,C01548,M0047,8.73,0
T1890,2025-01-16 21:51:00,C01419,M0108,9.08,0
T8365,2025-01-16 21:52:00,C01341,M0159,8.28,0
T5284,2025-01-16 22:07:00,C01870,M0386,63.51,0
T4032,2025-01-16 22:11:00,C01740,M0356,31.36,0
T8233,2025-01-16 22:16:00,C01309,M0344,8.98,0
T9073,2025-01-16 22:28:00,C00590,M0301,26.48,0
T8826,2025-01-16 22:38:00,C01570,M0173,4.5,0
T7163,2025-01-16 23:10:00,C00210,M0326,29.33,0
T8673,2025-01-16 23:15:00,C01024,M0190,5.36,0
T6681,2025-01-16 23:24:00,C01640,M0050,10.39,0
T1626,2025-01-16 23:39:00,C00754,M0063,25.68,0
T8295,2025-01-16 23:47:00,C00474,M0377,55.18,0
T9898,2025-01-16 23:59:00,C00769,M0338,38.42,0
T434,2025-01-17 00:09:00,C01694,M0482,2.95,0
T1296,2025-01-17 00:11:00,C00565,M0055,38.68,0
T784,2025-01-17 00:21:00,C00467,M0001,19.81,0
T3885,2025-01-17 00:24:00,C00158,M0141,113.01,0
T6356,2025-01-17 00:25:00,C01475,M0482,16.89,0
T3656,2025-01-17 00:51:00,C01579,M0488,53.18,0
T324,2025-01-17 00:53:00,C00419,M0405,35.28,0
T7656,2025-01-17 00:57:00,C00331,M0201,21.74,0
T7487,2025-01-17 01:04:00,C00979,M0387,65.83,0
T7220,2025-01-17 01:47:00,C00683,M0011,82.61,0
T9793,2025-01-17 01:47:00,C00525,M0430,6.4,0
T1261,2025-01-17 01:50:00,C01257,M0328,29.16,0
T5560,2025-01-17 01:54:00,C00930,M0262,18.91,0
T5328,2025-01-17 02:05:00,C00833,M0210,27.84,0
T2011,2025-01-17 02:11:00,C01070,M0437,29.07,0
T3213,2025-01-17 02:13:00,C00354,M0077,20.81,0
T2279,2025-01-17 02:17:00,C01331,M0483,10.59,0
T4353,2025-01-17 02:25:00,C00221,M0470,7.0,0
T1898,2025-01-17 02:36:00,C01584,M0481,124.52,0
T4257,2025-01-17 02:39:00,C00633,M0422,35.52,0
T2518,2025-01-17 03:05:00,C01051,M0212,15.79,0
T8766,2025-01-17 03:07:00,C00449,M0376,12.56,0
T1184,2025-01-17 03:16:00,C01276,M0311,8.67,0
T9856,2025-01-17 03:24:00,C01431,M0435,21.42,0
T72,2025-01-17 03:27:00,C01794,M0470,37.61,0
T4164,2025-01-17 03:28:00,C01109,M0311,26.21,0
T2611,2025-01-17 03:32:00,C00765,M0475,10.43,0
T851,2025-01-17 03:55:00,C01673,M0020,59.56,0
T1804,2025-01-17 03:59:00,C00245,M0315,18.58,0
T6009,2025-01-17 04:03:00,C01713,M0011,22.58,0
T2579,2025-01-17 04:04:00,C00020,M0252,3.65,0
T439,2025-01-17 04:09:00,C00043,M0106,14.86,0
T8276,2025-01-17 04:10:00,C00301,M0281,192.27,0
T2248,2025-01-17 04:11:00,C00602,M0241,47.73,0
T8943,2025-01-17 04:16:00,C00998,M0416,238.07,0
T2252,2025-01-17 04:32:00,C01479,M0070,21.49,0
T792,2025-01-17 04:41:00,C01461,M0364,25.74,0
T269,2025-01-17 04:48:00,C01319,M0108,10.63,0
T6680,2025-01-17 04:51:00,C01784,M0474,31.3,0
T8615,2025-01-17 04:52:00,C00923,M0119,12.63,0
T9669,2025-01-17 05:01:00,C01004,M0372,10.53,0
T6480,2025-01-17 05:05:00,C00188,M0065,20.39,0
T7497,2025-01-17 05:10:00,C00400,M0013,28.32,0
T3085,2025-01-17 05:37:00,C01660,M0000,4.38,0
T5486,2025-01-17 05:42:00,C00682,M0494,21.04,0
T4889,2025-01-17 05:43:00,C00642,M0383,23.05,0
T2903,2025-01-17 05:43:00,C00475,M0262,18.06,0
T741,2025-01-17 05:46:00,C00755,M0433,3.26,0
T4518,2025-01-17 05:46:00,C00883,M0184,14.52,0
T2431,2025-01-17 05:47:00,C01077,M0088,46.87,0
T9433,2025-01-17 05:56:00,C01059,M0315,76.61,0
T1706,2025-01-17 05:58:00,C01266,M0165,35.18,0
T4242,2025-01-17 06:08:00,C01321,M0463,11.64,0
T1595,2025-01-17 06:11:00,C01786,M0300,96.72,0
T122,2025-01-17 06:19:00,C00560,M0121,9.39,0
T2206,2025-01-17 06:29:00,C01447,M0008,38.99,0
T5955,2025-01-17 07:04:00,C00166,M0428,45.6,0
T4595,2025-01-17 07:10:00,C00353,M0065,94.72,0
T2326,2025-01-17 07:12:00,C00478,M0004,8.06,0
T6132,2025-01-17 07:14:00,C01512,M0227,7.74,0
T3491,2025-01-17 07:18:00,C00024,M0179,12.64,0
T2675,2025-01-17 07:21:00,C00350,M0059,184.92,1
T48,2025-01-17 07:23:00,C00746,M0203,7.6,0
T6248,2025-01-17 07:28:00,C00373,M0237,34.52,0
T1839,2025-01-17 07:39:00,C00573,M0446,18.6,0
T1357,2025-01-17 07:50:00,C00687,M0244,18.74,0
T7980,2025-01-17 07:59:00,C00910,M0294,11.17,0
T8661,2025-01-17 08:04:00,C00606,M0279,34.13,0
T690,2025-01-17 08:04:00,C00126,M0465,51.35,0
T7658,2025-01-17 08:05:00,C00892,M0279,12.19,0
T5267,2025-01-17 08:07:00,C00441,M0032,160.53,0
T8050,2025-01-17 08:15:00,C00542,M0197,8.73,0
T6753,2025-01-17 08:28:00,C01600,M0351,28.87,0
T3539,2025-01-17 08:34:00,C01359,M0006,12.42,0
T4620,2025-01-17 08:39:00,C00556,M0256,15.16,0
T2952,2025-01-17 08:47:00,C00443,M0150,15.34,0
T4747,2025-01-17 08:49:00,C00634,M0368,16.92,0
T9930,2025-01-17 08:52:00,C01331,M0418,6.0,0
T689,2025-01-17 08:54:00,C00530,M0088,5.61,0
T4984,2025-01-17 08:56:00,C01207,M0499,17.83,0
T6536,2025-01-17 09:20:00,C01165,M0303,9.07,0
T7596,2025-01-17 09:30:00,C00249,M0056,8.57,0
T4017,2025-01-17 09:40:00,C00999,M0157,77.89,0
T791,2025-01-17 09:44:00,C00060,M0450,15.4,0
T550,2025-01-17 09:45:00,C00799,M0223,14.59,0
T2731,2025-01-17 10:08:00,C01512,M0087,260.73,0
T6198,2025-01-17 10:09:00,C01221,M0303,38.72,0
T8335,2025-01-17 10:24:00,C00334,M0290,12.91,0
T178,2025-01-17 10:24:00,C01545,M0016,15.66,0
T4891,2025-01-17 10:26:00,C01248,M0035,2.43,0
T2033,2025-01-17 10:29:00,C01130,M0493,15.35,0
T9871,2025-01-17 10:31:00,C01092,M0155,12.23,0
T8666,2025-01-17 11:04:00,C01429,M0134,8.36,0
T2499,2025-01-17 11:05:00,C01755,M0213,8.18,0
T1003,2025-01-17 11:10:00,C01843,M0054,36.22,0
T2065,2025-01-17 11:11:00,C00474,M0465,2.61,0
T544,2025-01-17 11:14:00,C01404,M0476,31.94,0
T7642,2025-01-17 11:23:00,C01196,M0325,20.2,0
T4700,2025-01-17 11:41:00,C01987,M0462,8.1,0
T1211,2025-01-17 11:52:00,C00890,M0345,64.33,0
T6428,2025-01-17 12:00:00,C00984,M0144,133.65,0
T8869,2025-01-17 12:02:00,C00812,M0416,11.35,0
T2494,2025-01-17 12:02:00,C01415,M0068,10.04,0
T8036,2025-01-17 12:09:00,C01259,M0355,102.35,0
T153,2025-01-17 12:16:00,C01104,M0021,18.24,0
T6749,2025-01-17 12:17:00,C01670,M0194,46.1,0
T3418,2025-01-17 12:22:00,C01242,M0335,7.31,0
T659,2025-01-17 12:33:00,C01862,M0128,20.33,0
T7935,2025-01-17 12:46:00,C01528,M0242,74.29,0
T3762,2025-01-17 12:56:00,C01703,M0412,73.55,0
T1571,2025-01-17 13:01:00,C00651,M0194,5.95,0
T667,2025-01-17 13:13:00,C00080,M0400,11.55,0
T6253,2025-01-17 13:14:00,C00610,M0210,21.91,0
T7673,2025-01-17 13:20:00,C00302,M0232,85.83,0
T5297,2025-01-17 13:42:00,C00669,M0185,22.07,0
T1470,2025-01-17 13:54:00,C01780,M0333,4.65,0
T2362,2025-01-17 14:08:00,C00863,M0196,15.86,0
T6503,2025-01-17 14:09:00,C00982,M0013,7.55,0
T46,2025-01-17 14:17:00,C01670,M0383,6.34,0
T4709,2025-01-17 14:26:00,C01397,M0284,20.85,0
T2422,2025-01-17 14:31:00,C01986,M0321,57.99,0
T4968,2025-01-17 14:49:00,C01466,M0366,124.3,0
T948,2025-01-17 14:50:00,C00144,M0317,11.76,0
T8447,2025-01-17 14:52:00,C00535,M0047,10.66,0
T2878,2025-01-17 15:12:00,C00815,M0042,24.08,0
T781,2025-01-17 15:14:00,C00410,M0172,43.79,0
T6988,2025-01-17 15:16:00,C00171,M0034,67.44,0
T628,2025-01-17 15:19:00,C00242,M0040,86.81,0
T600,2025-01-17 15:20:00,C01264,M0207,51.78,0
T9050,2025-01-17 15:37:00,C00991,M0359,63.86,0
T3658,2025-01-17 15:49:00,C00159,M0088,23.63,0
T4615,2025-01-17 15:49:00,C00472,M0399,69.15,0
T6333,2025-01-17 15:51:00,C00932,M0011,6.21,0
T4541,2025-01-17 15:53:00,C01384,M0237,18.44,0
T5021,2025-01-17 16:00:00,C00787,M0280,9.14,0
T3017,2025-01-17 16:00:00,C00252,M0166,108.13,0
T8852,2025-01-17 16:03:00,C00573,M0482,7.34,0
T7152,2025-01-17 16:14:00,C00213,M0479,6.83,0
T8306,2025-01-17 16:14:00,C00237,M0097,51.29,0
T2280,2025-01-17 16:22:00,C00931,M0474,16.08,0
T4476,2025-01-17 16:31:00,C00488,M0202,43.55,0
T5095,2025-01-17 16:42:00,C00134,M0355,8.59,0
T3341,2025-01-17 16:45:00,C00412,M0209,169.8,0
T6641,2025-01-17 16:54:00,C00466,M0389,38.3,0
T1271,2025-01-17 16:58:00,C00148,M0268,11.71,0
T1333,2025-01-17 17:10:00,C00175,M0193,8.29,0
T772,2025-01-17 17:11:00,C00361,M0406,18.85,0
T9739,2025-01-17 17:14:00,C01106,M0028,38.7,0
T7928,2025-01-17 17:14:00,C00842,M0012,13.53,1
T3574,2025-01-17 17:27:00,C00137,M0373,54.09,0
T1907,2025-01-17 17:29:00,C00574,M0390,11.08,0
T7074,2025-01-17 17:39:00,C01284,M0214,47.58,1
T4384,2025-01-17 18:03:00,C01688,M0003,104.93,0
T8794,2025-01-17 18:04:00,C01623,M0313,60.34,0
T7336,2025-01-17 18:07:00,C01436,M0187,90.45,0
T9523,2025-01-17 18:22:00,C01473,M0099,3.2,0
T7442,2025-01-17 18:23:00,C01251,M0143,18.61,0
T1155,2025-01-17 18:40:00,C00359,M0396,11.5,0
T8303,2025-01-17 18:41:00,C00814,M0405,11.55,0
T6021,2025-01-17 18:42:00,C01380,M0248,4.86,0
T4167,2025-01-17 18:50:00,C00843,M0149,8.14,0
T9887,2025-01-17 19:08:00,C01993,M0264,21.41,0
T766,2025-01-17 19:34:00,C01404,M0049,11.22,0
T2807,2025-01-17 19:37:00,C01946,M0405,14.63,0
T2183,2025-01-17 19:46:00,C00711,M0379,11.08,0
T9087,2025-01-17 19:46:00,C01831,M0264,44.17,0
T2666,2025-01-17 20:19:00,C00429,M0125,9.58,0
T1423,2025-01-17 20:22:00,C01650,M0323,12.11,0
T2914,2025-01-17 20:24:00,C01018,M0477,22.21,0
T3692,2025-01-17 20:32:00,C00857,M0178,16.56,0
T719,2025-01-17 20:45:00,C00658,M0291,5.95,0
T5995,2025-01-17 20:59:00,C00220,M0182,15.4,0
T73,2025-01-17 21:00:00,C01762,M0415,28.65,0
T3098,2025-01-17 21:06:00,C00274,M0451,8.36,0
T7696,2025-01-17 21:09:00,C00379,M0466,10.27,0
T9567,2025-01-17 21:12:00,C00094,M0043,44.86,0
T3393,2025-01-17 21:22:00,C01631,M0422,92.72,0
T4001,2025-01-17 21:35:00,C01454,M0361,31.68,0
T4106,2025-01-17 21:51:00,C01399,M0200,4.33,0
T6342,2025-01-17 21:54:00,C00191,M0081,42.96,0
T1288,2025-01-17 21:54:00,C01250,M0158,12.26,0
T7576,2025-01-17 22:03:00,C01267,M0002,8.64,0
T5077,2025-01-17 22:06:00,C01117,M0064,16.27,0
T7517,2025-01-17 22:38:00,C01921,M0017,5.69,0
T8714,2025-01-17 22:46:00,C01050,M0146,12.34,0
T4187,2025-01-17 22:57:00,C00547,M0186,18.17,0
T1109,2025-01-17 23:22:00,C01112,M0199,127.32,0
T521,2025-01-17 23:46:00,C00297,M0334,25.43,0
T6338,2025-01-17 23:46:00,C01246,M0144,10.32,0
T3570,2025-01-17 23:52:00,C01947,M0469,11.06,0
T8523,2025-01-18 00:05:00,C01389,M0360,68.16,0
T5687,2025-01-18 00:15:00,C00903,M0274,33.82,0
T8311,2025-01-18 00:22:00,C00541,M0448,83.85,1
T7048,2025-01-18 00:22:00,C01881,M0032,5.4,0
T6725,2025-01-18 00:23:00,C00540,M0150,48.17,0
T622,2025-01-18 00:24:00,C00054,M0066,107.15,0
T979,2025-01-18 00:39:00,C01487,M0243,172.83,0
T4616,2025-01-18 00:39:00,C00556,M0066,6.29,0
T7763,2025-01-18 00:50:00,C00368,M0237,84.67,0
T3746,2025-01-18 00:52:00,C01262,M0267,52.69,0
T113,2025-01-18 00:58:00,C01663,M0162,16.07,0
T9409,2025-01-18 01:04:00,C00816,M0132,19.67,1
T7414,2025-01-18 01:30:00,C00297,M0346,13.94,0
T1394,2025-01-18 01:34:00,C00036,M0299,8.1,0
T1456,2025-01-18 01:38:00,C00338,M0172,14.86,0
T5707,2025-01-18 01:54:00,C01633,M0101,100.21,0
T1983,2025-01-18 01:56:00,C00164,M0103,7.98,0
T8133,2025-01-18 01:56:00,C00951,M0344,11.82,0
T6737,2025-01-18 02:00:00,C01136,M0158,12.24,0
T2023,2025-01-18 02:11:00,C01675,M0461,13.95,0
T3962,2025-01-18 02:18:00,C00806,M0152,47.98,0
T7291,2025-01-18 02:24:00,C01172,M0435,38.63,0
T6050,2025-01-18 02:48:00,C00597,M0153,24.14,0
T6993,2025-01-18 03:00:00,C00206,M0103,20.65,0
T6374,2025-01-18 03:40:00,C00397,M0395,18.33,0
T5530,2025-01-18 03:44:00,C01659,M0308,54.6,0
T9580,2025-01-18 03:54:00,C00398,M0149,122.63,0
T9287,2025-01-18 04:02:00,C01789,M0023,21.6,0
T3788,2025-01-18 04:09:00,C00081,M0127,57.94,0
T1257,2025-01-18 04:42:00,C01984,M0005,71.5,0
T9578,2025-01-18 05:35:00,C01727,M0015,28.14,0
T5241,2025-01-18 05:36:00,C00746,M0484,16.6,0
T878,2025-01-18 05:38:00,C01513,M0154,5.35,0
T3718,2025-01-18 05:40:00,C01088,M0407,7.91,0
T1729,2025-01-18 05:46:00,C00698,M0348,13.98,0
T3279,2025-01-18 06:02:00,C00430,M0185,27.15,0
T9271,2025-01-18 06:03:00,C00775,M0208,18.99,0
T7612,2025-01-18 06:05:00,C01192,M0163,13.49,0
T5729,2025-01-18 06:06:00,C01908,M0420,5.8,0
T9384,2025-01-18 06:13:00,C00788,M0172,4.44,0
T2437,2025-01-18 06:18:00,C00044,M0228,10.18,0
T1573,2025-01-18 06:20:00,C00733,M0183,69.67,0
T6808,2025-01-18 07:04:00,C01815,M0357,9.29,0
T1100,2025-01-18 07:17:00,C00900,M0433,37.53,0
T6763,2025-01-18 07:18:00,C01421,M0161,4.48,0
T1402,2025-01-18 07:51:00,C01921,M0452,6.42,0
T3632,2025-01-18 08:08:00,C01589,M0137,19.56,0
T3523,2025-01-18 08:12:00,C00748,M0143,8.85,0
T8002,2025-01-18 08:16:00,C01968,M0069,47.01,0
T3091,2025-01-18 08:35:00,C01147,M0366,18.65,0
T1713,2025-01-18 08:43:00,C00696,M0050,56.82,0
T5251,2025-01-18 08:46:00,C01349,M0376,94.2,0
T7999,2025-01-18 08:48:00,C01666,M0251,7.76,0
T9547,2025-01-18 08:57:00,C00926,M0465,53.01,0
T8037,2025-01-18 09:00:00,C01433,M0099,11.3,0
T7364,2025-01-18 09:02:00,C01218,M0059,46.84,0
T9088,2025-01-18 09:05:00,C00720,M0226,20.11,0
T2237,2025-01-18 09:12:00,C01547,M0472,23.42,0
T8387,2025-01-18 09:12:00,C01625,M0120,51.14,0
T2551,2025-01-18 09:31:00,C00015,M0263,7.26,0
T985,2025-01-18 09:33:00,C01118,M0292,7.81,0
T4883,2025-01-18 09:48:00,C00438,M0380,6.64,0
T5641,2025-01-18 10:01:00,C00839,M0379,13.68,0
T7257,2025-01-18 10:12:00,C00212,M0158,24.81,0
T5278,2025-01-18 10:15:00,C01536,M0410,293.33,0
T9918,2025-01-18 10:23:00,C01972,M0060,23.71,0
T4994,2025-01-18 10:25:00,C01983,M0421,43.69,0
T2299,2025-01-18 10:41:00,C00631,M0204,4.82,0
T2582,2025-01-18 10:42:00,C01976,M0425,49.31,0
T1071,2025-01-18 11:10:00,C00392,M0381,23.22,0
T2790,2025-01-18 11:10:00,C00496,M0111,13.13,0
T6939,2025-01-18 11:23:00,C01099,M0273,0.96,0
T2170,2025-01-18 11:29:00,C00295,M0462,34.87,0
T4491,2025-01-18 11:43:00,C00933,M0165,14.79,0
T201,2025-01-18 11:44:00,C00496,M0170,16.53,0
T6312,2025-01-18 11:46:00,C01161,M0292,35.41,0
T9286,2025-01-18 11:52:00,C01617,M0032,3.01,0
T5511,2025-01-18 12:16:00,C00760,M0264,32.12,1
T2381,2025-01-18 12:27:00,C00057,M0172,12.43,0
T3434,2025-01-18 12:35:00,C01882,M0478,22.28,0
T3765,2025-01-18 12:42:00,C00593,M0075,58.95,0
T7547,2025-01-18 12:51:00,C00036,M0489,28.06,0
T5478,2025-01-18 12:56:00,C00769,M0380,99.82,0
T2590,2025-01-18 13:19:00,C00370,M0215,19.65,0
T6398,2025-01-18 13:19:00,C01841,M0404,18.56,0
T9481,2025-01-18 13:27:00,C00637,M0218,59.95,0
T579,2025-01-18 13:29:00,C00165,M0162,15.66,0
T4364,2025-01-18 13:47:00,C00646,M0074,22.8,0
T8839,2025-01-18 13:58:00,C01812,M0450,27.69,0
T4659,2025-01-18 14:18:00,C01331,M0420,31.36,1
T193,2025-01-18 14:22:00,C01255,M0452,30.59,0
T7875,2025-01-18 14:25:00,C00666,M0074,13.32,0
T469,2025-01-18 14:31:00,C01268,M0177,11.63,0
T6069,2025-01-18 14:43:00,C00295,M0445,137.93,0
T8989,2025-01-18 14:48:00,C01918,M0351,12.19,0
T3219,2025-01-18 14:52:00,C01717,M0439,20.39,0
T3713,2025-01-18 14:52:00,C01743,M0369,44.07,0
T4612,2025-01-18 15:00:00,C00462,M0497,5.95,0
T4201,2025-01-18 15:18:00,C01732,M0309,14.46,0
T5201,2025-01-18 15:36:00,C01304,M0107,7.97,0
T1454,2025-01-18 15:45:00,C01117,M0189,16.47,0
T5854,2025-01-18 15:45:00,C00473,M0040,35.44,0
T1941,2025-01-18 15:46:00,C00148,M0110,48.99,0
T2330,2025-01-18 15:51:00,C01365,M0491,5.26,0
T9590,2025-01-18 16:17:00,C00911,M0017,11.23,0
T6197,2025-01-18 16:24:00,C00338,M0039,2.42,0
T4987,2025-01-18 16:24:00,C00055,M0239,8.92,0
T591,2025-01-18 16:30:00,C00399,M0151,15.91,0
T4674,2025-01-18 16:39:00,C01905,M0453,52.83,0
T5326,2025-01-18 16:51:00,C01477,M0145,15.1,0
T6910,2025-01-18 16:54:00,C00964,M0461,23.4,0
T8355,2025-01-18 16:56:00,C00377,M0475,287.67,0
T2474,2025-01-18 16:58:00,C01540,M0041,5.85,0
T4210,2025-01-18 17:00:00,C01083,M0047,22.78,0
T1344,2025-01-18 17:10:00,C01256,M0329,4.57,0
T4626,2025-01-18 17:17:00,C01975,M0087,13.48,0
T3340,2025-01-18 17:18:00,C00035,M0170,17.13,0
T1129,2025-01-18 17:22:00,C00783,M0302,52.33,0
T7402,2025-01-18 17:23:00,C01184,M0389,1.92,0
T4528,2025-01-18 17:25:00,C00785,M0379,34.92,0
T1959,2025-01-18 17:37:00,C00560,M0176,30.83,0
T5239,2025-01-18 17:53:00,C00714,M0137,26.89,0
T2831,2025-01-18 17:56:00,C01701,M0281,11.95,0
T9145,2025-01-18 17:57:00,C00515,M0463,65.24,0
T1482,2025-01-18 17:59:00,C00340,M0332,49.14,0
T7329,2025-01-18 18:03:00,C01101,M0089,3.64,0
T4717,2025-01-18 18:06:00,C00959,M0138,22.93,0
T8701,2025-01-18 18:10:00,C01365,M0410,4.77,0
T2122,2025-01-18 18:32:00,C00782,M0289,25.54,0
T8611,2025-01-18 18:36:00,C01799,M0284,18.5,0
T3512,2025-01-18 18:39:00,C00103,M0346,8.64,0
T1874,2025-01-18 18:51:00,C01943,M0175,19.73,0
T4569,2025-01-18 18:53:00,C01479,M0073,3.38,0
T7063,2025-01-18 18:56:00,C00303,M0299,16.05,0
T5561,2025-01-18 19:05:00,C01251,M0453,12.06,0
T9340,2025-01-18 19:31:00,C00691,M0321,149.7,0
T24,2025-01-18 19:38:00,C01159,M0218,2.19,0
T3947,2025-01-18 19:55:00,C00869,M0111,11.06,0
T1726,2025-01-18 20:03:00,C01717,M0431,54.1,0
T9002,2025-01-18 20:25:00,C00292,M0475,5.35,0
T3886,2025-01-18 20:31:00,C01291,M0205,21.44,0
T9016,2025-01-18 20:58:00,C01208,M0356,10.72,0
T6580,2025-01-18 20:59:00,C00365,M0024,25.26,0
T8166,2025-01-18 21:17:00,C00712,M0150,175.27,0
T8915,2025-01-18 21:21:00,C01090,M0095,25.34,0
T8814,2025-01-18 21:22:00,C01184,M0418,13.47,0
T6085,2025-01-18 21:51:00,C00624,M0374,7.31,0
T4784,2025-01-18 22:05:00,C01467,M0090,8.48,0
T9923,2025-01-18 22:25:00,C01698,M0404,1.94,0
T4886,2025-01-18 22:32:00,C01697,M0386,8.88,0
T1783,2025-01-18 22:49:00,C01447,M0381,7.73,0
T3700,2025-01-18 22:51:00,C00508,M0440,27.73,0
T3252,2025-01-18 23:19:00,C00881,M0446,6.4,0
T4983,2025-01-18 23:41:00,C01405,M0260,24.71,0
T4042,2025-01-18 23:57:00,C00201,M0277,64.99,0
T1934,2025-01-19 00:03:00,C01525,M0049,97.37,0
T1474,2025-01-19 00:11:00,C00700,M0436,8.23,0
T5223,2025-01-19 00:13:00,C01521,M0237,37.5,0
T740,2025-01-19 00:14:00,C01559,M0443,36.24,0
T6785,2025-01-19 00:18:00,C00320,M0067,21.54,0
T143,2025-01-19 00:19:00,C01148,M0134,259.71,0
T4479,2025-01-19 00:19:00,C01572,M0262,7.99,0
T390,2025-01-19 00:25:00,C00683,M0229,8.79,0
T4916,2025-01-19 00:34:00,C00287,M0138,36.21,0
T8604,2025-01-19 00:38:00,C01499,M0086,22.4,0
T1776,2025-01-19 00:43:00,C00377,M0190,35.45,0
T4339,2025-01-19 00:43:00,C01565,M0308,5.83,0
T7933,2025-01-19 01:08:00,C00508,M0197,95.06,0
T4036,2025-01-19 01:11:00,C00177,M0144,22.8,0
T7439,2025-01-19 01:13:00,C00000,M0269,2.89,0
T1721,2025-01-19 01:35:00,C00214,M0295,55.9,0
T9848,2025-01-19 01:36:00,C01904,M0123,7.17,0
T1790,2025-01-19 01:37:00,C00673,M0044,39.2,0
T5822,2025-01-19 01:46:00,C01379,M0053,26.75,0
T7650,2025-01-19 01:48:00,C01201,M0152,17.16,0
T1586,2025-01-19 01:49:00,C00876,M0059,11.31,1
T2306,2025-01-19 01:55:00,C00221,M0037,24.37,0
T4022,2025-01-19 02:09:00,C00974,M0442,38.85,0
T4428,2025-01-19 02:29:00,C01102,M0338,31.28,0
T845,2025-01-19 02:29:00,C00502,M0206,9.73,0
T6341,2025-01-19 02:41:00,C00967,M0064,11.47,0
T3288,2025-01-19 02:46:00,C00359,M0200,322.91,0
T479,2025-01-19 02:52:00,C01455,M0455,12.51,0
T148,2025-01-19 03:05:00,C01494,M0070,18.41,0
T5717,2025-01-19 03:23:00,C01845,M0454,45.58,0
T7068,2025-01-19 03:28:00,C00987,M0303,16.02,0
T7882,2025-01-19 03:40:00,C00797,M0187,18.74,0
T5725,2025-01-19 03:40:00,C01492,M0393,43.36,0
T1671,2025-01-19 03:43:00,C01741,M0144,8.14,0
T8607,2025-01-19 03:45:00,C00071,M0328,7.64,0
T9698,2025-01-19 03:48:00,C00595,M0363,43.72,0
T4150,2025-01-19 03:49:00,C00746,M0155,110.95,0
T8459,2025-01-19 03:49:00,C01331,M0469,11.37,0
T1849,2025-01-19 03:55:00,C01539,M0334,61.8,0
T2054,2025-01-19 04:00:00,C01500,M0262,66.11,0
T2799,2025-01-19 04:10:00,C01911,M0486,12.41,0
T1450,2025-01-19 04:12:00,C00071,M0423,6.35,0
T4965,2025-01-19 04:17:00,C01041,M0332,25.77,0
T7290,2025-01-19 04:23:00,C01965,M0496,73.49,0
T7122,2025-01-19 04:23:00,C00601,M0067,84.54,0
T2370,2025-01-19 04:29:00,C00223,M0257,41.04,0
T2591,2025-01-19 04:41:00,C01583,M0025,9.94,0
T8700,2025-01-19 04:45:00,C00458,M0463,27.61,0
T5344,2025-01-19 04:46:00,C01748,M0303,27.05,0
T5423,2025-01-19 05:50:00,C01402,M0374,54.5,0
T7791,2025-01-19 06:07:00,C01397,M0097,3.66,0
T1724,2025-01-19 06:09:00,C00551,M0251,3.16,0
T1511,2025-01-19 06:12:00,C00255,M0216,14.09,0
T5815,2025-01-19 06:19:00,C01395,M0198,9.98,0
T188,2025-01-19 06:29:00,C00578,M0364,13.46,0
T6236,2025-01-19 06:32:00,C01990,M0379,15.61,0
T6584,2025-01-19 06:47:00,C01393,M0395,24.3,0
T6851,2025-01-19 06:51:00,C01932,M0114,8.76,0
T8376,2025-01-19 06:56:00,C00031,M0269,11.46,0
T5737,2025-01-19 07:07:00,C00176,M0347,3.72,0
T8770,2025-01-19 07:30:00,C00050,M0050,5.98,0
T8945,2025-01-19 07:42:00,C00282,M0129,11.72,0
T1624,2025-01-19 07:45:00,C01408,M0227,89.15,0
T2738,2025-01-19 07:50:00,C01435,M0045,29.05,0
T8085,2025-01-19 07:53:00,C01866,M0335,107.35,1
T1140,2025-01-19 07:59:00,C01245,M0268,83.96,0
T3966,2025-01-19 08:00:00,C01313,M0179,19.43,0
T3201,2025-01-19 08:17:00,C01647,M0462,34.6,0
T3280,2025-01-19 08:21:00,C00541,M0031,26.71,0
T3634,2025-01-19 08:23:00,C00367,M0043,10.44,0
T9096,2025-01-19 08:25:00,C00099,M0441,3.82,0
T1621,2025-01-19 08:31:00,C00491,M0099,14.17,0
T568,2025-01-19 08:32:00,C01729,M0408,26.53,0
T8609,2025-01-19 08:42:00,C00275,M0434,21.7,0
T8176,2025-01-19 09:09:00,C01987,M0339,20.91,0
T2818,2025-01-19 09:15:00,C01426,M0349,34.27,0
T5771,2025-01-19 09:18:00,C01053,M0216,5.72,0
T4229,2025-01-19 09:29:00,C01410,M0478,52.4,0
T7646,2025-01-19 09:38:00,C01844,M0482,11.59,0
T6415,2025-01-19 09:42:00,C00772,M0197,13.74,0
T7259,2025-01-19 09:45:00,C01255,M0231,40.9,0
T3010,2025-01-19 09:52:00,C00402,M0425,37.94,0
T6347,2025-01-19 10:12:00,C00306,M0104,24.41,0
T3799,2025-01-19 10:16:00,C00464,M0244,12.36,0
T9749,2025-01-19 10:28:00,C01421,M0209,13.68,0
T5330,2025-01-19 10:33:00,C01613,M0305,18.54,0
T3878,2025-01-19 10:44:00,C01457,M0202,46.32,0
T7458,2025-01-19 10:52:00,C00149,M0320,42.83,0
T1666,2025-01-19 11:09:00,C00007,M0045,15.84,0
T8870,2025-01-19 11:33:00,C01353,M0498,10.96,0
T925,2025-01-19 11:34:00,C01861,M0105,3.32,0
T4668,2025-01-19 11:36:00,C00791,M0349,64.05,0
T6472,2025-01-19 11:39:00,C00530,M0030,18.22,0
T6882,2025-01-19 11:47:00,C01725,M0056,52.84,0
T5357,2025-01-19 11:47:00,C00032,M0271,6.06,0
T1730,2025-01-19 11:50:00,C00244,M0494,10.8,0
T7306,2025-01-19 11:59:00,C00307,M0008,37.22,0
T321,2025-01-19 12:01:00,C01601,M0346,46.57,0
T433,2025-01-19 12:06:00,C01892,M0345,28.48,0
T2985,2025-01-19 12:09:00,C01999,M0496,2.62,0
T3524,2025-01-19 12:14:00,C01891,M0255,28.42,0
T6412,2025-01-19 12:15:00,C00703,M0403,6.43,0
T1224,2025-01-19 12:17:00,C00216,M0458,13.63,0
T6958,2025-01-19 12:20:00,C01502,M0186,13.2,0
T1555,2025-01-19 12:20:00,C00157,M0433,4.62,0
T3553,2025-01-19 12:32:00,C00247,M0193,7.1,0
T5528,2025-01-19 12:41:00,C01745,M0455,137.6,0
T1455,2025-01-19 12:45:00,C01396,M0072,47.66,0
T9063,2025-01-19 13:08:00,C00009,M0350,9.73,0
T8416,2025-01-19 13:08:00,C00520,M0431,15.32,0
T2267,2025-01-19 13:15:00,C00987,M0329,14.06,0
T1803,2025-01-19 13:23:00,C00969,M0020,27.71,0
T843,2025-01-19 13:34:00,C01013,M0307,9.98,0
T181,2025-01-19 13:36:00,C01180,M0269,46.35,0
T1126,2025-01-19 13:37:00,C00581,M0215,45.73,0
T8196,2025-01-19 13:39:00,C01348,M0452,44.63,0
T1748,2025-01-19 13:45:00,C01727,M0171,23.04,0
T9456,2025-01-19 13:45:00,C01322,M0470,67.68,0
T8761,2025-01-19 13:51:00,C00677,M0210,45.65,0
T9407,2025-01-19 13:54:00,C00562,M0028,4.66,0
T7295,2025-01-19 13:56:00,C01758,M0099,4.11,0
T3258,2025-01-19 14:02:00,C01435,M0035,9.85,0
T578,2025-01-19 14:30:00,C00901,M0491,39.88,0
T2394,2025-01-19 14:46:00,C00087,M0212,43.84,0
T7725,2025-01-19 14:51:00,C00720,M0336,4.29,0
T2806,2025-01-19 14:59:00,C00268,M0387,19.76,0
T2484,2025-01-19 15:12:00,C01712,M0011,18.24,0
T8155,2025-01-19 15:29:00,C00415,M0318,12.04,0
T8477,2025-01-19 15:33:00,C01210,M0039,11.38,0
T99,2025-01-19 15:34:00,C01629,M0349,49.22,0
T9783,2025-01-19 15:35:00,C00766,M0419,17.37,0
T6514,2025-01-19 15:50:00,C00116,M0133,37.86,0
T8728,2025-01-19 15:52:00,C00938,M0016,3.3,0
T6588,2025-01-19 16:25:00,C01730,M0032,32.04,0
T1810,2025-01-19 16:36:00,C00784,M0122,69.47,0
T3465,2025-01-19 16:37:00,C00245,M0440,5.26,0
T2655,2025-01-19 16:48:00,C01724,M0247,42.4,0
T6100,2025-01-19 16:48:00,C00244,M0139,18.12,0
T3350,2025-01-19 17:03:00,C01772,M0254,6.66,1
T4376,2025-01-19 17:06:00,C01759,M0145,33.57,0
T6247,2025-01-19 17:10:00,C00239,M0318,20.09,0
T6196,2025-01-19 17:17:00,C01127,M0205,23.75,0
T1789,2025-01-19 17:18:00,C01779,M0183,6.64,0
T564,2025-01-19 17:22:00,C00040,M0309,28.41,0
T1977,2025-01-19 17:26:00,C01694,M0254,18.09,0
T1921,2025-01-19 17:44:00,C00874,M0008,14.84,1
T8720,2025-01-19 17:46:00,C00214,M0364,15.38,0
T1980,2025-01-19 17:47:00,C00812,M0213,1.79,0
T4065,2025-01-19 17:50:00,C01998,M0045,31.67,0
T9940,2025-01-19 18:07:00,C01173,M0034,23.17,0
T6325,2025-01-19 18:25:00,C00307,M0265,5.64,0
T7484,2025-01-19 18:27:00,C00328,M0084,24.88,0
T5098,2025-01-19 18:42:00,C00038,M0448,7.83,0
T6966,2025-01-19 18:43:00,C01174,M0195,25.4,0
T2445,2025-01-19 18:44:00,C00331,M0273,20.46,0
T3669,2025-01-19 18:45:00,C01173,M0475,31.38,0
T4337,2025-01-19 18:48:00,C01580,M0142,7.25,0
T9991,2025-01-19 18:50:00,C01650,M0489,14.24,0
T5612,2025-01-19 18:52:00,C01960,M0053,24.63,0
T3849,2025-01-19 18:56:00,C01745,M0378,11.46,0
T3674,2025-01-19 19:16:00,C00252,M0318,16.12,0
T1582,2025-01-19 19:22:00,C01387,M0065,55.66,0
T1577,2025-01-19 19:23:00,C00171,M0323,31.91,0
T6329,2025-01-19 19:34:00,C00280,M0218,54.43,0
T3344,2025-01-19 19:43:00,C00043,M0166,8.72,0
T6859,2025-01-19 19:45:00,C01511,M0442,11.97,0
T9802,2025-01-19 19:55:00,C00169,M0446,62.92,0
T3892,2025-01-19 20:07:00,C01497,M0227,25.71,0
T3911,2025-01-19 20:08:00,C01385,M0070,6.34,0
T870,2025-01-19 20:19:00,C00124,M0108,7.9,0
T5677,2025-01-19 20:31:00,C00434,M0344,18.77,0
T6458,2025-01-19 20:40:00,C00965,M0223,11.06,0
T7796,2025-01-19 21:01:00,C00041,M0454,9.81,0
T537,2025-01-19 21:12:00,C00490,M0429,14.38,0
T4382,2025-01-19 21:17:00,C01094,M0399,1.28,0
T8385,2025-01-19 21:17:00,C00916,M0185,13.39,0
T6829,2025-01-19 21:20:00,C01648,M0200,39.92,0
T9970,2025-01-19 21:26:00,C01901,M0481,10.67,0
T1930,2025-01-19 21:28:00,C00254,M0294,36.84,0
T2068,2025-01-19 21:33:00,C00110,M0481,121.19,0
T9426,2025-01-19 21:33:00,C00316,M0473,34.12,0
T4449,2025-01-19 21:36:00,C00853,M0063,13.78,0
T8582,2025-01-19 21:48:00,C01588,M0445,46.84,0
T4644,2025-01-19 21:50:00,C01202,M0308,46.24,0
T5429,2025-01-19 21:56:00,C01666,M0037,31.95,0
T5636,2025-01-19 22:01:00,C01996,M0263,7.84,0
T8643,2025-01-19 22:10:00,C01179,M0339,10.1,1
T117,2025-01-19 22:26:00,C00767,M0227,8.68,0
T5829,2025-01-19 22:41:00,C00859,M0294,16.59,0
T866,2025-01-19 22:45:00,C00161,M0492,32.83,0
T6692,2025-01-19 23:02:00,C00210,M0088,43.34,0
T7312,2025-01-19 23:04:00,C01639,M0219,8.34,0
T1033,2025-01-19 23:06:00,C00527,M0200,43.62,0
T7047,2025-01-19 23:07:00,C00245,M0105,13.27,1
T4914,2025-01-19 23:23:00,C01062,M0075,18.51,0
T9208,2025-01-19 23:28:00,C00098,M0025,7.18,0
T9032,2025-01-19 23:31:00,C01241,M0066,9.63,0
T1366,2025-01-19 23:45:00,C00929,M0139,15.6,0
T468,2025-01-19 23:50:00,C00565,M0155,12.43,0
T637,2025-01-19 23:55:00,C01487,M0191,25.92,0
T3522,2025-01-20 00:04:00,C01233,M0111,43.93,0
T1437,2025-01-20 00:16:00,C01922,M0405,27.18,0
T2552,2025-01-20 00:26:00,C00555,M0267,63.25,0
T5193,2025-01-20 00:26:00,C00443,M0105,3.32,0
T6204,2025-01-20 00:28:00,C01172,M0315,19.19,0
T5622,2025-01-20 00:45:00,C01368,M0060,47.56,0
T8575,2025-01-20 00:52:00,C01623,M0029,69.07,0
T3755,2025-01-20 00:53:00,C00806,M0327,22.7,0
T1863,2025-01-20 01:00:00,C00553,M0481,96.05,0
T1699,2025-01-20 01:04:00,C00591,M0198,6.78,0
T7123,2025-01-20 01:25:00,C00342,M0431,33.76,0
T876,2025-01-20 01:26:00,C00465,M0198,96.92,0
T5991,2025-01-20 01:44:00,C01070,M0266,126.67,0
T8153,2025-01-20 01:52:00,C00303,M0017,7.55,0
T1801,2025-01-20 02:10:00,C00949,M0487,22.58,0
T8128,2025-01-20 02:19:00,C01356,M0240,23.84,0
T2854,2025-01-20 02:36:00,C00395,M0387,10.94,0
T4253,2025-01-20 02:38:00,C01265,M0020,35.98,0
T4472,2025-01-20 02:46:00,C00243,M0366,12.67,0
T5231,2025-01-20 02:46:00,C01851,M0303,29.15,0
T647,2025-01-20 02:52:00,C00560,M0138,32.81,0
T8617,2025-01-20 03:23:00,C00453,M0414,13.5,0
T5452,2025-01-20 03:24:00,C01563,M0181,23.34,0
T4140,2025-01-20 03:46:00,C01329,M0187,13.95,0
T9885,2025-01-20 03:48:00,C01316,M0144,35.44,0
T6795,2025-01-20 03:54:00,C01568,M0193,36.66,0
T1973,2025-01-20 03:58:00,C01282,M0150,45.74,0
T2268,2025-01-20 04:05:00,C00802,M0120,22.65,0
T3618,2025-01-20 04:06:00,C00724,M0442,62.6,0
T9680,2025-01-20 04:10:00,C00707,M0006,60.98,0
T2721,2025-01-20 04:24:00,C01968,M0171,19.11,0
T9265,2025-01-20 04:24:00,C00073,M0031,18.56,0
T8003,2025-01-20 04:26:00,C00204,M0030,42.63,0
T1043,2025-01-20 04:32:00,C00166,M0401,34.87,0
T9385,2025-01-20 04:32:00,C01871,M0016,25.89,0
T9984,2025-01-20 04:57:00,C01146,M0295,2.7,0
T446,2025-01-20 05:03:00,C01851,M0132,19.97,0
T5823,2025-01-20 05:12:00,C01483,M0445,31.32,0
T6895,2025-01-20 05:15:00,C00206,M0037,7.57,0
T6769,2025-01-20 05:29:00,C01771,M0036,28.01,0
T3736,2025-01-20 05:31:00,C01773,M0157,37.4,0
T1094,2025-01-20 05:36:00,C01596,M0293,7.59,0
T664,2025-01-20 05:52:00,C00915,M0136,18.49,0
T9195,2025-01-20 05:53:00,C01523,M0353,26.41,0
T3228,2025-01-20 05:56:00,C00730,M0238,37.36,0
T1947,2025-01-20 06:03:00,C00452,M0155,32.37,0
T3212,2025-01-20 06:14:00,C00489,M0206,11.31,0
T3532,2025-01-20 06:27:00,C01856,M0478,6.57,0
T338,2025-01-20 06:31:00,C00344,M0298,23.55,0
T9967,2025-01-20 06:37:00,C01428,M0108,16.73,0
T2512,2025-01-20 06:46:00,C01994,M0362,86.18,0
T6052,2025-01-20 06:57:00,C01990,M0080,0.83,1
T8569,2025-01-20 07:05:00,C01622,M0418,23.73,0
T1375,2025-01-20 07:08:00,C00625,M0294,30.13,0
T3993,2025-01-20 07:18:00,C00421,M0365,5.95,0
T3362,2025-01-20 07:30:00,C01532,M0089,38.75,0
T7619,2025-01-20 07:38:00,C00876,M0436,21.0,1
T6783,2025-01-20 07:49:00,C00875,M0216,102.31,0
T5745,2025-01-20 08:03:00,C01604,M0036,12.46,0
T1206,2025-01-20 08:16:00,C01239,M0111,64.26,0
T6019,2025-01-20 08:16:00,C00774,M0345,11.23,0
T8907,2025-01-20 08:22:00,C01061,M0129,24.09,0
T7461,2025-01-20 08:27:00,C01238,M0166,19.97,0
T5147,2025-01-20 08:37:00,C01942,M0168,23.33,0
T8441,2025-01-20 08:45:00,C00515,M0002,15.12,0
T8171,2025-01-20 09:09:00,C01150,M0206,28.17,0
T7149,2025-01-20 09:26:00,C00868,M0129,25.24,0
T1322,2025-01-20 09:35:00,C01670,M0001,117.86,0
T8545,2025-01-20 09:37:00,C01489,M0058,55.77,0
T7365,2025-01-20 09:38:00,C00779,M0228,4.66,0
T9686,2025-01-20 09:39:00,C00207,M0127,8.65,0
T1115,2025-01-20 09:52:00,C00871,M0258,51.25,0
T6857,2025-01-20 09:59:00,C01059,M0064,31.09,0
T1734,2025-01-20 10:01:00,C01406,M0337,20.85,0
T3972,2025-01-20 10:02:00,C01923,M0450,115.75,0
T3467,2025-01-20 10:30:00,C01074,M0418,2.48,1
T3715,2025-01-20 10:41:00,C01743,M0404,28.26,0
T599,2025-01-20 10:56:00,C01903,M0358,47.17,0
T4724,2025-01-20 10:58:00,C00041,M0429,17.8,0
T6077,2025-01-20 11:02:00,C01365,M0360,6.85,0
T864,2025-01-20 11:04:00,C01906,M0453,134.05,0
T7614,2025-01-20 11:16:00,C00315,M0456,63.03,0
T7389,2025-01-20 11:16:00,C00989,M0081,46.35,0
T2419,2025-01-20 11:24:00,C00006,M0271,3.76,0
T4879,2025-01-20 11:34:00,C00013,M0413,34.07,0
T6318,2025-01-20 11:40:00,C01547,M0428,44.3,0
T3307,2025-01-20 11:44:00,C01343,M0002,0.93,0
T9261,2025-01-20 11:47:00,C00388,M0453,20.49,0
T8473,2025-01-20 11:54:00,C01085,M0004,76.04,0
T2342,2025-01-20 12:02:00,C00269,M0346,83.07,0
T5830,2025-01-20 12:11:00,C01246,M0202,7.82,0
T6217,2025-01-20 12:52:00,C00793,M0061,61.72,0
T2353,2025-01-20 12:58:00,C01042,M0441,7.73,0
T5220,2025-01-20 13:01:00,C01320,M0494,31.6,0
T2245,2025-01-20 13:01:00,C01211,M0226,39.37,0
T1290,2025-01-20 13:05:00,C01649,M0120,36.4,0
T3620,2025-01-20 13:11:00,C01007,M0135,11.99,0
T5325,2025-01-20 13:24:00,C01309,M0111,43.68,1
T3561,2025-01-20 13:32:00,C01539,M0260,9.39,0
T2220,2025-01-20 13:39:00,C01568,M0411,38.14,0
T9314,2025-01-20 13:42:00,C01234,M0211,77.72,0
T5270,2025-01-20 14:02:00,C00666,M0156,16.31,0
T8516,2025-01-20 14:05:00,C01348,M0369,24.4,0
T3399,2025-01-20 14:20:00,C00919,M0234,15.06,0
T8876,2025-01-20 14:25:00,C01837,M0150,3.97,0
T2653,2025-01-20 14:28:00,C00039,M0135,22.07,0
T6261,2025-01-20 14:29:00,C01555,M0052,44.74,0
T4046,2025-01-20 14:30:00,C01797,M0482,13.03,0
T389,2025-01-20 14:51:00,C00280,M0411,60.29,0
T8056,2025-01-20 14:51:00,C00861,M0092,105.08,0
T9134,2025-01-20 15:01:00,C00064,M0256,23.09,0
T2359,2025-01-20 15:10:00,C00418,M0220,44.22,0
T565,2025-01-20 15:35:00,C01319,M0250,29.21,0
T4520,2025-01-20 15:42:00,C00062,M0452,23.73,0
T6231,2025-01-20 15:47:00,C00191,M0339,11.42,0
T3285,2025-01-20 15:48:00,C01618,M0442,131.04,0
T9119,2025-01-20 15:54:00,C01896,M0080,107.63,0
T3697,2025-01-20 16:08:00,C01324,M0348,23.35,0
T6905,2025-01-20 16:13:00,C01359,M0216,5.52,0
T8955,2025-01-20 16:21:00,C01265,M0264,13.45,0
T9445,2025-01-20 16:23:00,C00011,M0168,9.48,0
T6109,2025-01-20 16:30:00,C01240,M0282,68.13,0
T9004,2025-01-20 16:43:00,C01090,M0044,74.36,0
T2919,2025-01-20 16:45:00,C01498,M0471,94.08,0
T8363,2025-01-20 16:45:00,C01994,M0002,17.3,0
T5647,2025-01-20 16:49:00,C01134,M0160,32.04,0
T4735,2025-01-20 16:58:00,C01508,M0264,26.86,0
T5882,2025-01-20 16:59:00,C00292,M0057,37.09,0
T1754,2025-01-20 17:00:00,C01376,M0342,13.03,0
T2305,2025-01-20 17:00:00,C00558,M0245,91.1,0
T3324,2025-01-20 17:18:00,C01271,M0460,5.55,0
T8048,2025-01-20 17:20:00,C01894,M0135,22.88,0
T1869,2025-01-20 17:24:00,C01588,M0095,2.94,0
T6575,2025-01-20 17:32:00,C01571,M0000,21.74,0
T9557,2025-01-20 17:59:00,C01798,M0454,53.49,0
T4459,2025-01-20 18:13:00,C00909,M0421,29.17,0
T3419,2025-01-20 18:14:00,C01141,M0473,16.08,0
T8274,2025-01-20 18:29:00,C01302,M0235,36.29,0
T7413,2025-01-20 18:37:00,C01929,M0047,13.5,0
T7197,2025-01-20 18:41:00,C00519,M0292,11.68,0
T3771,2025-01-20 18:42:00,C00164,M0189,66.57,0
T8327,2025-01-20 19:11:00,C01420,M0305,4.76,0
T8412,2025-01-20 19:27:00,C01987,M0079,10.86,0
T1204,2025-01-20 19:29:00,C01948,M0127,17.73,0
T1652,2025-01-20 19:41:00,C00483,M0207,22.96,0
T8913,2025-01-20 19:49:00,C00300,M0263,6.68,0
T7204,2025-01-20 19:52:00,C00846,M0132,24.03,0
T5757,2025-01-20 19:57:00,C00026,M0022,17.65,0
T7889,2025-01-20 20:01:00,C01725,M0024,41.3,0
T1609,2025-01-20 20:42:00,C01580,M0063,62.59,0
T2324,2025-01-20 20:42:00,C01070,M0414,9.74,0
T6335,2025-01-20 20:50:00,C00714,M0361,20.47,0
T8410,2025-01-20 20:55:00,C01283,M0351,1.14,0
T5574,2025-01-20 21:01:00,C00516,M0384,24.71,0
T1905,2025-01-20 21:05:00,C01550,M0397,31.07,0
T5686,2025-01-20 21:13:00,C00185,M0137,8.87,0
T7512,2025-01-20 21:27:00,C01824,M0489,12.33,0
T3125,2025-01-20 21:49:00,C01753,M0397,238.45,0
T2322,2025-01-20 21:51:00,C00904,M0005,41.73,0
T7035,2025-01-20 22:10:00,C00266,M0453,44.06,0
T22,2025-01-20 22:13:00,C01461,M0002,10.41,0
T811,2025-01-20 22:19:00,C00854,M0076,9.61,0
T7178,2025-01-20 22:36:00,C01738,M0129,4.6,0
T7700,2025-01-20 22:38:00,C01699,M0464,40.65,0
T2527,2025-01-20 22:51:00,C00686,M0082,9.06,0
T779,2025-01-20 22:52:00,C00994,M0443,16.07,0
T6871,2025-01-20 23:02:00,C01276,M0089,8.54,0
T9307,2025-01-20 23:03:00,C01042,M0457,49.78,0
T886,2025-01-20 23:06:00,C00081,M0303,1.74,0
T8557,2025-01-20 23:14:00,C00388,M0339,18.48,0
T5911,2025-01-20 23:16:00,C01571,M0033,57.48,0
T1259,2025-01-20 23:29:00,C00738,M0097,108.84,0
T2863,2025-01-20 23:55:00,C01729,M0318,31.26,0
T9275,2025-01-20 23:57:00,C00277,M0296,31.03,0
T2991,2025-01-21 00:03:00,C01349,M0184,21.54,0
T7776,2025-01-21 00:04:00,C00036,M0203,12.57,0
T5128,2025-01-21 00:07:00,C01458,M0407,71.11,0
T4873,2025-01-21 00:10:00,C00146,M0446,44.38,0
T4969,2025-01-21 00:20:00,C00927,M0015,18.74,0
T1457,2025-01-21 00:31:00,C01460,M0034,75.73,0
T5453,2025-01-21 00:35:00,C00461,M0449,39.28,0
T7986,2025-01-21 00:40:00,C00762,M0439,6.36,0
T2544,2025-01-21 00:54:00,C01644,M0191,3.61,0
T1123,2025-01-21 01:05:00,C01865,M0285,13.82,0
T9129,2025-01-21 01:16:00,C01906,M0292,12.92,0
T3894,2025-01-21 01:24:00,C00409,M0439,48.4,0
T6656,2025-01-21 01:25:00,C01021,M0338,22.33,0
T6260,2025-01-21 01:39:00,C00271,M0124,39.43,1
T4504,2025-01-21 01:41:00,C00464,M0492,17.46,0
T8318,2025-01-21 01:46:00,C01702,M0232,23.83,0
T4306,2025-01-21 01:56:00,C00635,M0395,86.72,0
T5697,2025-01-21 02:06:00,C00368,M0433,15.82,0
T4193,2025-01-21 02:07:00,C01549,M0272,66.86,0
T7533,2025-01-21 02:10:00,C00726,M0351,9.9,0
T5605,2025-01-21 02:11:00,C01885,M0388,11.91,0
T3012,2025-01-21 02:13:00,C01671,M0265,18.9,0
T8104,2025-01-21 02:22:00,C01993,M0046,17.31,0
T7208,2025-01-21 02:28:00,C01178,M0209,10.37,0
T2123,2025-01-21 03:02:00,C01110,M0290,22.29,0
T5417,2025-01-21 03:12:00,C00065,M0182,4.55,0
T5650,2025-01-21 03:21:00,C00863,M0088,39.31,0
T2837,2025-01-21 03:29:00,C01201,M0207,54.49,0
T1668,2025-01-21 03:29:00,C00935,M0385,15.94,0
T3016,2025-01-21 03:53:00,C01793,M0492,81.55,1
T9227,2025-01-21 04:07:00,C01355,M0159,8.07,0
T2659,2025-01-21 04:15:00,C00545,M0134,17.6,0
T8106,2025-01-21 04:19:00,C01809,M0129,12.29,0
T4166,2025-01-21 04:21:00,C00045,M0345,11.18,0
T4486,2025-01-21 04:23:00,C00859,M0027,17.68,0
T6666,2025-01-21 04:23:00,C01283,M0299,18.0,0
T4079,2025-01-21 04:44:00,C01096,M0104,11.23,0
T6176,2025-01-21 04:46:00,C00856,M0102,9.72,0
T8098,2025-01-21 04:46:00,C01817,M0040,74.96,0
T6823,2025-01-21 04:47:00,C00052,M0498,39.31,0
T8323,2025-01-21 04:52:00,C00196,M0249,8.14,0
T5401,2025-01-21 04:52:00,C00313,M0222,6.59,0
T7241,2025-01-21 05:13:00,C01317,M0349,41.46,0
T2725,2025-01-21 05:18:00,C00320,M0067,68.64,0
T427,2025-01-21 05:24:00,C01448,M0136,12.56,0
T5118,2025-01-21 05:34:00,C01578,M0362,46.68,0
T2761,2025-01-21 05:39:00,C00690,M0260,9.66,0
T6677,2025-01-21 05:40:00,C01288,M0365,119.44,0
T2961,2025-01-21 06:05:00,C00821,M0396,36.89,1
T1935,2025-01-21 06:05:00,C00989,M0022,45.79,0
T7991,2025-01-21 06:27:00,C00379,M0106,7.61,0
T682,2025-01-21 06:29:00,C01644,M0391,21.84,0
T1475,2025-01-21 06:32:00,C00510,M0043,29.32,0
T5091,2025-01-21 07:07:00,C01062,M0474,11.83,0
T1583,2025-01-21 07:21:00,C00178,M0417,12.93,0
T1550,2025-01-21 07:37:00,C01720,M0466,68.85,0
T6081,2025-01-21 07:45:00,C00341,M0490,63.9,0
T8159,2025-01-21 08:03:00,C00812,M0057,24.16,0
T958,2025-01-21 08:07:00,C01660,M0309,20.2,0
T250,2025-01-21 08:19:00,C01837,M0495,216.8,0
T8776,2025-01-21 08:19:00,C00209,M0398,4.44,0
T7491,2025-01-21 08:19:00,C00835,M0058,5.53,0
T2665,2025-01-21 08:20:00,C00482,M0276,7.96,0
T2297,2025-01-21 08:20:00,C01443,M0127,20.14,0
T2135,2025-01-21 08:21:00,C01602,M0496,24.0,0
T2593,2025-01-21 08:29:00,C00077,M0161,4.34,0
T8864,2025-01-21 08:29:00,C01949,M0255,15.65,0
T9679,2025-01-21 08:38:00,C00360,M0349,3.63,1
T5937,2025-01-21 08:40:00,C01370,M0281,45.3,0
T3527,2025-01-21 08:40:00,C00114,M0183,16.01,0
T5385,2025-01-21 08:47:00,C00285,M0154,12.06,0
T2126,2025-01-21 08:48:00,C00045,M0233,14.25,0
T8148,2025-01-21 08:52:00,C00532,M0357,16.43,0
T3599,2025-01-21 08:56:00,C00769,M0383,4.71,0
T4277,2025-01-21 09:05:00,C01576,M0334,2.61,0
T2078,2025-01-21 09:31:00,C01464,M0187,51.32,0
T1244,2025-01-21 09:33:00,C00750,M0487,5.59,0
T408,2025-01-21 09:35:00,C01056,M0462,37.15,0
T8810,2025-01-21 09:37:00,C00257,M0464,24.6,0
T9480,2025-01-21 09:41:00,C01017,M0096,13.45,0
T1236,2025-01-21 10:02:00,C01035,M0305,36.22,0
T6192,2025-01-21 10:24:00,C01887,M0457,20.17,0
T5084,2025-01-21 10:25:00,C01401,M0284,53.32,0
T1794,2025-01-21 10:26:00,C00672,M0468,14.31,0
T1373,2025-01-21 10:30:00,C01766,M0049,4.55,0
T5045,2025-01-21 10:32:00,C00885,M0049,26.74,0
T4795,2025-01-21 10:37:00,C00218,M0069,16.72,0
T6885,2025-01-21 11:15:00,C01091,M0234,102.3,0
T9493,2025-01-21 11:20:00,C01775,M0116,20.43,0
T7666,2025-01-21 11:23:00,C00896,M0354,13.25,0
T1004,2025-01-21 11:26:00,C00073,M0013,18.44,0
T4196,2025-01-21 11:33:00,C00329,M0262,21.67,0
T7892,2025-01-21 11:44:00,C00866,M0149,13.86,0
T6301,2025-01-21 11:51:00,C01339,M0386,33.93,1
T2881,2025-01-21 11:56:00,C00753,M0292,24.14,0
T4970,2025-01-21 12:03:00,C00276,M0068,15.75,0
T7651,2025-01-21 12:25:00,C01556,M0016,14.48,0
T9374,2025-01-21 12:25:00,C01392,M0002,22.4,1
T6752,2025-01-21 12:33:00,C01598,M0391,9.8,0
T8485,2025-01-21 12:45:00,C00253,M0076,37.99,0
T8028,2025-01-21 13:12:00,C01816,M0401,120.22,0
T345,2025-01-21 13:12:00,C00526,M0026,23.81,0
T1382,2025-01-21 13:49:00,C01833,M0027,99.98,0
T5032,2025-01-21 13:51:00,C01553,M0425,14.49,0
T7164,2025-01-21 14:21:00,C00987,M0105,12.0,1
T9843,2025-01-21 14:29:00,C01543,M0473,37.12,0
T6229,2025-01-21 14:30:00,C01896,M0300,31.56,0
T7918,2025-01-21 14:40:00,C01888,M0490,34.53,0
T7428,2025-01-21 14:45:00,C01067,M0471,23.5,0
T3295,2025-01-21 14:49:00,C00258,M0132,3.67,0
T630,2025-01-21 15:03:00,C00599,M0493,95.61,0
T6642,2025-01-21 15:09:00,C00976,M0052,26.67,0
T5868,2025-01-21 15:09:00,C01259,M0303,7.36,0
T1324,2025-01-21 15:11:00,C00519,M0360,38.09,0
T2454,2025-01-21 15:25:00,C00959,M0368,9.14,0
T2015,2025-01-21 15:34:00,C00640,M0301,8.4,0
T2442,2025-01-21 15:39:00,C01332,M0268,16.88,0
T1419,2025-01-21 15:57:00,C00242,M0203,20.93,0
T1663,2025-01-21 15:59:00,C01973,M0086,6.98,0
T4635,2025-01-21 16:08:00,C00693,M0457,24.79,0
T7121,2025-01-21 16:17:00,C01401,M0405,4.59,0
T5747,2025-01-21 16:33:00,C00008,M0292,16.28,0
T2241,2025-01-21 16:34:00,C01779,M0120,8.26,0
T3496,2025-01-21 16:36:00,C00763,M0296,12.75,0
T2458,2025-01-21 16:46:00,C01639,M0306,21.94,0
T6551,2025-01-21 16:53:00,C00534,M0254,23.4,0
T7929,2025-01-21 17:05:00,C00709,M0136,3.71,0
T5790,2025-01-21 17:11:00,C00886,M0388,12.56,0
T237,2025-01-21 17:35:00,C00686,M0291,26.94,0
T1870,2025-01-21 17:36:00,C00595,M0164,25.96,0
T5965,2025-01-21 17:43:00,C00511,M0269,8.98,0
T4583,2025-01-21 17:57:00,C01695,M0310,74.19,0
T9299,2025-01-21 18:22:00,C01138,M0384,10.38,0
T4776,2025-01-21 18:52:00,C01133,M0481,13.33,0
T4121,2025-01-21 19:03:00,C00909,M0145,42.79,0
T2354,2025-01-21 19:16:00,C00814,M0191,7.42,0
T3790,2025-01-21 19:21:00,C01744,M0038,5.43,0
T4869,2025-01-21 19:23:00,C00577,M0124,6.26,0
T6478,2025-01-21 19:28:00,C00445,M0372,33.21,0
T1196,2025-01-21 19:35:00,C01981,M0449,14.97,0
T5405,2025-01-21 19:38:00,C00568,M0283,12.13,0
T2195,2025-01-21 19:44:00,C00480,M0185,37.06,0
T8821,2025-01-21 19:50:00,C01800,M0131,44.51,0
T6980,2025-01-21 19:52:00,C00021,M0159,9.25,0
T5479,2025-01-21 20:05:00,C01680,M0254,21.61,0
T4317,2025-01-21 20:09:00,C01132,M0033,20.42,0
T5221,2025-01-21 20:09:00,C00895,M0325,69.88,0
T1667,2025-01-21 20:15:00,C01432,M0450,13.43,0
T6011,2025-01-21 20:24:00,C00836,M0132,54.58,0
T1769,2025-01-21 20:27:00,C00171,M0128,20.53,0
T8391,2025-01-21 20:28:00,C01968,M0155,7.32,0
T4295,2025-01-21 20:49:00,C00824,M0338,12.48,0
T5817,2025-01-21 21:03:00,C01853,M0233,8.26,0
T4330,2025-01-21 21:15:00,C01016,M0070,22.59,0
T6720,2025-01-21 21:17:00,C01801,M0492,13.43,0
T154,2025-01-21 21:20:00,C00541,M0165,491.96,0
T1679,2025-01-21 21:27:00,C01774,M0310,42.64,0
T2816,2025-01-21 21:30:00,C00649,M0345,26.36,0
T3789,2025-01-21 21:39:00,C01918,M0268,40.3,0
T896,2025-01-21 21:45:00,C00761,M0293,7.28,0
T3887,2025-01-21 21:46:00,C00660,M0198,4.49,0
T4067,2025-01-21 21:49:00,C00279,M0001,2.61,0
T2333,2025-01-21 21:51:00,C01526,M0264,11.4,0
T7189,2025-01-21 21:51:00,C00216,M0083,16.22,0
T3594,2025-01-21 21:56:00,C01564,M0204,71.53,0
T5611,2025-01-21 22:13:00,C00429,M0440,15.19,0
T4719,2025-01-21 22:14:00,C01126,M0373,1.2,0
T5083,2025-01-21 22:23:00,C01990,M0291,13.6,0
T9514,2025-01-21 22:57:00,C01243,M0303,8.39,0
T6779,2025-01-21 23:45:00,C00673,M0460,16.23,0
T5957,2025-01-21 23:52:00,C00263,M0061,33.98,0
T6701,2025-01-22 00:11:00,C00842,M0408,7.83,0
T2565,2025-01-22 00:14:00,C00417,M0126,9.8,0
T8702,2025-01-22 00:15:00,C01730,M0244,12.47,0
T4563,2025-01-22 00:17:00,C00991,M0068,40.99,1
T5020,2025-01-22 00:26:00,C00860,M0062,19.46,0
T7005,2025-01-22 00:30:00,C00782,M0229,13.84,0
T7304,2025-01-22 00:46:00,C01058,M0427,26.93,0
T8111,2025-01-22 00:57:00,C01818,M0068,9.36,0
T229,2025-01-22 01:06:00,C01613,M0113,47.32,0
T7694,2025-01-22 01:37:00,C01779,M0355,23.41,0
T5914,2025-01-22 01:41:00,C01513,M0457,36.83,1
T8343,2025-01-22 01:48:00,C01890,M0387,5.89,0
T611,2025-01-22 01:54:00,C00869,M0111,19.84,0
T587,2025-01-22 01:55:00,C00542,M0435,20.66,0
T7004,2025-01-22 02:13:00,C00854,M0318,41.13,0
T3119,2025-01-22 02:13:00,C00490,M0437,21.67,0
T3317,2025-01-22 02:26:00,C01462,M0403,5.97,0
T3214,2025-01-22 02:43:00,C00195,M0367,25.07,0
T8860,2025-01-22 02:48:00,C01589,M0484,12.55,0
T3597,2025-01-22 03:11:00,C00268,M0136,14.56,0
T2563,2025-01-22 03:27:00,C00195,M0096,46.93,0
T1449,2025-01-22 03:28:00,C01303,M0090,8.67,0
T7397,2025-01-22 03:41:00,C00386,M0432,21.63,0
T6177,2025-01-22 04:00:00,C01464,M0104,37.28,0
T7440,2025-01-22 04:12:00,C00215,M0249,9.91,0
T945,2025-01-22 04:43:00,C01798,M0043,22.72,0
T104,2025-01-22 04:55:00,C01946,M0453,48.26,0
T7620,2025-01-22 05:04:00,C00976,M0106,8.07,0
T1501,2025-01-22 05:21:00,C00838,M0333,64.71,0
T7613,2025-01-22 05:22:00,C00846,M0026,57.75,0
T5436,2025-01-22 05:24:00,C00421,M0306,25.87,0
T2711,2025-01-22 05:33:00,C00124,M0029,11.06,0
T5595,2025-01-22 05:33:00,C01724,M0395,30.54,0
T5982,2025-01-22 06:07:00,C00243,M0066,27.9,0
T9380,2025-01-22 06:15:00,C00883,M0022,17.42,0
T2307,2025-01-22 06:20:00,C01556,M0362,18.15,0
T9236,2025-01-22 06:28:00,C00378,M0114,19.33,0
T2697,2025-01-22 06:51:00,C00689,M0462,17.35,0
T3251,2025-01-22 06:54:00,C01775,M0338,19.17,0
T1914,2025-01-22 06:59:00,C00051,M0085,38.69,0
T4838,2025-01-22 07:16:00,C00644,M0323,19.93,0
T1145,2025-01-22 07:18:00,C01426,M0120,39.93,0
T2153,2025-01-22 07:22:00,C00943,M0014,48.97,0
T2639,2025-01-22 07:22:00,C01851,M0378,56.07,0
T9465,2025-01-22 07:37:00,C01884,M0059,21.7,0
T4327,2025-01-22 07:38:00,C00799,M0339,3.41,0
T8277,2025-01-22 07:39:00,C00254,M0002,33.06,0
T6531,2025-01-22 07:39:00,C00521,M0294,36.1,0
T1638,2025-01-22 07:47:00,C00874,M0294,12.02,0
T9005,2025-01-22 08:00:00,C00786,M0093,9.35,0
T7451,2025-01-22 08:13:00,C01844,M0172,2.95,0
T6013,2025-01-22 08:14:00,C01953,M0127,81.84,0
T289,2025-01-22 08:26:00,C01479,M0072,31.67,0
T3427,2025-01-22 08:30:00,C01445,M0176,68.35,0
T7403,2025-01-22 08:46:00,C01485,M0217,17.68,0
T5588,2025-01-22 08:51:00,C01943,M0480,14.38,0
T8213,2025-01-22 09:02:00,C00725,M0016,11.45,0
T9708,2025-01-22 09:02:00,C00349,M0337,35.61,0
T9182,2025-01-22 09:03:00,C01696,M0176,56.21,0
T5510,2025-01-22 09:11:00,C00168,M0238,66.35,0
T2996,2025-01-22 09:15:00,C00246,M0424,42.62,0
T8484,2025-01-22 09:35:00,C00801,M0426,11.39,0
T4241,2025-01-22 09:36:00,C01726,M0235,8.8,1
T6654,2025-01-22 09:45:00,C01443,M0219,22.22,0
T2412,2025-01-22 10:01:00,C00288,M0107,54.98,0
T8854,2025-01-22 10:29:00,C01010,M0358,105.43,0
T3710,2025-01-22 10:33:00,C00955,M0206,23.48,0
T3904,2025-01-22 10:41:00,C01078,M0446,11.79,0
T3839,2025-01-22 11:08:00,C00578,M0320,24.8,0
T4572,2025-01-22 11:08:00,C01272,M0122,8.53,0
T2312,2025-01-22 11:11:00,C01907,M0010,52.04,0
T6384,2025-01-22 11:30:00,C01953,M0193,3.41,0
T2814,2025-01-22 11:30:00,C01506,M0327,10.7,0
T2713,2025-01-22 11:33:00,C00980,M0064,24.76,0
T6694,2025-01-22 11:35:00,C01627,M0444,3.5,0
T8356,2025-01-22 11:36:00,C01715,M0021,10.83,0
T4059,2025-01-22 11:49:00,C01376,M0457,24.59,0
T5837,2025-01-22 11:51:00,C01209,M0151,24.41,0
T4272,2025-01-22 11:54:00,C01082,M0259,20.02,0
T7654,2025-01-22 12:14:00,C01161,M0347,10.66,0
T449,2025-01-22 12:17:00,C00216,M0449,15.95,0
T5682,2025-01-22 12:19:00,C01629,M0001,3.67,0
T4107,2025-01-22 12:21:00,C01153,M0134,13.99,0
T8991,2025-01-22 12:24:00,C00566,M0208,5.12,0
T7778,2025-01-22 12:28:00,C00638,M0234,3.72,0
T2085,2025-01-22 12:47:00,C00571,M0160,37.59,0
T8083,2025-01-22 12:47:00,C00161,M0391,10.6,0
T2005,2025-01-22 12:50:00,C00104,M0057,11.72,0
T365,2025-01-22 13:04:00,C00829,M0327,20.56,0
T4851,2025-01-22 13:07:00,C01936,M0238,12.88,0
T2199,2025-01-22 13:35:00,C00972,M0178,82.92,0
T9464,2025-01-22 13:55:00,C01080,M0207,80.48,0
T4647,2025-01-22 14:05:00,C00851,M0335,75.9,0
T6922,2025-01-22 14:19:00,C01508,M0003,55.02,0
T6209,2025-01-22 14:25:00,C00201,M0223,63.35,0
T8894,2025-01-22 14:33:00,C01716,M0210,33.47,0
T3626,2025-01-22 14:51:00,C00443,M0289,26.82,0
T7161,2025-01-22 15:29:00,C01563,M0467,19.06,0
T4214,2025-01-22 15:34:00,C00002,M0319,37.5,0
T2269,2025-01-22 15:34:00,C00534,M0212,28.28,0
T6099,2025-01-22 15:46:00,C00614,M0323,6.01,0
T7133,2025-01-22 16:13:00,C00613,M0319,5.46,0
T8069,2025-01-22 16:25:00,C01932,M0461,1.33,0
T2995,2025-01-22 16:59:00,C00827,M0112,21.66,0
T3701,2025-01-22 17:19:00,C01260,M0131,72.83,0
T9897,2025-01-22 17:25:00,C01577,M0012,327.45,0
T3733,2025-01-22 17:52:00,C01366,M0047,8.96,0
T6601,2025-01-22 17:55:00,C01247,M0286,15.24,0
T1951,2025-01-22 18:04:00,C01561,M0237,102.16,0
T7066,2025-01-22 18:11:00,C00903,M0406,24.41,0
T3038,2025-01-22 18:17:00,C00132,M0249,16.1,0
T1964,2025-01-22 18:28:00,C00801,M0142,39.92,0
T4940,2025-01-22 18:29:00,C01725,M0023,4.94,0
T7678,2025-01-22 18:42:00,C01197,M0408,44.6,0
T2092,2025-01-22 18:47:00,C01721,M0247,42.51,0
T6467,2025-01-22 18:56:00,C01999,M0227,79.87,0
T4733,2025-01-22 18:59:00,C00817,M0457,3.3,0
T9045,2025-01-22 19:05:00,C00854,M0310,22.9,0
T6843,2025-01-22 19:10:00,C00338,M0392,19.06,0
T2041,2025-01-22 19:21:00,C00545,M0157,17.2,0
T6747,2025-01-22 19:26:00,C00096,M0404,88.58,0
T7628,2025-01-22 19:36:00,C00803,M0271,32.34,0
T5036,2025-01-22 19:37:00,C00805,M0078,91.12,0
T1181,2025-01-22 19:39:00,C00631,M0009,10.04,0
T5265,2025-01-22 19:42:00,C00850,M0484,8.32,0
T3680,2025-01-22 19:53:00,C00730,M0273,9.75,0
T4457,2025-01-22 20:15:00,C01445,M0484,8.62,0
T4745,2025-01-22 20:40:00,C01037,M0255,46.96,0
T1150,2025-01-22 20:40:00,C00832,M0077,25.95,0
T8748,2025-01-22 20:58:00,C00701,M0326,9.6,0
T4985,2025-01-22 21:08:00,C01217,M0120,7.33,0
T9699,2025-01-22 21:33:00,C00684,M0189,61.78,0
T6240,2025-01-22 21:51:00,C01400,M0156,10.54,0
T35,2025-01-22 21:51:00,C01568,M0414,22.37,0
T2198,2025-01-22 21:52:00,C01188,M0137,17.34,0
T3831,2025-01-22 21:55:00,C01312,M0467,34.05,0
T7069,2025-01-22 21:56:00,C01221,M0230,5.62,0
T9757,2025-01-22 22:08:00,C01445,M0252,9.03,0
T1544,2025-01-22 22:15:00,C01458,M0254,8.65,0
T1785,2025-01-22 22:25:00,C00476,M0290,23.81,0
T1581,2025-01-22 22:38:00,C01304,M0412,4.28,0
T6289,2025-01-22 22:41:00,C00575,M0475,4.22,0
T235,2025-01-22 22:56:00,C01510,M0292,9.35,0
T6696,2025-01-22 23:04:00,C00489,M0499,4.58,0
T6762,2025-01-22 23:05:00,C01243,M0213,4.47,0
T7595,2025-01-22 23:09:00,C01179,M0454,35.82,0
T8824,2025-01-22 23:09:00,C00233,M0256,59.01,0
T1223,2025-01-22 23:33:00,C00318,M0296,23.82,0
T2933,2025-01-22 23:35:00,C01278,M0125,28.23,0
T2476,2025-01-22 23:36:00,C01705,M0278,8.03,0
T5918,2025-01-22 23:38:00,C00704,M0093,26.49,0
T7858,2025-01-22 23:43:00,C01833,M0047,34.85,0
T7653,2025-01-22 23:53:00,C00682,M0332,52.11,0
T3130,2025-01-23 00:25:00,C01932,M0064,21.35,0
T4198,2025-01-23 00:27:00,C00772,M0132,2.28,0
T4466,2025-01-23 00:29:00,C00868,M0181,35.15,0
T5194,2025-01-23 00:41:00,C01836,M0427,14.12,0
T5648,2025-01-23 00:48:00,C00743,M0228,72.33,0
T2179,2025-01-23 01:10:00,C01113,M0367,212.93,1
T3211,2025-01-23 01:38:00,C01725,M0217,12.69,0
T4207,2025-01-23 01:41:00,C01561,M0250,14.67,0
T4019,2025-01-23 02:02:00,C00063,M0080,4.91,0
T7382,2025-01-23 02:19:00,C01750,M0382,15.99,0
T1161,2025-01-23 02:21:00,C01669,M0417,65.79,0
T2212,2025-01-23 02:22:00,C01273,M0063,6.67,0
T7756,2025-01-23 02:26:00,C01944,M0062,52.26,0
T5354,2025-01-23 02:31:00,C01131,M0360,32.08,0
T3917,2025-01-23 02:45:00,C00738,M0249,21.15,0
T2791,2025-01-23 02:52:00,C00504,M0290,10.34,0
T1784,2025-01-23 03:00:00,C00756,M0449,7.88,0
T6225,2025-01-23 03:15:00,C01453,M0435,48.91,0
T3568,2025-01-23 03:21:00,C01626,M0266,4.5,0
T1915,2025-01-23 03:30:00,C00318,M0045,24.29,0
T1749,2025-01-23 03:30:00,C00231,M0322,28.05,0
T3461,2025-01-23 03:37:00,C00991,M0362,9.75,0
T5430,2025-01-23 03:39:00,C00836,M0043,56.65,0
T2075,2025-01-23 03:50:00,C00131,M0094,2.87,0
T2047,2025-01-23 03:50:00,C00230,M0316,18.4,0
T3438,2025-01-23 04:01:00,C01764,M0065,15.54,0
T635,2025-01-23 04:01:00,C00603,M0062,3.81,0
T4845,2025-01-23 04:03:00,C01401,M0246,15.73,1
T7318,2025-01-23 04:12:00,C00703,M0405,70.17,0
T4945,2025-01-23 04:34:00,C00947,M0077,8.83,0
T9326,2025-01-23 04:38:00,C00168,M0142,26.07,0
T1540,2025-01-23 04:46:00,C00848,M0175,3.13,0
T6152,2025-01-23 04:53:00,C00617,M0178,27.1,0
T5215,2025-01-23 05:00:00,C01491,M0455,7.88,0
T1268,2025-01-23 05:07:00,C01203,M0441,60.71,0
T5264,2025-01-23 05:26:00,C01833,M0175,10.15,0
T6361,2025-01-23 05:36:00,C01573,M0037,6.43,0
T715,2025-01-23 06:09:00,C01426,M0303,11.95,0
T9030,2025-01-23 06:29:00,C01663,M0370,14.92,0
T5431,2025-01-23 06:43:00,C01125,M0350,46.16,0
T4050,2025-01-23 06:48:00,C01911,M0094,15.76,0
T378,2025-01-23 06:53:00,C01124,M0286,12.6,0
T4654,2025-01-23 06:53:00,C00201,M0033,29.65,0
T356,2025-01-23 06:57:00,C00433,M0448,67.56,0
T4661,2025-01-23 07:01:00,C00492,M0254,44.14,0
T4259,2025-01-23 07:15:00,C00450,M0295,21.65,0
T2074,2025-01-23 07:17:00,C01124,M0041,68.04,0
T8434,2025-01-23 07:25:00,C01672,M0289,15.74,1
T4324,2025-01-23 07:30:00,C01396,M0244,55.28,0
T6846,2025-01-23 07:52:00,C01693,M0346,5.92,0
T993,2025-01-23 07:54:00,C00207,M0256,12.5,0
T9308,2025-01-23 08:01:00,C00030,M0315,5.76,0
T6465,2025-01-23 08:07:00,C00947,M0326,19.29,0
T4406,2025-01-23 08:12:00,C01775,M0093,8.07,0
T2980,2025-01-23 08:14:00,C00098,M0330,128.53,0
T1613,2025-01-23 08:36:00,C00742,M0050,10.19,0
T694,2025-01-23 08:41:00,C00965,M0173,62.0,0
T8244,2025-01-23 08:54:00,C01218,M0331,6.84,0
T391,2025-01-23 08:57:00,C00827,M0111,9.72,0
T8979,2025-01-23 09:02:00,C01533,M0145,7.15,0
T5847,2025-01-23 09:10:00,C00078,M0038,4.78,0
T3590,2025-01-23 09:25:00,C01904,M0190,99.31,0
T3859,2025-01-23 09:32:00,C01831,M0027,68.87,0
T909,2025-01-23 09:34:00,C01479,M0111,43.26,0
T999,2025-01-23 09:45:00,C00330,M0051,16.69,0
T8879,2025-01-23 09:55:00,C00885,M0433,8.45,0
T3988,2025-01-23 10:18:00,C01953,M0095,14.44,0
T4955,2025-01-23 10:19:00,C01682,M0374,9.64,0
T9643,2025-01-23 10:25:00,C01693,M0478,78.93,0
T529,2025-01-23 10:27:00,C00676,M0403,46.8,0
T8302,2025-01-23 10:32:00,C00164,M0454,171.89,0
T7627,2025-01-23 10:37:00,C00782,M0283,14.78,0
T3005,2025-01-23 10:47:00,C01946,M0449,3.94,0
T9059,2025-01-23 10:48:00,C01842,M0356,26.2,0
T6082,2025-01-23 10:50:00,C01633,M0225,16.4,0
T7231,2025-01-23 10:52:00,C01947,M0469,98.35,0
T7538,2025-01-23 10:54:00,C01856,M0260,17.2,0
T6606,2025-01-23 11:15:00,C00330,M0411,12.7,0
T6508,2025-01-23 11:23:00,C01795,M0065,20.79,0
T2262,2025-01-23 11:31:00,C00042,M0366,4.9,0
T8146,2025-01-23 11:36:00,C01191,M0102,46.2,0
T3479,2025-01-23 12:02:00,C00840,M0270,59.44,0
T1403,2025-01-23 12:13:00,C01201,M0096,5.82,0
T6760,2025-01-23 12:27:00,C01941,M0287,34.75,0
T3655,2025-01-23 12:30:00,C00302,M0070,39.29,0
T9795,2025-01-23 12:30:00,C01410,M0468,4.26,0
T3487,2025-01-23 12:41:00,C01833,M0481,4.89,1
T5255,2025-01-23 12:43:00,C00702,M0202,45.03,0
T9001,2025-01-23 12:49:00,C00825,M0427,15.12,0
T8651,2025-01-23 12:50:00,C01369,M0034,9.38,0
T7857,2025-01-23 13:03:00,C01937,M0014,7.6,0
T5512,2025-01-23 13:07:00,C00791,M0267,48.56,0
T8737,2025-01-23 13:11:00,C01519,M0152,33.54,0
T499,2025-01-23 13:19:00,C01640,M0391,14.76,0
T9529,2025-01-23 14:15:00,C01212,M0000,42.96,0
T9606,2025-01-23 14:24:00,C00801,M0322,10.61,0
T4923,2025-01-23 14:31:00,C01120,M0319,48.23,0
T1891,2025-01-23 14:36:00,C01244,M0323,24.54,0
T6053,2025-01-23 14:47:00,C00239,M0086,2.93,0
T6309,2025-01-23 14:54:00,C01183,M0320,119.52,0
T9197,2025-01-23 15:03:00,C00987,M0050,19.56,0
T2624,2025-01-23 15:11:00,C00094,M0357,19.55,0
T2850,2025-01-23 15:22:00,C00245,M0407,4.13,0
T67,2025-01-23 15:26:00,C01863,M0321,40.89,0
T9323,2025-01-23 15:44:00,C00954,M0238,19.71,0
T8566,2025-01-23 15:44:00,C00324,M0132,35.81,0
T6352,2025-01-23 15:54:00,C00591,M0482,11.9,0
T307,2025-01-23 15:55:00,C01508,M0494,6.67,0
T2741,2025-01-23 16:18:00,C00200,M0267,14.43,0
T8672,2025-01-23 16:54:00,C01672,M0079,6.38,0
T252,2025-01-23 17:11:00,C01865,M0109,122.74,0
T1398,2025-01-23 17:33:00,C00866,M0468,14.5,0
T323,2025-01-23 17:45:00,C00960,M0145,22.86,0
T2944,2025-01-23 18:02:00,C01326,M0300,28.9,1
T5262,2025-01-23 18:06:00,C00605,M0149,36.64,0
T6373,2025-01-23 18:09:00,C00527,M0430,13.04,0
T1968,2025-01-23 18:19:00,C00014,M0475,6.84,0
T2313,2025-01-23 18:24:00,C00921,M0313,73.7,0
T3372,2025-01-23 18:32:00,C01182,M0332,7.35,0
T3646,2025-01-23 18:33:00,C01029,M0441,53.07,0
T9646,2025-01-23 18:53:00,C00890,M0092,39.52,0
T4433,2025-01-23 19:01:00,C00500,M0452,83.13,0
T8110,2025-01-23 19:06:00,C01012,M0431,120.6,0
T4228,2025-01-23 19:08:00,C00254,M0347,74.3,0
T4249,2025-01-23 19:34:00,C01896,M0443,6.63,0
T9360,2025-01-23 19:52:00,C00225,M0271,11.67,0
T8835,2025-01-23 19:53:00,C01059,M0030,18.7,0
T7845,2025-01-23 20:08:00,C01692,M0018,23.93,0
T1406,2025-01-23 20:33:00,C01894,M0261,23.18,0
T6490,2025-01-23 20:39:00,C01384,M0045,64.36,0
T3914,2025-01-23 20:40:00,C01232,M0045,17.57,0
T1276,2025-01-23 20:41:00,C00255,M0463,34.74,0
T6501,2025-01-23 20:44:00,C00168,M0104,13.05,0
T7309,2025-01-23 20:50:00,C01076,M0113,11.84,0
T4533,2025-01-23 20:53:00,C01715,M0023,16.82,0
T3931,2025-01-23 20:54:00,C01595,M0202,42.52,0
T7254,2025-01-23 21:00:00,C00882,M0103,25.2,0
T4752,2025-01-23 21:14:00,C00613,M0358,17.5,0
T3395,2025-01-23 21:15:00,C00512,M0205,18.17,0
T8378,2025-01-23 21:19:00,C01175,M0138,19.81,0
T6051,2025-01-23 21:26:00,C00022,M0482,29.08,0
T2627,2025-01-23 21:32:00,C00024,M0324,13.45,1
T4303,2025-01-23 21:32:00,C01319,M0092,11.67,0
T8263,2025-01-23 21:40:00,C00933,M0290,5.31,0
T1681,2025-01-23 21:41:00,C01341,M0159,25.08,0
T3657,2025-01-23 21:43:00,C01640,M0359,34.47,0
T7332,2025-01-23 21:51:00,C01701,M0119,11.74,0
T2808,2025-01-23 21:54:00,C01477,M0208,17.44,1
T3550,2025-01-23 22:02:00,C01622,M0445,61.1,0
T7594,2025-01-23 22:05:00,C00648,M0296,21.65,0
T9142,2025-01-23 22:12:00,C00277,M0256,7.01,0
T4762,2025-01-23 22:37:00,C00464,M0225,8.62,0
T1388,2025-01-23 22:39:00,C01555,M0491,14.45,0
T5625,2025-01-23 22:40:00,C01609,M0150,63.84,0
T1534,2025-01-23 23:02:00,C00899,M0303,108.36,0
T5396,2025-01-23 23:05:00,C00595,M0494,114.63,0
T5814,2025-01-23 23:13:00,C00365,M0009,133.89,0
T7169,2025-01-23 23:25:00,C01066,M0443,32.05,0
T7861,2025-01-24 00:03:00,C01166,M0033,31.84,0
T1509,2025-01-24 00:10:00,C01864,M0143,19.99,0
T6970,2025-01-24 00:12:00,C00127,M0356,31.62,0
T6169,2025-01-24 00:19:00,C01167,M0379,23.42,0
T1809,2025-01-24 00:22:00,C00924,M0432,30.58,0
T3120,2025-01-24 00:34:00,C01296,M0174,68.46,0
T93,2025-01-24 00:39:00,C00066,M0288,15.59,0
T2315,2025-01-24 00:40:00,C00661,M0127,35.5,0
T8488,2025-01-24 00:41:00,C00086,M0341,10.13,0
T8336,2025-01-24 00:52:00,C01870,M0038,11.47,0
T1984,2025-01-24 00:54:00,C01216,M0157,27.07,0
T3423,2025-01-24 01:24:00,C00114,M0274,25.08,0
T2748,2025-01-24 02:03:00,C01791,M0385,20.04,0
T9624,2025-01-24 02:17:00,C01510,M0076,5.69,0
T4335,2025-01-24 02:32:00,C01857,M0417,189.85,0
T3932,2025-01-24 02:36:00,C01623,M0409,25.64,0
T6364,2025-01-24 03:02:00,C01805,M0229,25.45,0
T636,2025-01-24 03:07:00,C00302,M0403,12.88,0
T6775,2025-01-24 03:13:00,C01854,M0410,21.16,0
T1722,2025-01-24 03:20:00,C01708,M0322,43.0,0
T6496,2025-01-24 03:24:00,C01094,M0045,21.46,0
T7325,2025-01-24 03:32:00,C00950,M0166,6.45,0
T7479,2025-01-24 03:32:00,C00036,M0192,7.79,0
T4551,2025-01-24 03:40:00,C00121,M0435,39.45,0
T8491,2025-01-24 03:49:00,C01981,M0026,12.85,0
T9007,2025-01-24 03:51:00,C00028,M0418,12.59,0
T2301,2025-01-24 04:01:00,C00408,M0103,1.62,0
T8664,2025-01-24 04:05:00,C01194,M0370,4.26,0
T2668,2025-01-24 04:05:00,C00342,M0016,16.59,0
T5598,2025-01-24 04:07:00,C01253,M0016,12.05,0
T9439,2025-01-24 04:11:00,C01604,M0090,38.97,0
T5482,2025-01-24 04:17:00,C01545,M0236,10.45,0
T2777,2025-01-24 04:20:00,C01081,M0016,41.71,0
T1830,2025-01-24 04:37:00,C01300,M0258,21.0,0
T4375,2025-01-24 04:42:00,C01607,M0157,25.81,0
T4556,2025-01-24 04:58:00,C00761,M0221,15.19,0
T776,2025-01-24 05:14:00,C00126,M0019,47.62,0
T9623,2025-01-24 05:19:00,C01981,M0383,1031.23,0
T4723,2025-01-24 05:35:00,C01680,M0363,10.55,0
T4496,2025-01-24 05:37:00,C01304,M0457,34.77,0
T4162,2025-01-24 05:38:00,C01020,M0339,16.73,0
T7029,2025-01-24 05:41:00,C00493,M0249,7.94,0
T7176,2025-01-24 05:57:00,C01701,M0045,20.99,0
T3608,2025-01-24 06:07:00,C01990,M0253,19.45,0
T483,2025-01-24 06:16:00,C01758,M0184,5.81,0
T9180,2025-01-24 06:33:00,C01783,M0367,3.99,0
T1119,2025-01-24 06:56:00,C01399,M0284,13.63,0
T6665,2025-01-24 07:01:00,C00183,M0102,19.53,0
T9781,2025-01-24 07:05:00,C01775,M0185,25.7,0
T1189,2025-01-24 07:32:00,C01822,M0111,75.52,0
T5181,2025-01-24 07:36:00,C01856,M0102,37.79,0
T601,2025-01-24 07:51:00,C01946,M0241,30.71,0
T2219,2025-01-24 08:13:00,C00998,M0117,42.28,0
T3045,2025-01-24 08:23:00,C00411,M0203,44.2,0
T6967,2025-01-24 08:35:00,C00987,M0245,12.3,0
T5356,2025-01-24 08:54:00,C01278,M0208,12.76,0
T1462,2025-01-24 09:00:00,C01891,M0197,8.21,0
T1737,2025-01-24 09:02:00,C00847,M0001,70.41,0
T4389,2025-01-24 09:05:00,C01251,M0448,5.63,0
T5722,2025-01-24 09:12:00,C01083,M0185,82.92,0
T6275,2025-01-24 09:26:00,C00469,M0017,4.2,0
T4535,2025-01-24 09:27:00,C01100,M0432,11.88,0
T7950,2025-01-24 09:28:00,C01751,M0110,33.16,0
T2796,2025-01-24 09:31:00,C01750,M0022,167.01,0
T9891,2025-01-24 09:37:00,C01239,M0456,24.02,0
T1110,2025-01-24 09:59:00,C00186,M0225,23.26,1
T4441,2025-01-24 10:02:00,C01663,M0148,13.44,0
T4512,2025-01-24 10:04:00,C01831,M0077,36.22,0
T9168,2025-01-24 10:05:00,C01479,M0176,61.27,0
T8840,2025-01-24 10:14:00,C00529,M0363,12.2,0
T1483,2025-01-24 10:22:00,C00056,M0206,19.4,0
T2063,2025-01-24 10:35:00,C00850,M0351,6.41,0
T1605,2025-01-24 10:36:00,C01460,M0018,17.61,0
T6839,2025-01-24 10:37:00,C00526,M0063,27.75,0
T8209,2025-01-24 10:40:00,C00883,M0095,23.35,0
T5143,2025-01-24 10:49:00,C01262,M0219,274.66,0
T5006,2025-01-24 10:56:00,C00083,M0314,25.76,0
T5397,2025-01-24 11:03:00,C01366,M0273,34.25,0
T7339,2025-01-24 11:05:00,C01888,M0051,48.31,0
T2555,2025-01-24 11:07:00,C00741,M0249,25.83,0
T6110,2025-01-24 11:18:00,C00515,M0233,14.39,0
T8042,2025-01-24 11:18:00,C00331,M0443,47.77,0
T9972,2025-01-24 11:42:00,C00162,M0303,19.1,0
T131,2025-01-24 11:47:00,C00341,M0164,19.67,0
T309,2025-01-24 11:48:00,C00985,M0091,16.03,0
T8678,2025-01-24 11:57:00,C01130,M0358,6.65,0
T3654,2025-01-24 12:00:00,C00012,M0418,115.88,0
T2508,2025-01-24 12:08:00,C01069,M0213,4.18,0
T2839,2025-01-24 12:26:00,C00025,M0426,23.96,0
T3628,2025-01-24 12:30:00,C01450,M0264,19.26,0
T3922,2025-01-24 12:32:00,C01157,M0101,21.76,0
T4836,2025-01-24 12:45:00,C00467,M0478,59.99,0
T8938,2025-01-24 12:52:00,C01767,M0463,34.17,0
T2083,2025-01-24 12:53:00,C01734,M0270,10.17,0
T6258,2025-01-24 12:56:00,C00142,M0228,28.9,0
T3957,2025-01-24 13:19:00,C00618,M0047,66.75,0
T1401,2025-01-24 13:33:00,C01589,M0163,8.38,0
T2547,2025-01-24 13:37:00,C00800,M0241,16.29,0
T9714,2025-01-24 13:57:00,C01560,M0272,6.61,0
T6546,2025-01-24 14:20:00,C00332,M0230,94.94,0
T1873,2025-01-24 14:37:00,C00864,M0364,111.04,0
T4643,2025-01-24 14:38:00,C01433,M0086,29.04,0
T1282,2025-01-24 14:48:00,C01021,M0460,22.74,0
T9302,2025-01-24 14:52:00,C00062,M0095,27.11,0
T968,2025-01-24 14:56:00,C00041,M0202,5.76,0
T1291,2025-01-24 15:00:00,C01207,M0253,16.28,0
T5016,2025-01-24 15:08:00,C01206,M0083,25.04,0
T2561,2025-01-24 15:31:00,C00823,M0295,12.11,0
T4704,2025-01-24 15:37:00,C00347,M0025,12.96,0
T3716,2025-01-24 15:44:00,C00262,M0320,42.85,0
T2034,2025-01-24 15:48:00,C00219,M0169,32.99,0
T5692,2025-01-24 15:49:00,C00665,M0255,310.35,0
T8800,2025-01-24 15:57:00,C01063,M0121,48.85,0
T2043,2025-01-24 16:04:00,C00988,M0193,15.01,0
T4603,2025-01-24 16:07:00,C01184,M0355,16.68,0
T9319,2025-01-24 16:32:00,C00113,M0262,76.27,0
T3862,2025-01-24 17:08:00,C01088,M0252,35.89,0
T5398,2025-01-24 17:12:00,C00669,M0456,8.12,0
T1432,2025-01-24 17:17:00,C00145,M0217,17.16,0
T6173,2025-01-24 17:19:00,C01430,M0480,32.5,0
T7794,2025-01-24 17:20:00,C00298,M0103,6.28,0
T2255,2025-01-24 17:31:00,C01863,M0057,26.21,0
T6626,2025-01-24 17:38:00,C01597,M0392,9.85,0
T2470,2025-01-24 17:56:00,C00705,M0468,20.0,0
T7960,2025-01-24 18:06:00,C01402,M0040,20.42,0
T8831,2025-01-24 18:07:00,C00024,M0050,20.32,0
T5048,2025-01-24 18:17:00,C01424,M0438,10.59,0
T2930,2025-01-24 18:28:00,C01291,M0281,4.91,1
T6985,2025-01-24 18:35:00,C01295,M0102,11.93,0
T9919,2025-01-24 19:03:00,C01184,M0290,84.03,0
T8374,2025-01-24 19:08:00,C01164,M0254,2.38,0
T4655,2025-01-24 19:54:00,C00444,M0087,7.13,0
T7982,2025-01-24 19:58:00,C00235,M0250,50.58,0
T3425,2025-01-24 20:04:00,C01329,M0398,30.84,0
T8816,2025-01-24 20:12:00,C00116,M0166,73.97,0
T9695,2025-01-24 20:26:00,C01708,M0421,20.07,0
T648,2025-01-24 20:29:00,C01119,M0085,13.53,0
T9448,2025-01-24 21:01:00,C01739,M0368,6.91,0
T919,2025-01-24 21:07:00,C01035,M0366,8.88,0
T5028,2025-01-24 21:13:00,C01304,M0155,50.84,0
T4147,2025-01-24 21:17:00,C01475,M0271,10.13,0
T6638,2025-01-24 21:29:00,C00848,M0284,30.76,1
T9258,2025-01-24 21:33:00,C01380,M0106,60.38,0
T8899,2025-01-24 21:34:00,C01045,M0417,29.48,0
T9224,2025-01-24 21:36:00,C00785,M0438,5.71,0
T8930,2025-01-24 22:17:00,C00319,M0002,2.61,0
T8941,2025-01-24 22:30:00,C01798,M0307,143.61,0
T6254,2025-01-24 22:34:00,C01373,M0429,11.19,0
T5014,2025-01-24 22:44:00,C01461,M0061,65.42,0
T4853,2025-01-24 22:45:00,C01880,M0291,20.26,0
T9191,2025-01-24 22:53:00,C01921,M0472,18.52,0
T5727,2025-01-24 22:53:00,C01005,M0482,10.3,0
T2106,2025-01-24 23:03:00,C01801,M0003,50.28,0
T4070,2025-01-24 23:10:00,C00745,M0314,84.54,0
T2906,2025-01-24 23:18:00,C01383,M0307,9.95,0
T2654,2025-01-24 23:21:00,C00775,M0420,6.16,0
T8683,2025-01-24 23:23:00,C00293,M0083,4.91,0
T4835,2025-01-24 23:24:00,C01100,M0376,14.6,0
T859,2025-01-24 23:29:00,C00147,M0068,158.07,0
T1655,2025-01-24 23:31:00,C01914,M0256,16.65,0
T3798,2025-01-24 23:40:00,C00993,M0279,16.09,0
T3093,2025-01-24 23:42:00,C01185,M0298,17.6,0
T7804,2025-01-24 23:50:00,C01709,M0451,61.28,0
T1052,2025-01-25 00:00:00,C01430,M0008,178.9,0
T6619,2025-01-25 00:05:00,C00844,M0375,85.99,0
T9402,2025-01-25 00:08:00,C00659,M0296,17.9,0
T5309,2025-01-25 00:18:00,C00564,M0201,7.17,0
T576,2025-01-25 00:18:00,C01027,M0078,13.15,0
T322,2025-01-25 00:24:00,C00809,M0336,19.79,0
T2171,2025-01-25 00:34:00,C00352,M0267,15.19,0
T9611,2025-01-25 00:40:00,C01299,M0080,18.16,0
T3106,2025-01-25 00:50:00,C01488,M0481,9.22,0
T606,2025-01-25 01:00:00,C00501,M0375,9.61,1
T3127,2025-01-25 01:04:00,C00306,M0498,13.2,0
T9038,2025-01-25 01:09:00,C01628,M0234,18.84,0
T6294,2025-01-25 01:15:00,C01780,M0339,15.14,0
T1420,2025-01-25 01:16:00,C01810,M0324,5.78,0
T4893,2025-01-25 01:22:00,C01257,M0117,73.5,0
T5928,2025-01-25 01:30:00,C01845,M0070,25.43,0
T4404,2025-01-25 01:40:00,C01039,M0491,25.89,0
T826,2025-01-25 01:54:00,C01971,M0099,131.41,0
T3963,2025-01-25 01:55:00,C01815,M0484,25.68,0
T6337,2025-01-25 01:58:00,C00482,M0066,20.28,0
T3794,2025-01-25 02:01:00,C01619,M0106,10.08,0
T4418,2025-01-25 02:13:00,C00749,M0082,8.98,0
T6778,2025-01-25 02:15:00,C00104,M0133,9.52,0
T198,2025-01-25 02:18:00,C00849,M0373,103.18,0
T4754,2025-01-25 02:20:00,C01106,M0160,6.99,0
T1466,2025-01-25 02:21:00,C01277,M0247,71.79,0
T1857,2025-01-25 02:27:00,C01954,M0251,10.75,0
T8509,2025-01-25 02:51:00,C01015,M0352,25.61,0
T2619,2025-01-25 03:02:00,C00012,M0317,4.04,0
T9633,2025-01-25 03:03:00,C01373,M0111,100.55,0
T5505,2025-01-25 03:13:00,C01515,M0439,10.54,0
T5525,2025-01-25 03:14:00,C00929,M0008,29.57,0
T210,2025-01-25 03:14:00,C00990,M0016,15.65,0
T6200,2025-01-25 03:18:00,C01467,M0339,3.47,0
T6892,2025-01-25 03:25:00,C01054,M0131,38.22,0
T166,2025-01-25 03:26:00,C00332,M0375,11.01,0
T3530,2025-01-25 03:33:00,C00502,M0384,66.78,0
T6721,2025-01-25 03:35:00,C01684,M0089,102.38,0
T5468,2025-01-25 03:42:00,C00810,M0478,21.46,0
T5214,2025-01-25 03:45:00,C00264,M0384,13.91,0
T1404,2025-01-25 04:01:00,C01832,M0256,8.34,0
T7556,2025-01-25 04:08:00,C00208,M0200,94.37,0
T4976,2025-01-25 04:12:00,C00463,M0378,54.26,0
T7097,2025-01-25 04:12:00,C00527,M0099,19.79,0
T8853,2025-01-25 04:15:00,C00128,M0105,3.98,0
T699,2025-01-25 04:16:00,C00239,M0378,33.84,0
T7513,2025-01-25 04:31:00,C01837,M0157,151.65,0
T1539,2025-01-25 04:32:00,C00347,M0066,6.94,0
T8082,2025-01-25 04:40:00,C00781,M0303,48.39,0
T2571,2025-01-25 05:05:00,C00883,M0203,8.81,0
T4351,2025-01-25 05:12:00,C01869,M0390,4.02,0
T496,2025-01-25 05:51:00,C01424,M0123,20.34,0
T1160,2025-01-25 05:51:00,C00952,M0469,15.08,0
T5939,2025-01-25 06:04:00,C01636,M0417,9.34,0
T7676,2025-01-25 06:09:00,C01055,M0394,173.18,0
T9058,2025-01-25 06:39:00,C00514,M0143,143.82,0
T2379,2025-01-25 06:44:00,C01233,M0090,76.33,0
T6161,2025-01-25 07:00:00,C00922,M0232,24.5,0
T3950,2025-01-25 07:18:00,C01389,M0458,8.19,0
T8352,2025-01-25 07:30:00,C00366,M0235,15.07,0
T7913,2025-01-25 07:50:00,C01581,M0305,39.33,0
T7963,2025-01-25 07:51:00,C00338,M0411,17.28,0
T1817,2025-01-25 08:06:00,C00340,M0134,19.51,0
T9733,2025-01-25 08:17:00,C01956,M0029,19.94,0
T1876,2025-01-25 08:17:00,C00708,M0471,12.85,0
T3943,2025-01-25 08:20:00,C01285,M0201,11.18,0
T3667,2025-01-25 08:23:00,C01191,M0421,29.65,0
T5808,2025-01-25 08:41:00,C01928,M0083,7.23,0
T4224,2025-01-25 08:58:00,C00214,M0356,16.98,0
T1279,2025-01-25 09:11:00,C00799,M0461,3.45,0
T1814,2025-01-25 09:33:00,C00407,M0213,10.1,1
T8905,2025-01-25 09:35:00,C01248,M0294,35.01,0
T2365,2025-01-25 09:44:00,C01551,M0220,5.75,0
T9978,2025-01-25 09:57:00,C01669,M0133,21.28,0
T9151,2025-01-25 10:07:00,C01232,M0475,35.79,0
T8952,2025-01-25 10:09:00,C01070,M0364,43.57,0
T4658,2025-01-25 10:19:00,C00296,M0232,13.04,0
T5141,2025-01-25 10:26:00,C01871,M0240,57.93,0
T7346,2025-01-25 10:27:00,C01850,M0129,13.57,0
T457,2025-01-25 10:35:00,C00934,M0339,5.97,0
T8767,2025-01-25 10:41:00,C00994,M0127,2.71,0
T3472,2025-01-25 10:45:00,C01918,M0187,5.0,0
T7132,2025-01-25 10:48:00,C00402,M0206,14.17,0
T107,2025-01-25 11:02:00,C00472,M0334,30.97,0
T9093,2025-01-25 11:13:00,C00988,M0301,22.0,0
T429,2025-01-25 11:27:00,C00844,M0495,32.34,0
T8594,2025-01-25 11:36:00,C01168,M0002,34.16,0
T2223,2025-01-25 11:42:00,C01188,M0253,10.35,0
T7328,2025-01-25 11:48:00,C01552,M0201,29.96,0
T524,2025-01-25 11:50:00,C00270,M0103,129.61,0
T8201,2025-01-25 12:01:00,C00545,M0473,41.4,0
T8792,2025-01-25 12:02:00,C00267,M0326,57.13,0
T2953,2025-01-25 12:12:00,C01375,M0345,10.16,0
T7000,2025-01-25 12:14:00,C00707,M0223,34.62,0
T2204,2025-01-25 12:18:00,C00733,M0413,19.1,0
T4753,2025-01-25 12:23:00,C01872,M0102,9.18,0
T5629,2025-01-25 12:35:00,C00821,M0002,10.29,0
T7904,2025-01-25 12:41:00,C00039,M0132,75.74,0
T6421,2025-01-25 12:53:00,C01298,M0327,53.73,0
T6032,2025-01-25 13:00:00,C01005,M0149,21.57,0
T5313,2025-01-25 13:09:00,C01424,M0093,26.68,0
T7136,2025-01-25 13:22:00,C00622,M0446,3.9,0
T1209,2025-01-25 13:27:00,C00479,M0064,3.93,0
T7183,2025-01-25 13:31:00,C01318,M0079,18.58,0
T9143,2025-01-25 13:53:00,C01717,M0308,244.84,0
T6423,2025-01-25 13:58:00,C01301,M0164,54.37,0
T1409,2025-01-25 14:00:00,C00189,M0248,26.4,0
T8436,2025-01-25 14:18:00,C01172,M0265,60.14,0
T5361,2025-01-25 14:22:00,C01844,M0178,2.18,0
T3275,2025-01-25 14:28:00,C00478,M0100,36.43,0
T1351,2025-01-25 14:35:00,C01990,M0307,9.78,0
T4216,2025-01-25 14:36:00,C00747,M0468,308.7,0
T4990,2025-01-25 14:40:00,C01051,M0494,14.73,0
T6837,2025-01-25 14:50:00,C00737,M0302,126.89,0
T8580,2025-01-25 14:54:00,C00215,M0460,26.71,0
T4852,2025-01-25 15:04:00,C01412,M0214,10.27,0
T1691,2025-01-25 15:28:00,C01005,M0340,35.05,0
T7691,2025-01-25 15:30:00,C01782,M0375,48.67,0
T4509,2025-01-25 15:43:00,C01749,M0317,10.36,0
T7934,2025-01-25 15:47:00,C01483,M0490,106.13,0
T3883,2025-01-25 15:57:00,C01543,M0343,83.85,0
T9877,2025-01-25 15:58:00,C01001,M0315,31.65,0
T8976,2025-01-25 16:04:00,C01894,M0397,62.22,0
T6346,2025-01-25 16:05:00,C01553,M0440,62.79,0
T2575,2025-01-25 16:05:00,C01223,M0492,51.43,0
T4211,2025-01-25 16:09:00,C00867,M0234,14.93,0
T3985,2025-01-25 16:11:00,C01642,M0109,13.3,0
T645,2025-01-25 16:27:00,C00646,M0275,19.07,0
T4856,2025-01-25 16:34:00,C00182,M0024,1.85,0
T2152,2025-01-25 17:05:00,C00906,M0111,84.82,0
T4562,2025-01-25 17:15:00,C01619,M0264,3.15,0
T3424,2025-01-25 17:16:00,C00262,M0429,3.65,0
T4524,2025-01-25 17:38:00,C01084,M0274,90.92,0
T1963,2025-01-25 17:51:00,C00406,M0334,73.17,0
T3047,2025-01-25 17:54:00,C01706,M0366,207.8,0
T1950,2025-01-25 18:03:00,C00667,M0046,62.08,0
T9178,2025-01-25 18:05:00,C01130,M0242,8.9,0
T8370,2025-01-25 18:30:00,C00216,M0251,16.88,0
T6245,2025-01-25 18:53:00,C01759,M0481,84.07,0
T7744,2025-01-25 18:54:00,C00054,M0276,12.17,0
T5208,2025-01-25 18:59:00,C00106,M0251,24.04,0
T6585,2025-01-25 19:09:00,C00330,M0347,8.71,0
T4417,2025-01-25 19:10:00,C00611,M0350,54.5,0
T5303,2025-01-25 19:33:00,C00645,M0165,21.4,0
T488,2025-01-25 19:35:00,C00702,M0101,67.58,0
T1243,2025-01-25 19:37:00,C01401,M0146,3.88,0
T5213,2025-01-25 19:39:00,C01182,M0253,19.93,0
T8114,2025-01-25 19:39:00,C00617,M0334,7.39,0
T4419,2025-01-25 19:40:00,C01292,M0357,27.21,0
T8312,2025-01-25 19:57:00,C01937,M0370,4.91,0
T8806,2025-01-25 20:11:00,C01142,M0369,35.87,0
T1300,2025-01-25 20:12:00,C01316,M0474,62.11,0
T31,2025-01-25 20:13:00,C01361,M0141,36.95,0
T9562,2025-01-25 20:14:00,C00664,M0469,33.38,0
T332,2025-01-25 20:17:00,C01829,M0039,51.59,0
T9784,2025-01-25 20:30:00,C00987,M0265,8.7,0
T7777,2025-01-25 20:30:00,C00177,M0383,8.17,0
T9727,2025-01-25 20:34:00,C00979,M0320,19.33,0
T3080,2025-01-25 21:00:00,C00787,M0149,51.38,0
T8750,2025-01-25 21:05:00,C00947,M0009,37.97,0
T4202,2025-01-25 21:22:00,C00377,M0060,22.49,0
T8354,2025-01-25 21:31:00,C01836,M0023,13.21,0
T2483,2025-01-25 21:31:00,C01060,M0435,29.15,0
T6500,2025-01-25 21:33:00,C00078,M0060,44.24,0
T827,2025-01-25 21:34:00,C00815,M0137,83.64,0
T8183,2025-01-25 21:43:00,C01074,M0096,36.82,0
T7823,2025-01-25 22:11:00,C01549,M0431,22.65,0
T5766,2025-01-25 22:12:00,C01922,M0444,6.55,0
T6997,2025-01-25 22:17:00,C00924,M0133,19.41,0
T6382,2025-01-25 22:17:00,C00435,M0309,54.69,0
T4652,2025-01-25 22:23:00,C01610,M0358,46.31,0
T574,2025-01-25 22:29:00,C01459,M0440,11.04,0
T6924,2025-01-25 22:39:00,C01379,M0037,12.49,0
T52,2025-01-25 22:40:00,C00344,M0068,16.56,0
T7992,2025-01-25 22:49:00,C00793,M0130,11.45,0
T6424,2025-01-25 22:49:00,C00673,M0115,36.14,0
T4416,2025-01-25 22:51:00,C01908,M0436,11.65,0
T5630,2025-01-25 22:52:00,C01436,M0482,21.51,0
T4912,2025-01-25 23:04:00,C01231,M0088,12.38,0
T1843,2025-01-25 23:06:00,C00645,M0217,54.73,0
T9475,2025-01-25 23:10:00,C01033,M0499,46.96,0
T1205,2025-01-25 23:14:00,C01439,M0212,15.76,0
T4495,2025-01-25 23:19:00,C00214,M0290,42.92,0
T8999,2025-01-25 23:29:00,C00626,M0014,16.09,0
T7787,2025-01-25 23:43:00,C01682,M0031,1.69,0
T7180,2025-01-26 00:18:00,C00244,M0352,8.5,0
T3572,2025-01-26 00:21:00,C00080,M0180,11.86,0
T8070,2025-01-26 00:21:00,C00507,M0304,16.22,0
T3148,2025-01-26 00:27:00,C01960,M0079,74.87,0
T2160,2025-01-26 00:35:00,C01283,M0141,29.01,0
T2048,2025-01-26 00:41:00,C00967,M0478,10.69,0
T1923,2025-01-26 00:59:00,C00646,M0153,3.18,0
T2514,2025-01-26 01:00:00,C00596,M0094,11.6,0
T1341,2025-01-26 01:02:00,C00915,M0017,2.46,0
T8768,2025-01-26 01:09:00,C01608,M0485,29.73,0
T3662,2025-01-26 01:21:00,C01549,M0463,4.96,0
T6630,2025-01-26 01:50:00,C00697,M0493,23.91,0
T8120,2025-01-26 01:53:00,C01982,M0477,44.83,0
T2829,2025-01-26 01:56:00,C00195,M0465,8.89,0
T6629,2025-01-26 02:12:00,C00287,M0186,2.9,0
T5779,2025-01-26 02:13:00,C00913,M0320,16.53,0
T9158,2025-01-26 02:22:00,C00947,M0193,19.99,0
T9008,2025-01-26 02:25:00,C01366,M0277,4.93,0
T939,2025-01-26 02:39:00,C01044,M0132,30.39,0
T8969,2025-01-26 02:39:00,C01781,M0442,112.41,0
T7103,2025-01-26 02:40:00,C00673,M0278,63.05,0
T9011,2025-01-26 02:49:00,C00691,M0458,57.29,0
T3945,2025-01-26 02:56:00,C00785,M0343,30.11,0
T4579,2025-01-26 03:02:00,C00763,M0232,54.72,0
T708,2025-01-26 03:07:00,C01771,M0059,47.76,0
T3345,2025-01-26 03:08:00,C00567,M0027,5.81,0
T3728,2025-01-26 03:11:00,C00328,M0400,7.32,0
T502,2025-01-26 03:28:00,C01273,M0227,15.74,1
T304,2025-01-26 03:32:00,C00023,M0029,11.02,0
T1177,2025-01-26 03:40:00,C01417,M0119,12.92,0
T2340,2025-01-26 03:44:00,C00685,M0368,5.31,0
T1055,2025-01-26 04:04:00,C00650,M0289,64.89,0
T926,2025-01-26 04:18:00,C01159,M0012,5.27,0
T3143,2025-01-26 04:28:00,C01341,M0271,9.09,0
T4550,2025-01-26 04:49:00,C00244,M0261,64.3,0
T3316,2025-01-26 05:04:00,C00015,M0198,554.29,0
T7141,2025-01-26 05:07:00,C00448,M0369,16.38,0
T4291,2025-01-26 05:20:00,C01521,M0379,33.21,0
T1939,2025-01-26 05:21:00,C01730,M0412,27.2,0
T5139,2025-01-26 05:43:00,C00583,M0210,11.11,0
T1079,2025-01-26 06:08:00,C01023,M0124,10.41,0
T8618,2025-01-26 06:10:00,C01794,M0091,31.05,0
T2001,2025-01-26 06:18:00,C00319,M0145,67.15,0
T2102,2025-01-26 06:18:00,C01907,M0134,31.34,0
T9667,2025-01-26 06:22:00,C01156,M0461,30.05,0
T5623,2025-01-26 06:26:00,C01289,M0165,1.2,0
T8361,2025-01-26 06:30:00,C01191,M0434,118.38,0
T604,2025-01-26 06:35:00,C01907,M0403,19.51,0
T1245,2025-01-26 06:37:00,C00267,M0105,12.07,0
T7330,2025-01-26 06:44:00,C00717,M0088,7.59,0
T5603,2025-01-26 06:45:00,C01335,M0043,16.62,0
T1303,2025-01-26 06:48:00,C01922,M0428,22.13,0
T4319,2025-01-26 06:53:00,C00347,M0175,12.4,0
T1632,2025-01-26 07:24:00,C00827,M0024,10.4,0
T6031,2025-01-26 07:24:00,C01753,M0326,37.32,0
T7922,2025-01-26 07:25:00,C00527,M0088,34.78,0
T2045,2025-01-26 07:31:00,C00827,M0417,9.68,0
T4263,2025-01-26 07:35:00,C00457,M0019,12.48,0
T972,2025-01-26 07:35:00,C01530,M0494,51.15,0
T4326,2025-01-26 07:48:00,C00967,M0365,34.04,0
T5690,2025-01-26 08:03:00,C00553,M0140,238.67,0
T8372,2025-01-26 08:06:00,C00893,M0200,3.12,0
T1908,2025-01-26 08:07:00,C01731,M0136,24.09,0
T8967,2025-01-26 08:10:00,C00271,M0282,2.66,0
T8481,2025-01-26 08:15:00,C01854,M0349,51.95,0
T1529,2025-01-26 08:29:00,C00947,M0321,6.45,1
T8496,2025-01-26 08:58:00,C00937,M0121,120.94,0
T6280,2025-01-26 09:07:00,C00083,M0313,8.13,0
T9256,2025-01-26 09:18:00,C01565,M0429,6.2,0
T6105,2025-01-26 09:21:00,C00731,M0017,8.91,0
T3226,2025-01-26 09:35:00,C01279,M0289,4.14,0
T761,2025-01-26 09:46:00,C00258,M0175,19.71,0
T3315,2025-01-26 09:53:00,C00382,M0251,58.42,0
T2866,2025-01-26 09:58:00,C00264,M0062,12.83,0
T4539,2025-01-26 10:07:00,C01817,M0160,24.65,0
T3564,2025-01-26 10:09:00,C00175,M0149,8.27,0
T8340,2025-01-26 10:13:00,C00295,M0186,18.25,0
T327,2025-01-26 10:31:00,C00648,M0060,66.81,0
T5484,2025-01-26 10:34:00,C01237,M0094,20.25,0
T3103,2025-01-26 10:36:00,C00866,M0040,52.17,0
T4860,2025-01-26 10:39:00,C01242,M0134,38.35,0
T783,2025-01-26 11:08:00,C00543,M0311,11.47,0
T7716,2025-01-26 11:14:00,C01401,M0366,87.21,0
T3347,2025-01-26 11:14:00,C01278,M0335,8.53,0
T4741,2025-01-26 11:23:00,C00547,M0202,28.64,0
T7319,2025-01-26 11:41:00,C00868,M0102,7.05,0
T7260,2025-01-26 11:53:00,C01908,M0076,129.71,0
T2520,2025-01-26 12:07:00,C00156,M0199,43.95,0
T2471,2025-01-26 12:15:00,C01919,M0296,25.07,0
T8793,2025-01-26 12:17:00,C00115,M0068,22.88,0
T2490,2025-01-26 12:31:00,C00087,M0306,31.0,0
T3744,2025-01-26 12:57:00,C01811,M0458,61.86,0
T7641,2025-01-26 13:04:00,C00221,M0062,15.38,0
T3144,2025-01-26 13:08:00,C00119,M0129,33.58,1
T9379,2025-01-26 13:41:00,C01213,M0209,44.68,1
T5813,2025-01-26 13:44:00,C01534,M0208,155.6,0
T7516,2025-01-26 13:53:00,C00261,M0326,49.04,0
T7930,2025-01-26 13:59:00,C01024,M0314,33.13,0
T9744,2025-01-26 14:20:00,C01972,M0044,213.23,1
T1740,2025-01-26 14:37:00,C00310,M0289,39.93,0
T8321,2025-01-26 15:01:00,C00838,M0182,13.79,0
T7936,2025-01-26 15:01:00,C00805,M0042,15.87,0
T9217,2025-01-26 15:12:00,C00489,M0118,22.89,0
T1991,2025-01-26 15:14:00,C01817,M0108,20.69,0
T7358,2025-01-26 15:29:00,C00011,M0151,4.49,0
T7151,2025-01-26 15:31:00,C01290,M0277,9.92,0
T522,2025-01-26 15:39:00,C00232,M0111,11.6,0
T9853,2025-01-26 15:43:00,C01011,M0035,31.71,0
T4368,2025-01-26 15:45:00,C01521,M0441,3.47,0
T9938,2025-01-26 15:48:00,C00490,M0304,2.63,0
T4075,2025-01-26 16:03:00,C01474,M0386,11.6,0
T5142,2025-01-26 16:06:00,C00230,M0133,12.12,0
T3366,2025-01-26 16:16:00,C00303,M0137,9.62,0
T902,2025-01-26 16:16:00,C01568,M0389,299.65,0
T6224,2025-01-26 16:33:00,C01296,M0143,7.19,0
T6561,2025-01-26 16:51:00,C01218,M0010,4.36,0
T4468,2025-01-26 16:59:00,C00928,M0157,9.05,0
T9939,2025-01-26 17:10:00,C00924,M0121,32.23,0
T5152,2025-01-26 17:14:00,C01286,M0464,8.49,0
T5787,2025-01-26 17:18:00,C01522,M0237,42.63,0
T6533,2025-01-26 17:20:00,C01787,M0087,5.97,0
T3855,2025-01-26 17:24:00,C01109,M0030,68.46,0
T6879,2025-01-26 17:25:00,C01645,M0040,111.11,0
T2604,2025-01-26 17:31:00,C01383,M0060,16.44,0
T6272,2025-01-26 17:32:00,C00458,M0411,2.54,0
T66,2025-01-26 17:45:00,C01292,M0201,16.79,0
T8716,2025-01-26 17:46:00,C01035,M0039,21.13,0
T9352,2025-01-26 17:47:00,C00403,M0213,43.75,0
T572,2025-01-26 18:00:00,C01393,M0179,24.04,1
T9596,2025-01-26 18:09:00,C00738,M0096,10.92,0
T4671,2025-01-26 18:19:00,C01947,M0323,34.96,0
T7256,2025-01-26 18:42:00,C00564,M0302,50.57,0
T3940,2025-01-26 18:45:00,C00073,M0266,63.92,0
T716,2025-01-26 18:51:00,C01692,M0281,12.98,0
T9229,2025-01-26 18:54:00,C00452,M0347,3.86,0
T7893,2025-01-26 19:06:00,C00085,M0392,129.59,0
T1089,2025-01-26 19:08:00,C00137,M0214,56.53,0
T194,2025-01-26 19:17:00,C00194,M0262,45.81,0
T4309,2025-01-26 19:18:00,C01914,M0476,16.8,0
T6,2025-01-26 19:54:00,C01660,M0057,22.24,0
T6959,2025-01-26 19:56:00,C00089,M0213,6.52,0
T1331,2025-01-26 19:58:00,C01593,M0400,6.49,0
T7362,2025-01-26 20:01:00,C00640,M0322,10.0,0
T8598,2025-01-26 20:07:00,C00968,M0091,114.57,0
T1912,2025-01-26 20:08:00,C00616,M0497,30.67,0
T1036,2025-01-26 20:19:00,C00041,M0274,57.61,0
T3198,2025-01-26 20:26:00,C00946,M0382,48.11,0
T4517,2025-01-26 20:28:00,C01054,M0213,118.25,0
T9812,2025-01-26 20:51:00,C00111,M0066,65.64,0
T7717,2025-01-26 21:00:00,C00445,M0090,13.91,0
T1346,2025-01-26 21:05:00,C01907,M0250,2.31,0
T6755,2025-01-26 21:05:00,C00722,M0153,27.14,0
T9925,2025-01-26 21:11:00,C00690,M0310,20.82,0
T8682,2025-01-26 21:16:00,C00397,M0480,13.67,0
T8937,2025-01-26 21:29:00,C01648,M0399,2.68,0
T9630,2025-01-26 21:37:00,C00949,M0261,9.69,0
T8591,2025-01-26 21:50:00,C01667,M0484,16.44,0
T1543,2025-01-26 21:51:00,C00725,M0477,56.01,0
T4006,2025-01-26 22:07:00,C00898,M0366,7.48,0
T6285,2025-01-26 22:13:00,C00156,M0175,6.09,0
T6915,2025-01-26 22:15:00,C00663,M0251,73.84,0
T5993,2025-01-26 22:24:00,C01344,M0125,21.49,0
T2856,2025-01-26 22:26:00,C01856,M0446,29.35,0
T9600,2025-01-26 22:41:00,C01220,M0010,2.15,0
T1900,2025-01-26 23:00:00,C00270,M0406,16.15,0
T8472,2025-01-26 23:01:00,C00303,M0483,5.0,0
T3076,2025-01-26 23:03:00,C00937,M0415,140.69,0
T7665,2025-01-26 23:03:00,C01556,M0291,11.67,0
T2037,2025-01-26 23:04:00,C01906,M0195,47.34,0
T7769,2025-01-26 23:07:00,C01580,M0314,10.87,0
T6515,2025-01-26 23:14:00,C00356,M0216,3.15,0
T4350,2025-01-26 23:25:00,C01344,M0292,56.27,0
T9365,2025-01-26 23:32:00,C00492,M0039,11.29,0
T1761,2025-01-26 23:32:00,C00076,M0482,12.0,0
T3033,2025-01-26 23:38:00,C01590,M0061,13.93,0
T5481,2025-01-26 23:39:00,C01023,M0308,4.59,0
T7671,2025-01-26 23:40:00,C00654,M0044,23.12,0
T6184,2025-01-26 23:45:00,C01552,M0292,21.15,0
T1060,2025-01-26 23:50:00,C01982,M0412,30.8,0
T3133,2025-01-26 23:57:00,C00192,M0432,40.43,0
T730,2025-01-27 00:01:00,C00094,M0414,7.88,0
T2615,2025-01-27 00:41:00,C01596,M0452,14.82,0
T2300,2025-01-27 00:47:00,C00702,M0085,84.86,0
T8359,2025-01-27 00:53:00,C00012,M0350,34.69,0
T7338,2025-01-27 01:00:00,C00316,M0261,53.05,0
T220,2025-01-27 01:04:00,C00089,M0028,4.8,0
T7476,2025-01-27 01:28:00,C00709,M0135,8.85,0
T7586,2025-01-27 01:34:00,C00076,M0133,15.82,0
T3857,2025-01-27 01:44:00,C01641,M0273,12.94,0
T4367,2025-01-27 01:48:00,C00707,M0152,54.48,0
T8898,2025-01-27 02:03:00,C01953,M0088,25.12,1
T3969,2025-01-27 02:04:00,C01412,M0233,20.95,0
T1572,2025-01-27 02:07:00,C00688,M0193,110.9,0
T1416,2025-01-27 02:13:00,C01835,M0434,23.98,0
T8825,2025-01-27 02:19:00,C01398,M0140,17.06,0
T1202,2025-01-27 02:39:00,C00727,M0252,18.46,0
T9349,2025-01-27 02:46:00,C01245,M0448,15.37,0
T720,2025-01-27 03:06:00,C00902,M0151,14.36,0
T1323,2025-01-27 03:21:00,C01848,M0382,2.27,0
T2415,2025-01-27 03:23:00,C01811,M0325,10.23,0
T1994,2025-01-27 03:30:00,C01817,M0058,2.22,0
T7089,2025-01-27 03:41:00,C00030,M0120,28.68,0
T5112,2025-01-27 03:43:00,C00064,M0156,26.72,0
T8250,2025-01-27 03:59:00,C00105,M0442,100.37,0
T8663,2025-01-27 04:04:00,C00588,M0417,5.71,0
T2200,2025-01-27 04:05:00,C01626,M0236,34.89,0
T9912,2025-01-27 04:16:00,C01343,M0429,10.34,0
T4478,2025-01-27 04:21:00,C01677,M0151,93.56,0
T6738,2025-01-27 04:26:00,C00251,M0486,17.16,0
T2766,2025-01-27 04:31:00,C01947,M0146,38.9,0
T3451,2025-01-27 04:33:00,C00442,M0029,24.51,1
T3854,2025-01-27 04:46:00,C01398,M0082,2.95,0
T706,2025-01-27 05:04:00,C00496,M0363,14.1,0
T7739,2025-01-27 05:15:00,C00753,M0350,70.48,0
T3255,2025-01-27 05:32:00,C00034,M0432,18.17,0
T8266,2025-01-27 05:52:00,C01810,M0169,4.4,1
T2509,2025-01-27 06:04:00,C01909,M0366,6.28,0
T2704,2025-01-27 06:23:00,C01402,M0499,43.57,0
T493,2025-01-27 06:41:00,C01109,M0050,7.39,0
T7701,2025-01-27 06:41:00,C00284,M0029,94.95,0
T4758,2025-01-27 06:42:00,C01592,M0352,10.5,0
T2238,2025-01-27 06:46:00,C00818,M0415,86.25,0
T3685,2025-01-27 06:53:00,C01769,M0138,26.21,0
T6802,2025-01-27 07:00:00,C00675,M0383,1.72,0
T2537,2025-01-27 07:01:00,C01257,M0091,27.81,0
T7010,2025-01-27 07:19:00,C01225,M0388,99.54,0
T661,2025-01-27 07:32:00,C01374,M0421,10.68,0
T2478,2025-01-27 07:40:00,C00253,M0032,8.51,0
T1280,2025-01-27 07:44:00,C01332,M0157,23.47,0
T8732,2025-01-27 07:49:00,C00941,M0137,7.45,0
T7829,2025-01-27 08:01:00,C01926,M0151,61.61,0
T8987,2025-01-27 08:21:00,C00498,M0339,20.82,0
T5111,2025-01-27 08:32:00,C00367,M0207,21.19,0
T2758,2025-01-27 09:11:00,C00930,M0451,22.75,0
T1125,2025-01-27 09:20:00,C01955,M0465,34.09,0
T9044,2025-01-27 09:35:00,C01270,M0487,4.72,0
T8453,2025-01-27 09:52:00,C01769,M0259,2.62,0
T81,2025-01-27 10:04:00,C00488,M0449,116.0,0
T2157,2025-01-27 10:27:00,C01329,M0251,32.31,0
T5149,2025-01-27 10:44:00,C01445,M0190,3.56,0
T641,2025-01-27 10:48:00,C00138,M0145,6.7,0
T7351,2025-01-27 10:50:00,C01807,M0068,81.87,0
T9438,2025-01-27 10:57:00,C00553,M0353,20.75,0
T8136,2025-01-27 10:58:00,C00958,M0013,0.75,1
T545,2025-01-27 11:02:00,C01719,M0397,7.96,0
T7417,2025-01-27 11:04:00,C00731,M0099,8.98,0
T6399,2025-01-27 11:06:00,C00753,M0491,69.68,0
T882,2025-01-27 11:10:00,C00958,M0481,26.07,0
T4913,2025-01-27 11:34:00,C01319,M0344,6.26,0
T1625,2025-01-27 11:58:00,C01219,M0402,114.22,0
T9996,2025-01-27 12:05:00,C00248,M0048,33.63,0
T7775,2025-01-27 12:09:00,C00526,M0117,23.66,0
T8055,2025-01-27 12:10:00,C00282,M0069,41.63,0
T8762,2025-01-27 12:14:00,C01813,M0050,13.29,0
T8753,2025-01-27 12:19:00,C00822,M0182,31.28,0
T6158,2025-01-27 12:25:00,C00215,M0407,19.29,0
T8210,2025-01-27 12:32:00,C01199,M0425,21.62,0
T5865,2025-01-27 12:36:00,C01655,M0010,8.94,0
T1429,2025-01-27 12:37:00,C01689,M0140,19.34,0
T3088,2025-01-27 12:51:00,C00260,M0374,137.79,0
T5793,2025-01-27 13:00:00,C01189,M0363,56.04,0
T4688,2025-01-27 13:05:00,C01700,M0060,6.87,0
T4713,2025-01-27 13:10:00,C00686,M0470,10.18,0
T8170,2025-01-27 13:11:00,C01333,M0046,11.45,0
T1221,2025-01-27 13:23:00,C01471,M0175,9.99,0
T3131,2025-01-27 13:24:00,C01967,M0068,48.32,0
T1121,2025-01-27 13:38:00,C00691,M0139,40.79,0
T7050,2025-01-27 13:38:00,C00151,M0367,34.87,0
T7567,2025-01-27 13:39:00,C01500,M0142,69.29,0
T9356,2025-01-27 13:42:00,C01288,M0328,14.14,0
T7138,2025-01-27 14:05:00,C01801,M0209,11.88,0
T460,2025-01-27 14:24:00,C01130,M0307,5.25,1
T9718,2025-01-27 14:34:00,C00019,M0472,22.94,0
T7640,2025-01-27 14:48:00,C01929,M0374,60.39,0
T3431,2025-01-27 14:53:00,C00111,M0026,26.53,0
T3518,2025-01-27 15:02:00,C01931,M0402,30.84,0
T8271,2025-01-27 15:06:00,C00371,M0336,54.03,0
T5227,2025-01-27 15:06:00,C00244,M0028,23.61,0
T258,2025-01-27 15:20:00,C01093,M0493,15.27,0
T5607,2025-01-27 15:27:00,C00966,M0389,7.87,0
T6525,2025-01-27 15:27:00,C01534,M0388,64.37,0
T9218,2025-01-27 15:34:00,C00578,M0168,59.96,0
T8963,2025-01-27 15:43:00,C00813,M0125,29.87,0
T3138,2025-01-27 15:52:00,C00665,M0114,5.68,0
T3867,2025-01-27 16:02:00,C01821,M0463,26.52,0
T3686,2025-01-27 16:05:00,C01497,M0102,6.39,0
T8940,2025-01-27 16:09:00,C01158,M0258,79.7,0
T616,2025-01-27 16:13:00,C01843,M0175,19.17,0
T5824,2025-01-27 16:17:00,C01526,M0336,37.83,0
T4508,2025-01-27 16:37:00,C00638,M0355,20.99,0
T7732,2025-01-27 16:45:00,C01057,M0143,48.91,0
T8848,2025-01-27 16:52:00,C00590,M0321,17.64,0
T3641,2025-01-27 16:58:00,C01397,M0151,20.4,0
T2081,2025-01-27 17:07:00,C00292,M0399,21.42,0
T268,2025-01-27 17:07:00,C01280,M0427,121.23,0
T465,2025-01-27 17:34:00,C01702,M0063,58.46,0
T6042,2025-01-27 17:38:00,C01562,M0472,139.0,0
T4183,2025-01-27 17:46:00,C00868,M0413,24.53,0
T7780,2025-01-27 17:46:00,C00851,M0081,17.24,0
T7157,2025-01-27 17:47:00,C01090,M0151,153.53,0
T478,2025-01-27 17:53:00,C00024,M0425,26.16,0
T830,2025-01-27 17:58:00,C00513,M0098,35.81,0
T6938,2025-01-27 18:03:00,C01472,M0073,9.47,0
T9931,2025-01-27 18:26:00,C01569,M0305,30.59,0
T2862,2025-01-27 18:27:00,C01297,M0233,16.2,0
T1688,2025-01-27 18:39:00,C00233,M0201,21.25,0
T7569,2025-01-27 18:43:00,C01820,M0000,7.46,0
T1128,2025-01-27 18:45:00,C01389,M0456,14.84,0
T3869,2025-01-27 18:58:00,C01089,M0313,76.76,0
T9554,2025-01-27 19:18:00,C00885,M0300,3.81,0
T183,2025-01-27 19:43:00,C01100,M0082,19.13,0
T3300,2025-01-27 19:55:00,C00912,M0488,29.88,0
T9333,2025-01-27 19:56:00,C00146,M0108,101.28,0
T824,2025-01-27 19:58:00,C00278,M0200,7.99,0
T9350,2025-01-27 20:00:00,C00330,M0398,24.64,0
T97,2025-01-27 20:20:00,C01046,M0365,41.9,0
T7226,2025-01-27 20:32:00,C01068,M0474,34.5,0
T8633,2025-01-27 20:34:00,C00774,M0467,13.35,0
T9047,2025-01-27 20:37:00,C00648,M0384,24.77,0
T9378,2025-01-27 20:59:00,C01497,M0224,21.96,0
T1247,2025-01-27 21:09:00,C00297,M0192,31.54,0
T4438,2025-01-27 21:12:00,C01396,M0160,17.41,0
T2398,2025-01-27 21:14:00,C00132,M0239,22.52,0
T5279,2025-01-27 21:24:00,C00501,M0445,21.49,0
T6704,2025-01-27 21:29:00,C01642,M0187,42.22,0
T9750,2025-01-27 21:36:00,C01843,M0238,24.95,0
T6180,2025-01-27 21:37:00,C00895,M0323,19.13,0
T9731,2025-01-27 21:37:00,C01705,M0091,15.83,0
T8425,2025-01-27 21:44:00,C01825,M0061,6.49,0
T5349,2025-01-27 21:51:00,C01575,M0229,9.57,0
T486,2025-01-27 21:56:00,C01189,M0376,10.01,0
T4362,2025-01-27 21:59:00,C00994,M0477,28.07,0
T6535,2025-01-27 22:02:00,C01963,M0475,49.56,0
T698,2025-01-27 22:05:00,C00150,M0487,15.18,0
T9762,2025-01-27 22:13:00,C01776,M0335,18.54,0
T2465,2025-01-27 22:27:00,C01441,M0199,34.48,0
T6560,2025-01-27 22:39:00,C00054,M0186,32.17,0
T7460,2025-01-27 23:06:00,C00755,M0401,11.87,0
T1642,2025-01-27 23:07:00,C01759,M0401,11.4,0
T4729,2025-01-27 23:42:00,C00784,M0053,8.73,1
T3709,2025-01-27 23:50:00,C01526,M0098,5.77,0
T6298,2025-01-27 23:51:00,C00317,M0222,15.77,0
T7077,2025-01-28 00:05:00,C00686,M0063,280.28,0
T8596,2025-01-28 00:09:00,C00961,M0431,6.87,0
T1273,2025-01-28 00:10:00,C00120,M0353,8.38,0
T9814,2025-01-28 00:17:00,C01615,M0280,189.99,0
T8451,2025-01-28 00:51:00,C01660,M0399,10.75,0
T7553,2025-01-28 01:27:00,C01057,M0105,41.32,0
T6719,2025-01-28 01:28:00,C00486,M0256,5.67,0
T3277,2025-01-28 01:35:00,C01659,M0165,33.23,0
T9858,2025-01-28 01:45:00,C01467,M0352,39.21,1
T6027,2025-01-28 01:50:00,C00233,M0130,69.5,0
T5026,2025-01-28 02:19:00,C00538,M0341,7.24,0
T8123,2025-01-28 02:29:00,C00468,M0208,7.54,0
T1865,2025-01-28 02:30:00,C00603,M0077,16.38,0
T6600,2025-01-28 02:41:00,C00411,M0197,19.18,0
T1889,2025-01-28 03:02:00,C00918,M0181,57.15,0
T1778,2025-01-28 03:03:00,C01187,M0142,37.38,0
T2385,2025-01-28 03:11:00,C01963,M0048,6.61,0
T559,2025-01-28 03:21:00,C00625,M0286,29.73,0
T4321,2025-01-28 03:22:00,C00915,M0195,6.13,0
T79,2025-01-28 03:39:00,C01515,M0059,9.01,0
T4589,2025-01-28 03:44:00,C00440,M0386,30.26,0
T1639,2025-01-28 03:50:00,C01231,M0413,11.36,0
T3678,2025-01-28 04:01:00,C00030,M0410,5.47,0
T3488,2025-01-28 04:09:00,C00922,M0223,74.55,0
T7925,2025-01-28 04:11:00,C01487,M0239,49.51,0
T7012,2025-01-28 04:12:00,C01637,M0266,18.43,0
T5695,2025-01-28 04:13:00,C00050,M0455,7.69,0
T6831,2025-01-28 04:28:00,C01300,M0036,37.4,0
T9870,2025-01-28 04:39:00,C01536,M0045,20.94,0
T5235,2025-01-28 04:49:00,C01335,M0206,17.76,0
T4432,2025-01-28 04:58:00,C01641,M0196,40.69,0
T3980,2025-01-28 05:14:00,C01068,M0008,30.89,1
T1607,2025-01-28 05:34:00,C01193,M0025,5.28,0
T8205,2025-01-28 05:40:00,C00238,M0073,5.23,0
T9882,2025-01-28 05:40:00,C00739,M0453,9.49,0
T1068,2025-01-28 05:44:00,C01635,M0466,40.88,0
T9851,2025-01-28 05:56:00,C01269,M0391,16.12,0
T6976,2025-01-28 05:56:00,C00545,M0178,29.31,0
T5973,2025-01-28 06:15:00,C01197,M0185,116.85,0
T6728,2025-01-28 06:23:00,C01801,M0407,10.93,0
T8986,2025-01-28 06:27:00,C01963,M0484,73.25,0
T2361,2025-01-28 06:39:00,C01762,M0049,9.72,0
T1061,2025-01-28 06:42:00,C00991,M0227,6.12,0
T8949,2025-01-28 06:51:00,C01742,M0026,3.65,0
T595,2025-01-28 06:58:00,C00878,M0076,113.21,0
T1988,2025-01-28 07:10:00,C01088,M0302,5.44,0
T5372,2025-01-28 07:21:00,C00345,M0083,27.84,0
T3170,2025-01-28 07:32:00,C00685,M0099,24.66,0
T8165,2025-01-28 07:39:00,C00454,M0486,4.31,0
T1630,2025-01-28 07:41:00,C00726,M0317,23.16,0
T5569,2025-01-28 07:46:00,C01722,M0045,6.93,0
T4624,2025-01-28 07:50:00,C01884,M0114,28.03,0
T173,2025-01-28 07:53:00,C00426,M0195,13.03,0
T8704,2025-01-28 08:13:00,C00158,M0176,11.8,0
T224,2025-01-28 08:24:00,C00083,M0282,21.47,0
T9943,2025-01-28 08:24:00,C01724,M0435,59.34,0
T6923,2025-01-28 08:25:00,C01911,M0496,26.79,0
T7997,2025-01-28 08:25:00,C01744,M0106,20.17,0
T7587,2025-01-28 08:30:00,C00734,M0040,57.05,0
T6287,2025-01-28 08:45:00,C01352,M0326,16.41,0
T9127,2025-01-28 08:59:00,C00422,M0227,2.35,0
T3261,2025-01-28 09:00:00,C00657,M0046,86.69,0
T7131,2025-01-28 09:02:00,C01223,M0320,16.58,1
T1777,2025-01-28 09:23:00,C01611,M0416,60.15,0
T5866,2025-01-28 09:29:00,C01755,M0367,75.06,0
T7510,2025-01-28 09:31:00,C00084,M0336,36.01,0
T5039,2025-01-28 09:34:00,C00727,M0097,12.81,0
T7788,2025-01-28 09:42:00,C00220,M0022,5.89,0
T3825,2025-01-28 09:44:00,C01203,M0295,23.79,0
T8827,2025-01-28 09:45:00,C01873,M0174,5.7,0
T9729,2025-01-28 09:57:00,C00025,M0079,28.55,0
T1686,2025-01-28 10:19:00,C00347,M0155,27.0,0
T8009,2025-01-28 10:20:00,C01713,M0315,27.35,0
T92,2025-01-28 10:24:00,C01581,M0380,25.05,0
T5748,2025-01-28 10:36:00,C00235,M0269,1.34,0
T4833,2025-01-28 10:39:00,C01656,M0165,32.88,0
T5160,2025-01-28 10:51:00,C00124,M0229,103.61,0
T2086,2025-01-28 10:52:00,C00249,M0086,8.42,0
T9304,2025-01-28 10:54:00,C01766,M0444,39.03,0
T5259,2025-01-28 11:13:00,C01785,M0090,23.43,0
T5333,2025-01-28 11:20:00,C01330,M0294,49.35,0
T6669,2025-01-28 11:23:00,C00185,M0285,12.92,0
T5247,2025-01-28 11:27:00,C00992,M0232,11.54,0
T9819,2025-01-28 11:34:00,C00503,M0321,79.21,0
T8502,2025-01-28 12:01:00,C01927,M0430,57.04,0
T5056,2025-01-28 12:13:00,C00559,M0106,31.35,0
T6942,2025-01-28 12:19:00,C00389,M0352,45.4,0
T7771,2025-01-28 12:43:00,C00781,M0129,10.61,0
T5867,2025-01-28 13:01:00,C00045,M0282,43.11,0
T1016,2025-01-28 13:06:00,C01368,M0241,2.27,0
T8638,2025-01-28 13:49:00,C01254,M0209,96.63,0
T8970,2025-01-28 13:50:00,C00132,M0262,28.23,0
T959,2025-01-28 13:51:00,C00318,M0085,14.18,1
T6369,2025-01-28 14:05:00,C00804,M0365,12.02,0
T381,2025-01-28 14:14:00,C00674,M0317,14.55,0
T786,2025-01-28 14:29:00,C01417,M0428,49.81,0
T9393,2025-01-28 14:29:00,C01985,M0422,45.47,0
T6670,2025-01-28 14:32:00,C01432,M0423,8.42,0
T3154,2025-01-28 14:38:00,C00771,M0224,118.63,0
T728,2025-01-28 14:44:00,C00207,M0133,8.8,0
T9589,2025-01-28 14:50:00,C00275,M0060,110.29,0
T3567,2025-01-28 14:59:00,C01794,M0251,40.35,0
T6544,2025-01-28 14:59:00,C01771,M0369,39.21,0
T293,2025-01-28 15:10:00,C00335,M0047,11.88,0
T5117,2025-01-28 15:11:00,C01876,M0317,18.49,0
T917,2025-01-28 15:29:00,C01055,M0447,10.88,0
T752,2025-01-28 15:31:00,C00409,M0134,36.06,0
T7824,2025-01-28 15:52:00,C00930,M0162,7.37,0
T4552,2025-01-28 16:10:00,C00184,M0039,10.04,0
T9355,2025-01-28 16:11:00,C01150,M0288,7.61,0
T6087,2025-01-28 16:27:00,C01681,M0011,13.69,0
T5306,2025-01-28 16:36:00,C01022,M0486,42.26,0
T1933,2025-01-28 16:42:00,C01576,M0132,24.76,0
T5861,2025-01-28 16:44:00,C01812,M0075,16.89,0
T6395,2025-01-28 16:46:00,C00591,M0417,3.66,0
T2129,2025-01-28 16:51:00,C00025,M0145,12.37,0
T6474,2025-01-28 16:55:00,C01859,M0205,7.18,0
T2781,2025-01-28 17:01:00,C00459,M0329,149.76,0
T1035,2025-01-28 17:15:00,C00426,M0407,2.03,0
T2231,2025-01-28 17:22:00,C00798,M0048,1.04,0
T1225,2025-01-28 17:52:00,C01057,M0088,30.23,0
T515,2025-01-28 17:54:00,C01681,M0176,13.22,0
T2724,2025-01-28 18:01:00,C00782,M0076,10.9,0
T9341,2025-01-28 18:03:00,C01025,M0436,30.56,0
T1379,2025-01-28 18:14:00,C00715,M0334,22.76,0
T1154,2025-01-28 18:26:00,C00281,M0303,5.9,0
T7431,2025-01-28 18:33:00,C00954,M0016,9.28,0
T9167,2025-01-28 18:34:00,C01840,M0479,48.78,0
T9804,2025-01-28 18:42:00,C01532,M0088,11.96,0
T5943,2025-01-28 19:05:00,C01843,M0346,9.03,0
T5176,2025-01-28 19:11:00,C00001,M0442,8.27,0
T1434,2025-01-28 19:22:00,C00121,M0301,10.62,0
T6657,2025-01-28 19:36:00,C01672,M0440,14.26,0
T9839,2025-01-28 19:57:00,C01066,M0052,6.74,0
T9485,2025-01-28 20:01:00,C00454,M0431,8.77,0
T9042,2025-01-28 20:08:00,C01895,M0007,35.67,0
T6568,2025-01-28 20:16:00,C00518,M0037,12.92,0
T7710,2025-01-28 20:17:00,C00495,M0096,22.5,0
T8817,2025-01-28 20:20:00,C00457,M0128,123.03,0
T2214,2025-01-28 20:28:00,C00116,M0449,11.51,0
T6734,2025-01-28 20:35:00,C00990,M0350,8.16,0
T5377,2025-01-28 20:50:00,C00755,M0353,12.38,0
T9734,2025-01-28 20:58:00,C01000,M0122,23.2,0
T4325,2025-01-28 21:02:00,C01050,M0499,18.17,0
T5230,2025-01-28 21:09:00,C01377,M0231,11.88,0
T437,2025-01-28 21:18:00,C00797,M0478,114.17,0
T7608,2025-01-28 21:24:00,C00115,M0448,15.55,0
T7880,2025-01-28 21:27:00,C00798,M0062,121.23,0
T4440,2025-01-28 21:32:00,C01896,M0121,29.62,0
T3008,2025-01-28 21:57:00,C00061,M0136,6.2,0
T6172,2025-01-28 22:05:00,C01915,M0077,18.6,0
T5491,2025-01-28 22:22:00,C00637,M0045,30.82,0
T9339,2025-01-28 22:32:00,C00542,M0258,43.67,0
T571,2025-01-28 23:02:00,C01244,M0406,51.19,0
T6239,2025-01-28 23:17:00,C00548,M0115,15.33,0
T7894,2025-01-28 23:37:00,C01239,M0251,5.44,0
T5153,2025-01-28 23:57:00,C01857,M0436,4.95,0
T6708,2025-01-29 00:05:00,C00386,M0069,7.33,0
T2488,2025-01-29 00:52:00,C01680,M0195,8.74,0
T3175,2025-01-29 00:59:00,C00803,M0268,11.13,1
T6928,2025-01-29 01:07:00,C00306,M0200,14.37,0
T4080,2025-01-29 01:07:00,C00841,M0023,34.47,0
T2064,2025-01-29 01:10:00,C01417,M0106,3.73,0
T69,2025-01-29 01:17:00,C01796,M0202,26.45,0
T9752,2025-01-29 01:29:00,C00697,M0307,67.64,0
T2180,2025-01-29 02:21:00,C01602,M0042,145.46,0
T5403,2025-01-29 02:29:00,C00296,M0003,28.09,0
T5187,2025-01-29 02:29:00,C00583,M0065,56.26,0
T8626,2025-01-29 02:33:00,C00906,M0239,37.07,0
T5614,2025-01-29 02:35:00,C00536,M0045,12.61,0
T8978,2025-01-29 02:37:00,C01342,M0305,18.08,0
T7715,2025-01-29 03:02:00,C00721,M0309,18.36,0
T3336,2025-01-29 03:10:00,C01656,M0133,28.0,0
T7266,2025-01-29 03:22:00,C01790,M0280,21.37,0
T8614,2025-01-29 03:24:00,C00572,M0144,40.23,0
T5503,2025-01-29 03:42:00,C01172,M0328,7.15,0
T6401,2025-01-29 03:44:00,C01326,M0427,11.85,0
T6897,2025-01-29 04:03:00,C00578,M0488,23.21,0
T6000,2025-01-29 04:21:00,C00889,M0279,47.6,0
T3014,2025-01-29 04:23:00,C01643,M0039,6.82,0
T1407,2025-01-29 04:40:00,C01641,M0292,50.7,0
T3166,2025-01-29 04:43:00,C01341,M0266,17.97,0
T9114,2025-01-29 04:52:00,C00483,M0372,9.2,0
T1008,2025-01-29 05:11:00,C00958,M0026,58.07,0
T6945,2025-01-29 05:13:00,C01313,M0359,66.97,0
T8029,2025-01-29 05:23:00,C00357,M0424,25.19,0
T5850,2025-01-29 05:24:00,C01813,M0314,7.7,0
T3763,2025-01-29 06:15:00,C00996,M0030,1.97,0
T5712,2025-01-29 06:16:00,C01082,M0048,57.04,0
T6756,2025-01-29 06:21:00,C01644,M0063,37.7,0
T6512,2025-01-29 06:38:00,C00854,M0103,7.43,0
T2849,2025-01-29 06:38:00,C01487,M0178,5.56,0
T7554,2025-01-29 06:53:00,C00038,M0391,24.78,0
T5941,2025-01-29 06:54:00,C01642,M0263,33.07,0
T7762,2025-01-29 06:56:00,C01305,M0306,8.19,0
T1070,2025-01-29 06:58:00,C01377,M0045,32.12,0
T5557,2025-01-29 07:05:00,C01954,M0291,173.89,1
T60,2025-01-29 07:17:00,C00587,M0116,24.86,0
T295,2025-01-29 07:24:00,C00837,M0112,11.82,0
T85,2025-01-29 07:34:00,C00038,M0196,34.12,0
T2633,2025-01-29 07:45:00,C01110,M0096,17.44,0
T1134,2025-01-29 08:06:00,C01496,M0278,17.24,0
T1230,2025-01-29 08:09:00,C00774,M0290,17.08,0
T277,2025-01-29 08:18:00,C01071,M0066,10.76,0
T7278,2025-01-29 08:28:00,C00897,M0293,20.87,0
T2756,2025-01-29 08:46:00,C01396,M0329,13.4,1
T7504,2025-01-29 08:57:00,C01890,M0484,2.8,0
T6404,2025-01-29 09:00:00,C01585,M0379,3.76,0
T5103,2025-01-29 09:03:00,C00035,M0419,5.74,0
T6907,2025-01-29 09:10:00,C00905,M0341,53.9,0
T5596,2025-01-29 09:14:00,C01935,M0042,163.63,0
T6340,2025-01-29 09:15:00,C00116,M0476,11.27,0
T9880,2025-01-29 09:31:00,C01420,M0452,31.31,0
T7754,2025-01-29 10:07:00,C01907,M0227,38.94,0
T9052,2025-01-29 10:11:00,C00627,M0113,13.02,0
T680,2025-01-29 10:23:00,C00708,M0319,11.7,0
T4979,2025-01-29 10:33:00,C00362,M0014,7.05,0
T9105,2025-01-29 10:38:00,C01325,M0356,13.77,0
T9216,2025-01-29 10:49:00,C00745,M0474,141.67,0
T3600,2025-01-29 11:12:00,C00015,M0036,16.82,0
T1359,2025-01-29 11:18:00,C01746,M0289,7.2,0
T9163,2025-01-29 11:22:00,C01033,M0275,95.45,0
T4414,2025-01-29 11:23:00,C00617,M0023,18.97,0
T7233,2025-01-29 11:45:00,C01981,M0261,71.18,0
T8131,2025-01-29 11:54:00,C01436,M0303,16.89,0
T6327,2025-01-29 12:41:00,C01930,M0054,40.59,0
T10,2025-01-29 12:50:00,C00203,M0248,47.57,0
T4194,2025-01-29 12:54:00,C00748,M0367,9.61,0
T8313,2025-01-29 13:11:00,C01021,M0246,27.58,0
T7030,2025-01-29 13:15:00,C01257,M0481,85.16,0
T6764,2025-01-29 13:36:00,C01365,M0104,3.48,0
T6740,2025-01-29 13:39:00,C01364,M0471,31.71,0
T8642,2025-01-29 13:52:00,C00920,M0146,15.54,0
T4356,2025-01-29 13:53:00,C00625,M0276,28.42,0
T976,2025-01-29 13:57:00,C01649,M0064,8.85,0
T3379,2025-01-29 14:00:00,C00701,M0363,4.27,0
T4052,2025-01-29 14:07:00,C01392,M0193,8.2,0
T4721,2025-01-29 14:25:00,C00418,M0208,23.13,0
T5252,2025-01-29 14:38:00,C00147,M0254,28.9,0
T5640,2025-01-29 14:43:00,C01096,M0333,38.71,0
T4806,2025-01-29 15:15:00,C00106,M0141,12.22,0
T1875,2025-01-29 15:15:00,C00915,M0072,12.71,0
T774,2025-01-29 15:20:00,C01486,M0333,10.97,0
T4093,2025-01-29 15:23:00,C01851,M0376,15.43,0
T5164,2025-01-29 15:27:00,C00540,M0472,43.97,0
T7529,2025-01-29 15:36:00,C01851,M0379,31.35,0
T4511,2025-01-29 15:38:00,C01967,M0086,37.68,0
T7216,2025-01-29 15:49:00,C00238,M0489,14.13,0
T6741,2025-01-29 16:22:00,C00052,M0224,69.0,0
T3706,2025-01-29 16:36:00,C01607,M0374,66.64,0
T2459,2025-01-29 16:41:00,C01949,M0154,165.12,0
T2137,2025-01-29 16:43:00,C00054,M0088,29.65,0
T3960,2025-01-29 16:48:00,C01032,M0225,7.56,0
T6707,2025-01-29 16:57:00,C00061,M0222,15.94,0
T9973,2025-01-29 17:00:00,C00559,M0169,13.73,0
T5322,2025-01-29 17:07:00,C00791,M0376,114.75,0
T9610,2025-01-29 18:20:00,C00566,M0457,19.49,0
T2291,2025-01-29 18:24:00,C00333,M0396,3.19,0
T884,2025-01-29 18:27:00,C00493,M0376,18.23,0
T621,2025-01-29 18:30:00,C01362,M0180,8.3,0
T4992,2025-01-29 18:30:00,C01606,M0015,24.28,0
T7424,2025-01-29 18:45:00,C01308,M0327,33.38,0
T4274,2025-01-29 18:58:00,C00392,M0392,35.08,0
T5427,2025-01-29 19:26:00,C00507,M0265,51.35,0
T6194,2025-01-29 19:45:00,C00311,M0297,2.91,0
T3946,2025-01-29 20:00:00,C00848,M0301,9.85,0
T8695,2025-01-29 20:28:00,C01549,M0315,40.23,0
T510,2025-01-29 20:35:00,C01919,M0250,29.71,0
T2249,2025-01-29 20:48:00,C00199,M0031,45.83,0
T5035,2025-01-29 20:54:00,C00052,M0213,21.83,1
T4264,2025-01-29 21:25:00,C00829,M0329,36.64,0
T39,2025-01-29 21:26:00,C00952,M0080,19.95,0
T4446,2025-01-29 21:29:00,C00731,M0144,19.07,0
T9160,2025-01-29 21:35:00,C01483,M0372,11.92,0
T9767,2025-01-29 21:36:00,C00287,M0446,52.79,0
T2059,2025-01-29 21:41:00,C00802,M0191,11.29,0
T3476,2025-01-29 21:47:00,C01179,M0300,8.74,0
T7060,2025-01-29 22:22:00,C01657,M0166,16.68,0
T1674,2025-01-29 22:48:00,C01251,M0224,31.0,0
T8729,2025-01-29 23:08:00,C00938,M0217,7.09,0
T5305,2025-01-29 23:43:00,C01356,M0245,23.04,0
T1492,2025-01-29 23:55:00,C00729,M0352,24.93,0
T5374,2025-01-30 00:17:00,C01439,M0047,6.54,0
T2256,2025-01-30 00:19:00,C00840,M0423,7.06,0
T6279,2025-01-30 00:25:00,C01096,M0467,19.34,0
T1339,2025-01-30 00:26:00,C00166,M0063,28.0,0
T5803,2025-01-30 00:38:00,C00770,M0055,21.38,0
T2629,2025-01-30 00:40:00,C01528,M0301,35.71,0
T2867,2025-01-30 00:54:00,C01986,M0371,37.34,0
T4894,2025-01-30 01:10:00,C01359,M0327,3.12,0
T8548,2025-01-30 01:11:00,C00426,M0491,23.4,0
T943,2025-01-30 01:12:00,C00577,M0076,21.24,0
T1430,2025-01-30 01:24:00,C00652,M0235,4.84,0
T7661,2025-01-30 01:26:00,C01425,M0480,8.52,0
T1592,2025-01-30 01:26:00,C00370,M0035,52.86,0
T5743,2025-01-30 01:30:00,C01248,M0184,7.5,0
T2842,2025-01-30 01:35:00,C00530,M0473,44.9,0
T3326,2025-01-30 01:42:00,C01646,M0111,18.39,0
T3394,2025-01-30 01:49:00,C00394,M0370,45.67,0
T1489,2025-01-30 01:53:00,C00730,M0159,34.21,0
T1178,2025-01-30 01:54:00,C00823,M0079,119.79,0
T6310,2025-01-30 02:30:00,C01263,M0133,19.16,0
T1081,2025-01-30 02:34:00,C00132,M0271,18.52,0
T8874,2025-01-30 02:36:00,C00905,M0246,10.12,0
T5182,2025-01-30 02:58:00,C01131,M0198,2.96,0
T8992,2025-01-30 03:01:00,C01152,M0445,28.75,0
T1107,2025-01-30 03:09:00,C00830,M0402,29.02,0
T6918,2025-01-30 03:10:00,C01887,M0091,47.85,0
T8025,2025-01-30 03:14:00,C00083,M0038,7.84,0
T8390,2025-01-30 03:24:00,C00066,M0052,41.45,0
T2733,2025-01-30 03:31:00,C00611,M0049,8.87,0
T442,2025-01-30 03:35:00,C00921,M0398,16.14,0
T5899,2025-01-30 03:39:00,C01976,M0072,102.38,0
T6193,2025-01-30 03:44:00,C01799,M0178,39.26,0
T2336,2025-01-30 03:51:00,C01167,M0077,25.19,0
T7629,2025-01-30 04:12:00,C00219,M0034,13.24,0
T6869,2025-01-30 04:25:00,C01896,M0376,57.01,0
T9535,2025-01-30 04:29:00,C00381,M0145,17.11,0
T4677,2025-01-30 04:43:00,C00941,M0366,33.86,0
T4096,2025-01-30 04:51:00,C01490,M0332,11.62,0
T4332,2025-01-30 04:56:00,C01363,M0113,15.83,0
T6199,2025-01-30 05:05:00,C00299,M0112,14.53,0
T3006,2025-01-30 05:10:00,C01839,M0181,91.75,0
T927,2025-01-30 05:18:00,C01219,M0145,6.54,0
T2320,2025-01-30 05:20:00,C01620,M0242,6.24,0
T2533,2025-01-30 05:32:00,C00570,M0380,27.75,0
T897,2025-01-30 05:41:00,C01137,M0393,30.91,0
T202,2025-01-30 05:47:00,C00827,M0026,19.61,0
T6520,2025-01-30 06:17:00,C01548,M0246,45.13,0
T4083,2025-01-30 06:17:00,C01922,M0001,5.63,0
T1551,2025-01-30 07:27:00,C00718,M0328,15.21,0
T4352,2025-01-30 07:35:00,C01224,M0007,41.34,0
T5064,2025-01-30 07:42:00,C01408,M0128,20.78,0
T1797,2025-01-30 07:49:00,C00258,M0252,4.83,0
T4391,2025-01-30 07:59:00,C00607,M0238,9.37,0
T1836,2025-01-30 08:00:00,C00460,M0471,5.54,0
T8954,2025-01-30 08:09:00,C00341,M0297,9.41,0
T3227,2025-01-30 08:21:00,C00395,M0163,15.9,0
T6730,2025-01-30 08:41:00,C01582,M0156,29.21,0
T1919,2025-01-30 08:47:00,C01143,M0492,7.38,0
T3942,2025-01-30 08:51:00,C00679,M0476,11.15,0
T6888,2025-01-30 08:52:00,C01431,M0491,6.91,0
T5256,2025-01-30 09:16:00,C00612,M0389,56.19,0
T6564,2025-01-30 09:17:00,C00314,M0291,21.08,0
T747,2025-01-30 09:18:00,C00132,M0361,33.6,0
T9774,2025-01-30 09:21:00,C01178,M0314,29.42,0
T592,2025-01-30 09:44:00,C01230,M0489,60.7,0
T567,2025-01-30 09:48:00,C00912,M0381,15.04,0
T3826,2025-01-30 09:51:00,C00492,M0492,41.06,0
T3193,2025-01-30 09:59:00,C00488,M0478,24.84,0
T8698,2025-01-30 10:07:00,C00479,M0335,51.79,0
T8423,2025-01-30 10:12:00,C01525,M0261,22.03,1
T8167,2025-01-30 10:39:00,C00704,M0358,17.5,0
T8613,2025-01-30 10:46:00,C01364,M0123,37.26,0
T3191,2025-01-30 10:57:00,C01348,M0181,11.33,0
T5908,2025-01-30 11:02:00,C01891,M0115,10.12,0
T6706,2025-01-30 11:09:00,C00578,M0112,32.7,0
T5580,2025-01-30 11:11:00,C01176,M0190,26.29,0
T8601,2025-01-30 11:18:00,C00668,M0465,31.86,0
T1116,2025-01-30 11:40:00,C00634,M0098,12.3,0
T7218,2025-01-30 11:42:00,C00121,M0321,16.47,0
T2261,2025-01-30 11:48:00,C00888,M0184,16.45,0
T6834,2025-01-30 11:50:00,C00082,M0481,18.45,0
T8884,2025-01-30 12:07:00,C01248,M0140,10.55,0
T8564,2025-01-30 12:15:00,C00459,M0115,61.88,0
T7718,2025-01-30 12:18:00,C00743,M0088,192.25,0
T9496,2025-01-30 12:23:00,C01963,M0281,9.26,0
T1477,2025-01-30 12:40:00,C00583,M0230,5.89,0
T8931,2025-01-30 12:51:00,C00176,M0486,22.48,0
T905,2025-01-30 12:53:00,C01838,M0051,6.58,0
T2358,2025-01-30 12:53:00,C00617,M0427,2.32,0
T1530,2025-01-30 12:54:00,C00591,M0066,21.2,0
T6167,2025-01-30 13:03:00,C00582,M0448,23.67,0
T139,2025-01-30 13:17:00,C00259,M0338,58.4,0
T8240,2025-01-30 13:38:00,C01037,M0348,16.26,0
T6055,2025-01-30 13:58:00,C00026,M0257,26.57,0
T2371,2025-01-30 14:00:00,C01279,M0152,13.37,0
T3019,2025-01-30 14:04:00,C00477,M0259,1.4,0
T5761,2025-01-30 14:14:00,C00084,M0387,24.95,0
T7941,2025-01-30 14:16:00,C00896,M0278,34.41,0
T5992,2025-01-30 14:24:00,C01066,M0050,17.2,0
T242,2025-01-30 14:42:00,C00606,M0051,78.83,0
T2002,2025-01-30 14:52:00,C01941,M0346,18.37,0
T2028,2025-01-30 15:08:00,C00685,M0301,124.37,0
T5788,2025-01-30 15:14:00,C01169,M0378,15.84,0
T9789,2025-01-30 15:16:00,C00242,M0346,7.24,0
T2158,2025-01-30 15:25:00,C00027,M0499,8.52,0
T3919,2025-01-30 15:52:00,C01597,M0073,60.36,0
T9823,2025-01-30 15:58:00,C01509,M0137,18.62,0
T8074,2025-01-30 15:59:00,C01430,M0011,114.29,1
T3375,2025-01-30 16:07:00,C00986,M0089,11.75,0
T8812,2025-01-30 16:13:00,C00508,M0475,70.04,0
T8038,2025-01-30 16:28:00,C01848,M0045,38.47,0
T3004,2025-01-30 16:32:00,C00320,M0164,123.58,0
T6136,2025-01-30 16:51:00,C01880,M0499,41.08,0
T8755,2025-01-30 17:02:00,C01866,M0133,25.78,0
T4637,2025-01-30 17:08:00,C01819,M0432,101.74,0
T721,2025-01-30 17:28:00,C00665,M0383,95.12,0
T5858,2025-01-30 17:34:00,C00609,M0336,160.88,0
T6281,2025-01-30 17:38:00,C00058,M0252,40.32,0
T2600,2025-01-30 17:41:00,C00281,M0242,15.85,0
T1911,2025-01-30 17:43:00,C00092,M0400,7.6,0
T2118,2025-01-30 17:48:00,C00521,M0031,29.2,0
T5646,2025-01-30 17:52:00,C01462,M0453,48.49,0
T3149,2025-01-30 18:09:00,C01868,M0455,8.15,0
T7114,2025-01-30 18:23:00,C00935,M0409,18.45,0
T9862,2025-01-30 18:25:00,C01683,M0413,128.97,0
T2792,2025-01-30 18:30:00,C01555,M0036,57.97,0
T1451,2025-01-30 18:34:00,C00520,M0369,6.79,0
T7757,2025-01-30 18:39:00,C00207,M0170,20.85,0
T1183,2025-01-30 18:40:00,C00528,M0152,38.33,0
T2660,2025-01-30 18:51:00,C00235,M0254,18.23,0
T7095,2025-01-30 19:07:00,C01918,M0288,32.46,0
T2233,2025-01-30 19:13:00,C01760,M0297,53.82,0
T593,2025-01-30 19:18:00,C00618,M0259,21.64,0
T6591,2025-01-30 19:19:00,C01530,M0025,41.37,0
T931,2025-01-30 19:29:00,C01830,M0140,39.05,0
T7964,2025-01-30 19:29:00,C00237,M0076,34.8,0
T5552,2025-01-30 19:32:00,C01046,M0202,235.17,1
T8549,2025-01-30 19:33:00,C01679,M0010,9.48,0
T4809,2025-01-30 19:33:00,C01747,M0224,27.6,0
T145,2025-01-30 19:41:00,C01914,M0126,18.16,0
T8091,2025-01-30 19:42:00,C01473,M0206,12.52,0
T717,2025-01-30 19:44:00,C01793,M0190,13.87,0
T5001,2025-01-30 19:46:00,C01003,M0173,64.61,0
T2969,2025-01-30 19:46:00,C01080,M0427,31.04,0
T2730,2025-01-30 19:51:00,C01312,M0091,36.79,0
T2588,2025-01-30 20:03:00,C01619,M0070,7.51,0
T3565,2025-01-30 20:05:00,C00722,M0117,2.08,1
T7709,2025-01-30 20:08:00,C00527,M0053,43.87,0
T7174,2025-01-30 20:22:00,C00045,M0478,26.53,0
T3812,2025-01-30 20:38:00,C00859,M0345,8.56,0
T44,2025-01-30 20:41:00,C01061,M0491,24.23,0
T1413,2025-01-30 20:41:00,C01028,M0324,12.43,0
T8046,2025-01-30 20:45:00,C00648,M0258,12.32,0
T9516,2025-01-30 20:53:00,C00366,M0174,10.02,0
T240,2025-01-30 20:56:00,C01501,M0429,67.69,0
T8705,2025-01-30 20:59:00,C00160,M0212,102.85,0
T9608,2025-01-30 21:12:00,C00757,M0344,6.48,0
T8531,2025-01-30 21:32:00,C00500,M0088,54.59,0
T3029,2025-01-30 21:36:00,C01391,M0195,13.0,0
T5550,2025-01-30 21:39:00,C01563,M0275,4.0,0
T6255,2025-01-30 21:46:00,C00687,M0279,132.87,0
T8158,2025-01-30 21:54:00,C01899,M0346,25.95,0
T751,2025-01-30 22:08:00,C01564,M0307,35.99,0
T9952,2025-01-30 22:14:00,C01697,M0092,19.7,0
T2253,2025-01-30 22:28:00,C00447,M0383,28.77,0
T5483,2025-01-30 22:36:00,C00879,M0318,88.49,0
T713,2025-01-30 22:45:00,C00969,M0424,48.11,0
T5785,2025-01-30 22:49:00,C01044,M0042,4.64,0
T3484,2025-01-30 23:08:00,C00775,M0340,4.3,0
T6951,2025-01-30 23:18:00,C01029,M0272,43.67,0
T7410,2025-01-30 23:22:00,C00561,M0275,27.58,0
T5406,2025-01-30 23:29:00,C01187,M0423,46.14,0
T7262,2025-01-30 23:29:00,C00849,M0021,3.97,0
T9585,2025-01-31 00:05:00,C00401,M0418,48.39,0
T8883,2025-01-31 00:09:00,C00189,M0349,100.94,0
T9124,2025-01-31 00:20:00,C00517,M0449,19.42,0
T796,2025-01-31 00:21:00,C00552,M0083,33.21,0
T7022,2025-01-31 00:26:00,C00270,M0068,3.2,0
T5872,2025-01-31 00:40:00,C00542,M0053,6.76,0
T6185,2025-01-31 00:54:00,C01700,M0200,12.7,0
T6244,2025-01-31 00:58:00,C00570,M0348,6.65,0
T9820,2025-01-31 01:24:00,C00626,M0155,12.6,0
T505,2025-01-31 01:26:00,C01578,M0479,24.57,0
T5497,2025-01-31 01:38:00,C01782,M0401,2.06,0
T955,2025-01-31 01:43:00,C00928,M0380,17.61,0
T9452,2025-01-31 01:46:00,C00843,M0495,78.6,0
T4447,2025-01-31 01:47:00,C01094,M0220,10.72,0
T3681,2025-01-31 01:49:00,C01616,M0332,41.35,0
T8558,2025-01-31 01:50:00,C01673,M0134,134.88,0
T4155,2025-01-31 02:06:00,C01414,M0139,11.8,0
T7277,2025-01-31 02:13:00,C00867,M0356,109.03,0
T9975,2025-01-31 02:31:00,C00582,M0346,57.47,0
T2994,2025-01-31 02:35:00,C00620,M0033,6.04,0
T9228,2025-01-31 02:36:00,C01879,M0301,20.3,0
T3796,2025-01-31 02:41:00,C01052,M0141,16.2,0
T4286,2025-01-31 02:50:00,C01716,M0031,17.28,0
T5699,2025-01-31 03:10:00,C01679,M0172,5.78,0
T4848,2025-01-31 03:11:00,C01775,M0314,19.2,0
T4475,2025-01-31 03:15:00,C01126,M0415,6.04,0
T8731,2025-01-31 03:17:00,C01922,M0339,109.59,0
T1685,2025-01-31 03:28:00,C01640,M0155,10.88,0
T4182,2025-01-31 03:47:00,C00177,M0477,36.89,0
T4354,2025-01-31 04:02:00,C00151,M0077,16.1,0
T7269,2025-01-31 04:14:00,C01670,M0012,45.01,0
T6371,2025-01-31 04:19:00,C00497,M0358,103.98,0
T5186,2025-01-31 04:21:00,C00292,M0146,3.47,0
T3752,2025-01-31 04:23:00,C01789,M0410,14.57,0
T4534,2025-01-31 04:29:00,C00783,M0026,16.31,0
T2934,2025-01-31 04:32:00,C01376,M0482,28.14,0
T7236,2025-01-31 04:41:00,C01137,M0020,5.13,0
T302,2025-01-31 04:44:00,C01095,M0267,58.44,0
T9037,2025-01-31 05:16:00,C01772,M0186,115.88,0
T4165,2025-01-31 05:16:00,C01487,M0375,26.91,0
T305,2025-01-31 05:25:00,C00623,M0096,12.3,0
T3999,2025-01-31 05:26:00,C01300,M0276,6.92,0
T3688,2025-01-31 05:27:00,C00547,M0116,48.15,0
T7271,2025-01-31 05:39:00,C01589,M0473,9.39,0
T2430,2025-01-31 05:41:00,C01750,M0319,15.31,0
T137,2025-01-31 06:25:00,C01488,M0435,8.01,0
T1788,2025-01-31 06:25:00,C00256,M0143,56.92,0
T2010,2025-01-31 06:36:00,C01640,M0300,6.02,0
T8553,2025-01-31 06:41:00,C01953,M0309,11.4,0
T6413,2025-01-31 06:41:00,C00924,M0153,5.19,0
T6586,2025-01-31 06:57:00,C00688,M0240,18.35,0
T5052,2025-01-31 06:58:00,C00819,M0057,30.22,0
T2599,2025-01-31 06:59:00,C00997,M0210,5.9,0
T1471,2025-01-31 07:22:00,C01900,M0142,33.39,0
T5448,2025-01-31 07:26:00,C00077,M0433,191.91,0
T7366,2025-01-31 07:58:00,C01053,M0258,20.34,0
T7727,2025-01-31 08:43:00,C01801,M0184,20.66,0
T7207,2025-01-31 08:50:00,C01067,M0446,68.61,0
T2820,2025-01-31 08:52:00,C01499,M0335,6.83,0
T9869,2025-01-31 09:04:00,C01173,M0326,15.49,0
T1894,2025-01-31 09:13:00,C01166,M0425,81.81,0
T4130,2025-01-31 09:24:00,C01922,M0085,28.13,0
T6810,2025-01-31 09:50:00,C00350,M0012,17.19,0
T3583,2025-01-31 09:51:00,C01878,M0340,17.23,0
T3819,2025-01-31 09:58:00,C00824,M0271,179.71,0
T4171,2025-01-31 10:03:00,C00663,M0464,53.58,0
T7976,2025-01-31 10:22:00,C01289,M0424,6.15,0
T7001,2025-01-31 10:27:00,C01008,M0024,28.43,0
T4731,2025-01-31 10:56:00,C00919,M0324,125.02,0
T5180,2025-01-31 10:56:00,C00945,M0430,39.75,0
T1000,2025-01-31 11:12:00,C00343,M0373,128.84,0
T8648,2025-01-31 11:16:00,C00900,M0153,37.41,0
T6378,2025-01-31 11:20:00,C01421,M0120,75.66,0
T3852,2025-01-31 11:24:00,C01412,M0355,6.13,0
T8112,2025-01-31 11:30:00,C01310,M0457,244.47,0
T5875,2025-01-31 11:34:00,C00070,M0232,8.23,0
T428,2025-01-31 11:59:00,C00745,M0137,9.35,0
T4933,2025-01-31 11:59:00,C00115,M0043,16.34,0
T940,2025-01-31 12:05:00,C00996,M0162,56.57,0
T2539,2025-01-31 12:14:00,C00606,M0434,5.95,0
T4299,2025-01-31 12:17:00,C01170,M0201,27.0,0
T4276,2025-01-31 12:19:00,C01142,M0281,1.51,0
T3243,2025-01-31 12:29:00,C00133,M0418,66.86,0
T4349,2025-01-31 12:29:00,C01699,M0238,31.42,0
T2417,2025-01-31 12:30:00,C00878,M0121,40.26,0
T4340,2025-01-31 12:34:00,C01619,M0400,10.76,0
T6650,2025-01-31 12:45:00,C01955,M0183,29.91,0
T9424,2025-01-31 13:08:00,C01825,M0107,54.0,0
T8168,2025-01-31 13:33:00,C00847,M0367,8.58,0
T3178,2025-01-31 13:34:00,C00717,M0173,37.92,0
T991,2025-01-31 13:48:00,C01941,M0165,17.85,0
T5078,2025-01-31 13:56:00,C01742,M0434,5.43,0
T4944,2025-01-31 14:01:00,C00494,M0375,63.04,0
T4266,2025-01-31 14:09:00,C01552,M0119,113.73,0
T1579,2025-01-31 14:24:00,C01215,M0193,107.6,0
T275,2025-01-31 14:24:00,C00551,M0043,24.1,0
T6145,2025-01-31 14:26:00,C01774,M0218,25.02,0
T422,2025-01-31 14:38:00,C01789,M0469,48.21,0
T9738,2025-01-31 15:11:00,C00861,M0426,22.3,0
T6949,2025-01-31 15:15:00,C00425,M0435,3.14,0
T5755,2025-01-31 15:16:00,C01934,M0297,25.52,0
T6080,2025-01-31 15:30:00,C01903,M0061,4.73,0
T7,2025-01-31 15:31:00,C01146,M0219,3.51,0
T9351,2025-01-31 15:35:00,C00616,M0083,39.65,0
T9043,2025-01-31 15:35:00,C01104,M0461,63.68,1
T7962,2025-01-31 15:35:00,C00329,M0465,17.36,0
T2013,2025-01-31 15:39:00,C00820,M0099,9.66,0
T8079,2025-01-31 15:40:00,C01762,M0391,78.23,0
T8232,2025-01-31 15:43:00,C00319,M0049,213.7,0
T5728,2025-01-31 15:48:00,C01590,M0226,7.61,0
T8518,2025-01-31 15:49:00,C00089,M0263,6.16,0
T3173,2025-01-31 16:19:00,C00142,M0073,22.43,0
T8475,2025-01-31 16:34:00,C00785,M0046,279.41,0
T3062,2025-01-31 16:39:00,C00369,M0138,25.31,0
T8498,2025-01-31 17:03:00,C00560,M0068,39.76,0
T9329,2025-01-31 17:05:00,C00241,M0311,19.17,0
T6061,2025-01-31 17:17:00,C01578,M0376,4.12,0
T726,2025-01-31 17:18:00,C01893,M0270,12.72,0
T7800,2025-01-31 17:27:00,C01462,M0063,4.64,0
T814,2025-01-31 17:27:00,C00211,M0013,51.06,0
T8278,2025-01-31 17:32:00,C01707,M0058,21.24,0
T3683,2025-01-31 17:34:00,C01566,M0445,4.22,1
T4687,2025-01-31 17:34:00,C01640,M0212,20.59,0
T554,2025-01-31 17:41:00,C00145,M0248,39.07,0
T152,2025-01-31 17:42:00,C00068,M0284,204.81,1
T6563,2025-01-31 17:44:00,C00423,M0438,43.85,0
T5879,2025-01-31 18:26:00,C00912,M0417,31.96,0
T1047,2025-01-31 18:47:00,C01935,M0308,21.79,0
T7606,2025-01-31 18:48:00,C01455,M0453,7.84,0
T5332,2025-01-31 18:51:00,C00337,M0460,6.5,0
T7432,2025-01-31 18:53:00,C00272,M0425,41.5,0
T7044,2025-01-31 19:14:00,C00968,M0031,100.18,0
T9875,2025-01-31 19:18:00,C00722,M0427,7.31,0
T3065,2025-01-31 19:23:00,C01125,M0048,40.05,0
T4837,2025-01-31 19:29:00,C00178,M0163,66.6,0
T7393,2025-01-31 19:37:00,C01617,M0242,6.98,0
T4412,2025-01-31 19:46:00,C01728,M0084,25.82,0
T4542,2025-01-31 19:46:00,C00076,M0238,83.22,0
T6611,2025-01-31 19:47:00,C01732,M0047,19.16,1
T3097,2025-01-31 20:09:00,C01485,M0464,17.23,0
T1604,2025-01-31 20:13:00,C01348,M0455,18.9,0
T6126,2025-01-31 20:14:00,C01762,M0215,4.21,0
T485,2025-01-31 20:25:00,C00501,M0459,20.47,0
T9251,2025-01-31 20:33:00,C01813,M0038,9.31,0
T4597,2025-01-31 20:35:00,C01024,M0134,8.02,0
T5806,2025-01-31 20:39:00,C00916,M0175,88.37,0
T9712,2025-01-31 20:58:00,C01884,M0180,37.22,0
T7899,2025-01-31 21:00:00,C00958,M0108,9.96,0
T6307,2025-01-31 21:02:00,C00948,M0060,8.56,0
T582,2025-01-31 21:22:00,C01497,M0346,26.23,0
T8804,2025-01-31 21:24:00,C00902,M0478,61.72,0
T4427,2025-01-31 21:56:00,C00050,M0270,5.38,0
T4931,2025-01-31 22:03:00,C00848,M0275,10.94,0
T8093,2025-01-31 22:07:00,C01140,M0479,20.36,0
T4500,2025-01-31 22:15:00,C01824,M0481,13.0,0
T4398,2025-01-31 22:15:00,C01692,M0196,12.98,0
T1362,2025-01-31 22:27:00,C00784,M0198,43.17,0
T8348,2025-01-31 22:33:00,C01415,M0492,39.5,0
T9235,2025-01-31 22:43:00,C00430,M0139,8.59,0
T7564,2025-01-31 22:45:00,C00759,M0443,28.93,0
T1584,2025-01-31 22:49:00,C00237,M0253,12.33,0
T4258,2025-01-31 23:09:00,C01579,M0416,6.47,0
T3048,2025-01-31 23:22:00,C01177,M0423,21.99,0
T3676,2025-01-31 23:25:00,C01289,M0480,3.84,0
T1307,2025-01-31 23:43:00,C01915,M0211,21.23,0
T2679,2025-01-31 23:49:00,C00083,M0390,26.67,0
T2439,2025-01-31 23:58:00,C00197,M0353,48.79,0
T8620,2025-02-01 00:05:00,C00968,M0367,13.03,0
T8912,2025-02-01 00:08:00,C01929,M0168,8.84,0
T4696,2025-02-01 00:33:00,C00798,M0198,2.38,0
T9625,2025-02-01 00:34:00,C00203,M0233,57.84,0
T7465,2025-02-01 00:38:00,C00854,M0099,2.5,0
T3268,2025-02-01 00:55:00,C01549,M0436,4.15,0
T7687,2025-02-01 01:22:00,C01718,M0429,5.0,0
T3591,2025-02-01 01:24:00,C01584,M0447,6.02,0
T4954,2025-02-01 01:24:00,C00940,M0351,124.3,0
T1829,2025-02-01 01:38:00,C00056,M0264,20.46,0
T4751,2025-02-01 01:39:00,C01352,M0034,2.1,0
T6494,2025-02-01 01:55:00,C00849,M0188,12.74,0
T3464,2025-02-01 01:57:00,C01204,M0461,12.51,0
T4906,2025-02-01 01:57:00,C01104,M0360,19.4,0
T3490,2025-02-01 02:00:00,C01746,M0366,4.78,0
T3670,2025-02-01 02:09:00,C00015,M0255,116.27,0
T7302,2025-02-01 02:26:00,C00360,M0170,11.52,0
T3286,2025-02-01 02:29:00,C01562,M0403,13.21,0
T501,2025-02-01 02:51:00,C01826,M0204,31.07,0
T9211,2025-02-01 02:53:00,C00201,M0263,23.28,0
T1330,2025-02-01 02:53:00,C01594,M0488,26.9,1
T3954,2025-02-01 02:54:00,C00829,M0260,62.19,0
T4123,2025-02-01 02:56:00,C00891,M0332,26.82,0
T4684,2025-02-01 03:05:00,C00385,M0117,11.0,0
T2116,2025-02-01 03:23:00,C00263,M0016,38.08,0
T2346,2025-02-01 03:37:00,C01245,M0353,14.6,0
T1644,2025-02-01 03:39:00,C01677,M0110,20.21,0
T3580,2025-02-01 03:44:00,C01940,M0245,40.74,0
T9989,2025-02-01 04:11:00,C01403,M0492,15.02,0
T2968,2025-02-01 04:20:00,C01723,M0232,14.47,0
T5359,2025-02-01 04:30:00,C00844,M0250,10.87,0
T8040,2025-02-01 04:32:00,C00783,M0392,36.34,0
T6981,2025-02-01 04:41:00,C01310,M0243,5.47,0
T2240,2025-02-01 04:56:00,C00944,M0087,66.83,0
T4283,2025-02-01 05:02:00,C01718,M0098,4.21,0
T4469,2025-02-01 05:08:00,C01023,M0458,26.07,0
T5562,2025-02-01 05:10:00,C01225,M0119,131.52,0
T1812,2025-02-01 05:25:00,C01595,M0447,28.49,0
T2009,2025-02-01 05:36:00,C00659,M0047,24.22,1
T6948,2025-02-01 05:40:00,C00258,M0405,11.87,0
T9099,2025-02-01 05:50:00,C01368,M0239,4.83,0
T8735,2025-02-01 05:59:00,C00483,M0157,17.8,0
T2395,2025-02-01 06:00:00,C01043,M0052,25.58,0
T763,2025-02-01 06:02:00,C01145,M0250,7.13,0
T1700,2025-02-01 06:04:00,C00081,M0400,9.54,0
T336,2025-02-01 06:17:00,C00173,M0276,107.47,0
T3834,2025-02-01 06:26:00,C00328,M0014,6.16,0
T1415,2025-02-01 06:28:00,C01280,M0168,16.93,0
T2174,2025-02-01 06:33:00,C01018,M0249,7.04,0
T5902,2025-02-01 06:39:00,C01036,M0283,13.14,0
T3899,2025-02-01 06:46:00,C01722,M0274,176.93,0
T4697,2025-02-01 07:06:00,C00894,M0255,47.29,0
T1381,2025-02-01 07:24:00,C00761,M0014,9.77,0
T4380,2025-02-01 07:35:00,C00164,M0308,1.72,0
T3837,2025-02-01 07:35:00,C00776,M0217,9.09,0
T2834,2025-02-01 07:36:00,C00111,M0424,12.36,0
T700,2025-02-01 07:46:00,C00265,M0066,51.37,0
T2108,2025-02-01 07:53:00,C00705,M0233,56.56,0
T8429,2025-02-01 07:57:00,C01486,M0371,107.83,0
T6996,2025-02-01 08:04:00,C01998,M0121,38.42,0
T6459,2025-02-01 08:36:00,C00909,M0278,283.29,0
T9684,2025-02-01 08:47:00,C00329,M0111,5.5,0
T6614,2025-02-01 08:58:00,C01901,M0171,29.19,0
T1289,2025-02-01 09:06:00,C00592,M0270,11.24,1
T5970,2025-02-01 09:21:00,C01547,M0008,9.03,0
T5852,2025-02-01 09:23:00,C00543,M0439,24.26,0
T6242,2025-02-01 09:32:00,C00153,M0016,30.98,0
T5131,2025-02-01 09:46:00,C00615,M0411,20.33,0
T2680,2025-02-01 09:52:00,C00992,M0423,32.2,0
T313,2025-02-01 09:56:00,C00799,M0062,83.61,0
T1796,2025-02-01 10:01:00,C01472,M0475,8.29,0
T3734,2025-02-01 10:02:00,C01390,M0278,31.91,0
T6037,2025-02-01 10:06:00,C00244,M0463,16.3,0
T2560,2025-02-01 10:13:00,C01283,M0406,40.72,0
T6567,2025-02-01 10:14:00,C00092,M0441,21.38,0
T5413,2025-02-01 10:16:00,C01369,M0302,28.16,0
T6071,2025-02-01 10:24:00,C01477,M0304,5.13,0
T4030,2025-02-01 10:30:00,C01282,M0473,28.59,0
T1879,2025-02-01 10:32:00,C01111,M0443,34.28,0
T4374,2025-02-01 10:36:00,C00721,M0194,76.74,0
T5289,2025-02-01 10:43:00,C01100,M0288,71.93,0
T9487,2025-02-01 11:12:00,C01556,M0350,33.43,0
T6804,2025-02-01 11:37:00,C00918,M0276,2.56,0
T5896,2025-02-01 11:49:00,C00356,M0391,32.11,0
T1792,2025-02-01 11:50:00,C00343,M0314,41.72,0
T9628,2025-02-01 12:11:00,C01982,M0484,83.36,0
T1992,2025-02-01 12:19:00,C01716,M0008,5.1,0
T9520,2025-02-01 12:22:00,C00439,M0374,17.98,0
T4881,2025-02-01 12:37:00,C01877,M0277,2.55,0
T7868,2025-02-01 12:46:00,C00712,M0486,29.14,0
T3453,2025-02-01 12:49:00,C01160,M0209,13.07,0
T1272,2025-02-01 13:00:00,C00582,M0018,500.71,1
T5653,2025-02-01 13:16:00,C01313,M0214,13.37,0
T9742,2025-02-01 13:19:00,C01468,M0416,18.87,0
T649,2025-02-01 13:25:00,C00712,M0043,7.33,0
T3875,2025-02-01 13:55:00,C01117,M0294,82.23,0
T1766,2025-02-01 14:20:00,C00675,M0050,17.92,0
T278,2025-02-01 14:45:00,C00694,M0155,20.55,0
T7221,2025-02-01 14:48:00,C00454,M0458,21.72,0
T8708,2025-02-01 14:52:00,C00939,M0285,15.42,0
T4811,2025-02-01 14:56:00,C01772,M0220,10.81,0
T1561,2025-02-01 14:59:00,C00226,M0259,27.93,0
T4703,2025-02-01 15:01:00,C01446,M0034,14.99,0
T707,2025-02-01 15:03:00,C01463,M0366,101.51,0
T403,2025-02-01 15:03:00,C00768,M0020,16.82,0
T970,2025-02-01 15:18:00,C01720,M0293,28.82,0
T9417,2025-02-01 15:25:00,C00011,M0234,33.0,0
T901,2025-02-01 15:47:00,C00507,M0233,5.61,0
T8578,2025-02-01 15:51:00,C01131,M0060,11.88,0
T2610,2025-02-01 16:03:00,C00103,M0322,20.02,0
T3814,2025-02-01 16:07:00,C01227,M0079,5.81,0
T8982,2025-02-01 16:15:00,C00616,M0307,20.58,0
T4663,2025-02-01 16:19:00,C01968,M0125,121.25,0
T7162,2025-02-01 16:41:00,C00511,M0425,114.22,0
T8961,2025-02-01 16:47:00,C01293,M0438,10.71,0
T1494,2025-02-01 16:48:00,C00416,M0391,58.52,0
T1197,2025-02-01 16:48:00,C01753,M0220,7.68,0
T3624,2025-02-01 17:11:00,C00388,M0223,86.8,0
T9159,2025-02-01 17:19:00,C00092,M0326,20.7,0
T8681,2025-02-01 17:27:00,C01153,M0228,3.98,0
T6648,2025-02-01 17:29:00,C00890,M0158,42.72,0
T9724,2025-02-01 17:48:00,C01138,M0240,5.35,0
T8396,2025-02-01 17:52:00,C01302,M0428,108.16,0
T297,2025-02-01 17:54:00,C01492,M0384,60.97,0
T7483,2025-02-01 17:57:00,C00253,M0343,42.91,0
T3165,2025-02-01 18:14:00,C01675,M0470,29.05,0
T3778,2025-02-01 18:20:00,C01600,M0287,5.01,0
T5886,2025-02-01 18:27:00,C01908,M0145,16.9,0
T62,2025-02-01 18:38:00,C01764,M0089,24.89,0
T5873,2025-02-01 18:40:00,C01184,M0054,68.02,0
T1086,2025-02-01 18:45:00,C00092,M0499,12.22,0
T8935,2025-02-01 18:51:00,C01183,M0115,51.15,0
T7206,2025-02-01 18:52:00,C01334,M0396,21.39,0
T9056,2025-02-01 19:04:00,C01949,M0499,98.26,0
T9512,2025-02-01 19:18:00,C01320,M0323,54.5,0
T4074,2025-02-01 19:20:00,C01017,M0465,40.69,0
T8267,2025-02-01 19:27:00,C01882,M0086,5.85,0
T7639,2025-02-01 19:29:00,C01498,M0022,27.97,0
T3970,2025-02-01 19:34:00,C00846,M0022,10.21,0
T4048,2025-02-01 19:53:00,C01172,M0333,39.6,0
T7825,2025-02-01 19:56:00,C00155,M0007,9.3,0
T2392,2025-02-01 19:58:00,C00621,M0125,25.77,0
T4664,2025-02-01 19:58:00,C00922,M0007,4.2,0
T8877,2025-02-01 20:13:00,C01146,M0291,34.11,0
T5238,2025-02-01 20:25:00,C01773,M0480,38.82,0
T5657,2025-02-01 20:35:00,C00174,M0353,81.18,0
T7843,2025-02-01 20:50:00,C01687,M0320,36.1,0
T1820,2025-02-01 20:53:00,C00650,M0217,68.35,0
T5316,2025-02-01 20:56:00,C00405,M0338,6.26,0
T4425,2025-02-01 21:13:00,C01055,M0439,63.16,0
T4998,2025-02-01 21:27:00,C01891,M0224,5.91,0
T7649,2025-02-01 21:29:00,C01720,M0314,16.79,0
T4977,2025-02-01 21:39:00,C00806,M0288,124.27,1
T3506,2025-02-01 22:08:00,C00095,M0187,17.54,0
T4726,2025-02-01 22:31:00,C00028,M0085,17.2,0
T3805,2025-02-01 22:42:00,C01451,M0213,58.68,0
T6930,2025-02-01 22:55:00,C01083,M0251,4.88,0
T7501,2025-02-01 22:55:00,C00262,M0313,9.5,0
T6274,2025-02-01 23:12:00,C01432,M0281,48.43,0
T2823,2025-02-01 23:17:00,C00595,M0037,27.63,0
T6330,2025-02-01 23:20:00,C01826,M0172,15.16,0
T6454,2025-02-01 23:21:00,C01106,M0093,120.66,0
T8237,2025-02-01 23:37:00,C00752,M0444,2.03,0
T8043,2025-02-01 23:53:00,C01687,M0155,13.41,0
T3410,2025-02-02 00:12:00,C01681,M0268,10.45,0
T6724,2025-02-02 00:17:00,C00499,M0393,7.23,0
T7067,2025-02-02 00:18:00,C01408,M0313,21.4,0
T3292,2025-02-02 00:19:00,C01756,M0438,19.05,0
T3442,2025-02-02 00:21:00,C01467,M0365,80.81,0
T7532,2025-02-02 00:38:00,C01320,M0381,10.02,0
T5576,2025-02-02 00:41:00,C01763,M0264,46.72,0
T5272,2025-02-02 01:02:00,C00793,M0295,35.91,0
T8957,2025-02-02 01:04:00,C01393,M0133,4.36,0
T4766,2025-02-02 01:11:00,C00929,M0070,9.19,0
T3455,2025-02-02 01:14:00,C00130,M0271,26.6,0
T8129,2025-02-02 01:17:00,C00465,M0057,7.65,0
T1096,2025-02-02 01:23:00,C00265,M0075,19.15,0
T4027,2025-02-02 01:23:00,C00457,M0125,19.45,0
T1731,2025-02-02 01:23:00,C01501,M0109,20.74,0
T1683,2025-02-02 01:27:00,C01780,M0364,13.89,0
T3642,2025-02-02 01:29:00,C01973,M0212,50.91,0
T4675,2025-02-02 01:32:00,C00961,M0322,70.28,0
T399,2025-02-02 01:35:00,C01109,M0002,85.57,0
T8380,2025-02-02 01:42:00,C01283,M0079,46.95,0
T9498,2025-02-02 01:53:00,C01767,M0193,12.44,0
T1001,2025-02-02 01:57:00,C00988,M0157,26.18,0
T7607,2025-02-02 02:02:00,C01226,M0240,25.26,0
T273,2025-02-02 02:14:00,C00988,M0094,34.98,0
T6016,2025-02-02 02:16:00,C01609,M0310,16.65,0
T4190,2025-02-02 02:18:00,C01816,M0002,37.51,0
T8406,2025-02-02 02:19:00,C00947,M0486,18.86,0
T4026,2025-02-02 02:20:00,C01622,M0127,7.23,0
T4625,2025-02-02 02:23:00,C01823,M0390,67.45,0
T8139,2025-02-02 02:28:00,C01746,M0242,56.99,0
T6635,2025-02-02 02:33:00,C00329,M0190,16.66,0
T1088,2025-02-02 02:40:00,C01434,M0327,283.98,0
T9238,2025-02-02 02:46:00,C00894,M0224,31.87,0
T5375,2025-02-02 02:50:00,C01400,M0126,4.61,0
T828,2025-02-02 03:11:00,C00275,M0167,2.29,0
T4543,2025-02-02 03:27:00,C00508,M0055,3.93,0
T4004,2025-02-02 03:29:00,C01144,M0122,8.5,0
T9530,2025-02-02 03:40:00,C01201,M0115,33.5,0
T2822,2025-02-02 03:45:00,C01091,M0079,76.67,0
T4278,2025-02-02 03:53:00,C00398,M0345,9.44,0
T6773,2025-02-02 04:10:00,C00563,M0494,7.43,0
T2236,2025-02-02 04:12:00,C00683,M0282,56.59,0
T5209,2025-02-02 04:15:00,C01571,M0406,54.45,0
T9212,2025-02-02 04:51:00,C00633,M0388,9.37,1
T8308,2025-02-02 05:09:00,C01702,M0427,119.55,0
T2976,2025-02-02 05:23:00,C00119,M0002,39.28,0
T9012,2025-02-02 05:24:00,C01960,M0037,30.54,0
T8647,2025-02-02 05:32:00,C01986,M0062,16.03,0
T1996,2025-02-02 05:33:00,C01053,M0191,7.43,0
T5773,2025-02-02 05:38:00,C01061,M0261,28.14,0
T5343,2025-02-02 05:38:00,C01520,M0497,18.81,0
T632,2025-02-02 05:47:00,C01432,M0230,6.0,0
T7841,2025-02-02 06:11:00,C00291,M0130,60.24,0
T3647,2025-02-02 06:33:00,C00929,M0360,32.56,0
T2127,2025-02-02 06:39:00,C01490,M0407,34.17,0
T2440,2025-02-02 06:46:00,C01239,M0394,94.95,0
T6698,2025-02-02 07:01:00,C00638,M0244,8.16,0
T8778,2025-02-02 07:01:00,C00997,M0219,18.27,1
T7324,2025-02-02 07:05:00,C01266,M0371,19.5,0
T5935,2025-02-02 07:11:00,C01598,M0231,48.62,0
T894,2025-02-02 07:14:00,C00448,M0016,34.45,0
T4712,2025-02-02 07:25:00,C01439,M0155,6.76,0
T7847,2025-02-02 07:31:00,C01388,M0105,69.92,0
T8808,2025-02-02 07:40:00,C00945,M0379,159.34,0
T673,2025-02-02 07:40:00,C00756,M0446,5.67,0
T1476,2025-02-02 07:42:00,C01283,M0031,7.5,0
T5619,2025-02-02 07:46:00,C01970,M0470,21.22,0
T7214,2025-02-02 08:02:00,C01565,M0058,25.24,0
T2999,2025-02-02 08:11:00,C01291,M0282,14.1,0
T172,2025-02-02 08:16:00,C01223,M0150,390.09,0
T1445,2025-02-02 08:40:00,C00819,M0405,20.44,0
T3607,2025-02-02 08:47:00,C01335,M0141,9.14,0
T3113,2025-02-02 08:59:00,C01507,M0070,15.69,0
T4575,2025-02-02 09:26:00,C00077,M0432,27.12,0
T2213,2025-02-02 09:39:00,C00559,M0366,14.14,0
T7704,2025-02-02 09:40:00,C00112,M0226,7.25,0
T4797,2025-02-02 09:55:00,C00752,M0334,13.51,0
T5335,2025-02-02 10:06:00,C00350,M0395,11.35,0
T7575,2025-02-02 10:11:00,C01636,M0277,18.82,0
T7577,2025-02-02 10:14:00,C01255,M0141,25.37,0
T7294,2025-02-02 10:25:00,C00519,M0030,41.85,0
T9981,2025-02-02 10:27:00,C01603,M0193,35.31,0
T9689,2025-02-02 10:30:00,C01763,M0288,12.75,0
T8691,2025-02-02 10:35:00,C01003,M0101,7.81,0
T186,2025-02-02 10:37:00,C01511,M0289,129.42,0
T9915,2025-02-02 10:48:00,C00491,M0212,7.37,0
T557,2025-02-02 10:52:00,C01480,M0112,7.54,0
T9927,2025-02-02 10:52:00,C00734,M0350,59.22,0
T2941,2025-02-02 10:53:00,C00369,M0096,5.03,1
T3086,2025-02-02 10:57:00,C01705,M0160,34.45,0
T8149,2025-02-02 10:57:00,C01621,M0420,3.17,0
T2897,2025-02-02 10:58:00,C00806,M0143,10.61,0
T5834,2025-02-02 11:11:00,C01447,M0321,18.74,0
T4519,2025-02-02 11:14:00,C01958,M0448,41.08,0
T2677,2025-02-02 11:20:00,C01563,M0466,11.03,0
T8405,2025-02-02 11:21:00,C01744,M0113,23.55,0
T6874,2025-02-02 11:22:00,C00654,M0434,30.81,0
T5122,2025-02-02 11:59:00,C00596,M0112,14.21,0
T2406,2025-02-02 12:04:00,C00591,M0485,65.2,0
T5210,2025-02-02 12:06:00,C00658,M0291,153.21,0
T1975,2025-02-02 12:19:00,C01283,M0062,19.88,0
T6736,2025-02-02 12:25:00,C00371,M0393,10.61,0
T1238,2025-02-02 12:28:00,C01839,M0341,11.87,0
T4639,2025-02-02 12:30:00,C00385,M0480,8.0,0
T3267,2025-02-02 12:40:00,C01812,M0123,8.46,0
T231,2025-02-02 12:43:00,C01622,M0030,63.56,0
T2572,2025-02-02 12:50:00,C00520,M0482,27.16,0
T2250,2025-02-02 12:51:00,C00585,M0262,22.68,0
T6541,2025-02-02 12:54:00,C01053,M0390,8.14,0
T2378,2025-02-02 12:57:00,C01646,M0189,17.35,0
T9697,2025-02-02 13:14:00,C01235,M0259,14.55,0
T1995,2025-02-02 13:21:00,C01814,M0357,27.51,0
T6776,2025-02-02 13:40:00,C01212,M0050,27.68,0
T9039,2025-02-02 13:50:00,C01028,M0068,43.58,0
T4857,2025-02-02 14:02:00,C01844,M0428,5.12,0
T8928,2025-02-02 14:06:00,C01368,M0316,60.51,0
T9194,2025-02-02 14:10:00,C01571,M0497,86.72,0
T8468,2025-02-02 14:16:00,C00660,M0352,35.62,0
T9539,2025-02-02 14:20:00,C01265,M0401,9.17,0
T8221,2025-02-02 14:30:00,C01023,M0086,5.43,0
T511,2025-02-02 14:39:00,C01279,M0134,18.16,0
T262,2025-02-02 14:55:00,C01724,M0051,92.45,0
T3835,2025-02-02 14:56:00,C00589,M0247,11.89,0
T5984,2025-02-02 15:14:00,C01272,M0493,64.92,0
T5106,2025-02-02 15:19:00,C00984,M0225,15.88,0
T8788,2025-02-02 15:33:00,C01458,M0148,6.98,0
T5516,2025-02-02 15:34:00,C00223,M0155,12.8,0
T1917,2025-02-02 16:15:00,C00180,M0185,14.1,0
T1169,2025-02-02 16:17:00,C01710,M0205,13.57,0
T7765,2025-02-02 16:18:00,C01655,M0170,18.34,0
T1818,2025-02-02 16:24:00,C00562,M0455,15.77,0
T3842,2025-02-02 16:28:00,C01187,M0019,11.32,0
T2287,2025-02-02 16:36:00,C01537,M0119,18.77,0
T8893,2025-02-02 16:38:00,C01106,M0093,36.25,0
T8437,2025-02-02 16:45:00,C01211,M0307,40.47,0
T3197,2025-02-02 16:53:00,C00354,M0363,3.48,0
T9477,2025-02-02 16:56:00,C01019,M0132,4.26,0
T8492,2025-02-02 16:58:00,C01411,M0327,15.57,0
T5119,2025-02-02 17:01:00,C00755,M0361,39.44,0
T5055,2025-02-02 17:11:00,C01618,M0476,1.98,0
T3671,2025-02-02 17:18:00,C01114,M0149,35.61,0
T3903,2025-02-02 17:35:00,C01546,M0450,82.98,0
T3694,2025-02-02 17:53:00,C00520,M0269,4.91,0
T9531,2025-02-02 18:16:00,C00607,M0498,9.74,0
T4185,2025-02-02 18:35:00,C00852,M0350,58.21,0
T306,2025-02-02 18:42:00,C01835,M0250,25.76,0
T5950,2025-02-02 18:44:00,C01553,M0300,129.41,0
T7924,2025-02-02 18:58:00,C00135,M0433,12.99,0
T4282,2025-02-02 19:01:00,C01543,M0075,23.94,0
T5237,2025-02-02 19:04:00,C01301,M0184,47.79,0
T5536,2025-02-02 19:14:00,C01704,M0308,16.48,0
T2357,2025-02-02 19:21:00,C01652,M0488,37.15,0
T225,2025-02-02 19:34:00,C01100,M0101,2.63,0
T8292,2025-02-02 19:38:00,C01135,M0123,72.21,0
T8738,2025-02-02 19:59:00,C00770,M0343,24.91,0
T516,2025-02-02 20:00:00,C00390,M0297,106.89,0
T5537,2025-02-02 20:11:00,C00174,M0411,75.66,0
T489,2025-02-02 20:15:00,C01198,M0043,17.73,0
T4702,2025-02-02 20:15:00,C00851,M0300,167.99,0
T2637,2025-02-02 20:19:00,C01814,M0152,20.37,0
T7082,2025-02-02 20:19:00,C01284,M0061,40.78,0
T1275,2025-02-02 20:24:00,C00604,M0048,30.03,0
T8550,2025-02-02 20:27:00,C00109,M0280,47.25,0
T5540,2025-02-02 20:35:00,C01484,M0398,29.16,0
T8533,2025-02-02 20:42:00,C00051,M0167,15.11,0
T283,2025-02-02 20:53:00,C00106,M0178,137.05,1
T7039,2025-02-02 21:00:00,C00200,M0420,49.62,0
T7680,2025-02-02 21:16:00,C00672,M0084,8.59,0
T910,2025-02-02 21:22:00,C01611,M0183,6.91,0
T5248,2025-02-02 21:25:00,C01068,M0416,70.84,0
T9955,2025-02-02 21:27:00,C01317,M0077,19.99,0
T7094,2025-02-02 21:34:00,C01372,M0409,36.29,0
T3538,2025-02-02 21:37:00,C01735,M0390,3.05,0
T4217,2025-02-02 22:06:00,C01471,M0040,4.2,0
T1902,2025-02-02 22:14:00,C00297,M0356,6.85,0
T8687,2025-02-02 22:56:00,C01039,M0020,8.84,0
T9717,2025-02-02 23:22:00,C01758,M0204,88.63,0
T3180,2025-02-02 23:38:00,C01392,M0225,14.82,0
T1549,2025-02-02 23:57:00,C00797,M0191,36.97,0
T1057,2025-02-03 00:03:00,C00104,M0343,133.39,1
T9161,2025-02-03 00:33:00,C01600,M0464,8.9,0
T3666,2025-02-03 00:42:00,C00775,M0412,5.35,0
T4847,2025-02-03 00:54:00,C00637,M0207,11.6,0
T4578,2025-02-03 00:54:00,C01296,M0160,142.21,0
T6798,2025-02-03 01:08:00,C01519,M0245,31.34,0
T3545,2025-02-03 01:11:00,C01236,M0488,29.39,0
T9213,2025-02-03 01:18:00,C01532,M0394,14.0,0
T7866,2025-02-03 01:19:00,C00110,M0209,11.27,0
T640,2025-02-03 01:25:00,C01061,M0329,60.19,0
T1861,2025-02-03 01:34:00,C00292,M0335,17.15,0
T6953,2025-02-03 01:51:00,C00190,M0252,7.66,0
T7425,2025-02-03 01:56:00,C00779,M0166,11.35,0
T1524,2025-02-03 01:58:00,C01784,M0152,12.65,0
T6008,2025-02-03 02:05:00,C01880,M0010,29.52,0
T7869,2025-02-03 02:17:00,C00106,M0195,36.04,0
T6187,2025-02-03 02:22:00,C01725,M0460,47.24,0
T7333,2025-02-03 02:23:00,C00802,M0155,15.95,0
T4392,2025-02-03 02:24:00,C00348,M0143,21.69,0
T2332,2025-02-03 02:44:00,C00703,M0421,17.8,0
T6532,2025-02-03 02:51:00,C00198,M0111,15.4,0
T2480,2025-02-03 03:01:00,C01055,M0152,12.55,0
T8197,2025-02-03 03:08:00,C00847,M0315,29.18,0
T9366,2025-02-03 03:34:00,C00318,M0485,267.29,0
T7160,2025-02-03 04:01:00,C01672,M0157,123.09,0
T4840,2025-02-03 04:04:00,C01764,M0038,10.91,0
T6179,2025-02-03 04:06:00,C00780,M0286,40.99,0
T3160,2025-02-03 04:15:00,C01400,M0047,14.96,0
T7383,2025-02-03 04:19:00,C00078,M0045,18.81,0
T9494,2025-02-03 04:20:00,C01966,M0435,45.15,0
T4467,2025-02-03 04:28:00,C01528,M0318,38.8,0
T6790,2025-02-03 04:41:00,C00864,M0345,207.44,0
T8273,2025-02-03 04:59:00,C00378,M0081,6.67,0
T9336,2025-02-03 05:09:00,C01065,M0290,13.06,0
T3619,2025-02-03 05:12:00,C01691,M0069,46.95,0
T1650,2025-02-03 05:17:00,C00634,M0133,32.57,0
T3823,2025-02-03 05:37:00,C01081,M0447,3.13,0
T4280,2025-02-03 05:41:00,C00330,M0326,24.52,0
T2154,2025-02-03 05:44:00,C00910,M0411,14.41,0
T1050,2025-02-03 06:02:00,C00111,M0449,41.44,0
T4695,2025-02-03 06:13:00,C00981,M0063,205.56,0
T6596,2025-02-03 06:14:00,C01354,M0440,9.31,0
T4329,2025-02-03 06:17:00,C01296,M0334,89.77,0
T1774,2025-02-03 06:28:00,C00488,M0336,71.67,0
T6565,2025-02-03 06:34:00,C01151,M0337,21.65,0
T836,2025-02-03 06:35:00,C00589,M0065,68.87,0
T6233,2025-02-03 06:42:00,C01712,M0402,10.28,0
T1239,2025-02-03 06:44:00,C00723,M0455,13.2,0
T681,2025-02-03 06:46:00,C01494,M0029,20.67,0
T9200,2025-02-03 06:48:00,C00259,M0062,63.29,0
T9519,2025-02-03 06:48:00,C01654,M0002,8.7,0
T5114,2025-02-03 06:49:00,C00753,M0143,11.9,0
T7984,2025-02-03 06:54:00,C01940,M0338,64.3,0
T4369,2025-02-03 06:57:00,C01578,M0141,28.38,0
T2685,2025-02-03 07:05:00,C01303,M0202,21.7,0
T5236,2025-02-03 07:07:00,C00413,M0399,17.99,0
T8677,2025-02-03 07:12:00,C01430,M0413,79.17,0
T8996,2025-02-03 07:25:00,C00084,M0460,14.99,0
T5996,2025-02-03 07:35:00,C01536,M0309,14.98,0
T9810,2025-02-03 07:53:00,C01080,M0195,102.35,0
T7341,2025-02-03 07:57:00,C00667,M0018,16.68,0
T9545,2025-02-03 08:02:00,C01146,M0249,22.2,0
T4929,2025-02-03 08:03:00,C00560,M0265,64.2,0
T4393,2025-02-03 08:08:00,C01865,M0373,25.91,0
T8059,2025-02-03 08:37:00,C01698,M0136,38.69,0
T8723,2025-02-03 09:15:00,C01313,M0334,10.96,0
T8432,2025-02-03 09:53:00,C01176,M0329,54.74,0
T8261,2025-02-03 09:54:00,C01116,M0138,34.33,0
T6417,2025-02-03 10:08:00,C01909,M0107,17.86,0
T549,2025-02-03 10:16:00,C00731,M0172,83.52,0
T8645,2025-02-03 10:17:00,C00851,M0105,168.74,0
T90,2025-02-03 11:10:00,C01079,M0005,19.74,0
T2921,2025-02-03 11:20:00,C00676,M0419,25.84,0
T4656,2025-02-03 11:45:00,C01942,M0145,101.02,0
T2134,2025-02-03 11:51:00,C00321,M0032,16.98,0
T2209,2025-02-03 12:04:00,C00363,M0143,36.31,0
T7632,2025-02-03 12:30:00,C00116,M0098,38.5,0
T1422,2025-02-03 12:40:00,C00414,M0314,14.96,0
T1198,2025-02-03 12:45:00,C00752,M0170,25.34,0
T9612,2025-02-03 12:45:00,C01841,M0254,29.21,0
T5407,2025-02-03 12:47:00,C00831,M0192,15.31,0
T1620,2025-02-03 12:50:00,C00529,M0422,13.21,0
T5621,2025-02-03 12:51:00,C01446,M0461,4.89,0
T7359,2025-02-03 12:51:00,C01098,M0329,19.21,0
T1122,2025-02-03 13:02:00,C01122,M0301,5.45,0
T1901,2025-02-03 13:20:00,C01037,M0328,47.53,0
T2642,2025-02-03 13:30:00,C01164,M0450,29.45,0
T8551,2025-02-03 13:40:00,C01698,M0188,4.88,0
T6861,2025-02-03 13:53:00,C00993,M0124,9.07,0
T256,2025-02-03 13:54:00,C01302,M0398,19.33,0
T2348,2025-02-03 13:55:00,C00115,M0416,15.4,0
T9346,2025-02-03 13:56:00,C01535,M0437,6.99,0
T1798,2025-02-03 14:04:00,C00306,M0395,38.52,0
T8560,2025-02-03 14:07:00,C01948,M0061,6.9,0
T2020,2025-02-03 14:08:00,C00461,M0429,17.77,0
T9089,2025-02-03 14:20:00,C01368,M0192,9.88,0
T291,2025-02-03 14:44:00,C01881,M0398,141.13,0
T3128,2025-02-03 15:18:00,C00431,M0367,7.16,0
T4088,2025-02-03 15:22:00,C00425,M0137,14.9,0
T5387,2025-02-03 15:23:00,C00850,M0183,23.41,0
T858,2025-02-03 15:27:00,C00415,M0129,18.1,0
T2918,2025-02-03 15:34:00,C00208,M0418,71.0,0
T3329,2025-02-03 15:36:00,C01871,M0188,66.64,1
T9692,2025-02-03 15:38:00,C00244,M0377,37.4,0
T8542,2025-02-03 16:26:00,C01639,M0427,31.16,0
T9015,2025-02-03 16:26:00,C01350,M0191,77.61,0
T3388,2025-02-03 16:31:00,C01642,M0111,12.63,0
T3188,2025-02-03 16:35:00,C00738,M0175,98.22,0
T4234,2025-02-03 16:36:00,C01347,M0236,27.95,0
T6227,2025-02-03 16:37:00,C00212,M0135,29.49,0
T8528,2025-02-03 16:41:00,C01626,M0316,4.68,0
T7380,2025-02-03 17:02:00,C00455,M0338,9.16,0
T1376,2025-02-03 17:03:00,C01522,M0424,38.78,0
T49,2025-02-03 17:15:00,C00436,M0024,102.25,0
T2737,2025-02-03 17:23:00,C01415,M0491,7.5,0
T6723,2025-02-03 17:30:00,C01277,M0246,57.61,0
T2119,2025-02-03 18:04:00,C00962,M0211,8.57,0
T5046,2025-02-03 18:17:00,C00911,M0478,31.64,0
T9844,2025-02-03 18:24:00,C00597,M0398,19.76,0
T7453,2025-02-03 18:32:00,C01481,M0339,24.18,0
T6452,2025-02-03 18:39:00,C01876,M0340,27.66,0
T3296,2025-02-03 18:51:00,C00777,M0494,9.36,0
T5851,2025-02-03 19:04:00,C01807,M0066,53.8,0
T6125,2025-02-03 19:05:00,C01185,M0053,13.75,0
T9976,2025-02-03 19:11:00,C00398,M0169,23.94,0
T3458,2025-02-03 19:28:00,C00170,M0156,5.63,0
T2438,2025-02-03 19:29:00,C00828,M0090,26.37,0
T3486,2025-02-03 19:35:00,C00944,M0464,8.25,0
T2014,2025-02-03 19:53:00,C01972,M0212,9.3,0
T7438,2025-02-03 20:13:00,C00564,M0071,90.64,0
T373,2025-02-03 20:27:00,C00761,M0272,17.05,0
T1229,2025-02-03 20:36:00,C00723,M0297,16.05,0
T2413,2025-02-03 20:38:00,C01568,M0283,18.78,0
T3454,2025-02-03 20:46:00,C00503,M0474,34.42,0
T1135,2025-02-03 20:50:00,C01118,M0458,21.07,0
T7201,2025-02-03 20:53:00,C00826,M0266,35.28,0
T2699,2025-02-03 20:57:00,C00854,M0471,44.09,0
T2875,2025-02-03 21:01:00,C00033,M0321,4.86,0
T7276,2025-02-03 21:04:00,C00031,M0433,76.17,0
T5674,2025-02-03 21:05:00,C00760,M0335,5.21,0
T1690,2025-02-03 21:07:00,C01067,M0408,3.77,0
T5419,2025-02-03 21:23:00,C00067,M0241,24.75,0
T6303,2025-02-03 21:41:00,C01796,M0172,39.48,0
T8819,2025-02-03 21:45:00,C00813,M0276,6.57,0
T1532,2025-02-03 22:05:00,C00420,M0071,10.56,0
T4928,2025-02-03 22:07:00,C01520,M0291,6.56,1
T5736,2025-02-03 22:09:00,C01561,M0402,23.27,0
T6826,2025-02-03 22:27:00,C00869,M0203,9.02,0
T2517,2025-02-03 22:28:00,C00002,M0215,3.92,0
T1518,2025-02-03 22:34:00,C00552,M0152,38.6,0
T8680,2025-02-03 22:37:00,C00505,M0494,31.26,0
T7973,2025-02-03 22:53:00,C00284,M0195,26.34,0
T2190,2025-02-03 22:55:00,C01801,M0349,31.98,0
T5370,2025-02-03 22:59:00,C00358,M0491,24.44,0
T1611,2025-02-03 23:01:00,C00985,M0222,17.5,0
T2432,2025-02-03 23:08:00,C00805,M0099,21.87,0
T4767,2025-02-03 23:20:00,C01290,M0076,56.43,0
T5499,2025-02-03 23:24:00,C00230,M0048,9.24,0
T144,2025-02-03 23:25:00,C00040,M0144,20.31,1
T9743,2025-02-03 23:26:00,C00086,M0074,7.25,0
T8000,2025-02-03 23:28:00,C01532,M0493,38.49,0
T3337,2025-02-03 23:33:00,C01071,M0491,12.71,0
T5945,2025-02-03 23:40:00,C00727,M0184,9.58,0
T84,2025-02-04 00:24:00,C01052,M0418,30.39,0
T5584,2025-02-04 00:34:00,C01185,M0185,34.43,0
T5919,2025-02-04 00:42:00,C01356,M0413,10.97,0
T5183,2025-02-04 01:08:00,C01299,M0199,11.5,0
T6044,2025-02-04 01:16:00,C01606,M0334,17.62,0
T8075,2025-02-04 01:17:00,C00608,M0251,5.03,0
T9876,2025-02-04 01:27:00,C01095,M0235,8.35,0
T5521,2025-02-04 01:32:00,C00696,M0291,28.81,0
T5738,2025-02-04 01:36:00,C01598,M0357,6.36,0
T3629,2025-02-04 01:47:00,C01080,M0062,4.63,0
T140,2025-02-04 02:00:00,C01396,M0011,30.89,0
T7511,2025-02-04 02:23:00,C01545,M0242,6.55,0
T2058,2025-02-04 02:24:00,C01260,M0427,66.14,0
T8072,2025-02-04 02:31:00,C00465,M0143,40.72,0
T8519,2025-02-04 02:32:00,C01065,M0415,1.84,0
T6230,2025-02-04 02:32:00,C01127,M0220,46.43,0
T450,2025-02-04 02:35:00,C01591,M0061,132.2,0
T1522,2025-02-04 02:58:00,C00570,M0064,3.64,0
T4480,2025-02-04 03:05:00,C01543,M0071,22.72,0
T2401,2025-02-04 03:05:00,C01057,M0417,8.81,0
T1808,2025-02-04 03:13:00,C01797,M0232,26.91,0
T1697,2025-02-04 03:13:00,C01677,M0330,9.61,0
T6781,2025-02-04 03:16:00,C01064,M0361,42.19,0
T2746,2025-02-04 03:19:00,C00010,M0264,38.06,0
T4292,2025-02-04 03:30:00,C00624,M0427,24.64,0
T6393,2025-02-04 03:38:00,C00213,M0385,25.6,0
T5065,2025-02-04 04:23:00,C00833,M0404,134.79,0
T9132,2025-02-04 04:28:00,C00824,M0443,13.56,0
T2327,2025-02-04 04:30:00,C00486,M0361,15.07,0
T5280,2025-02-04 04:41:00,C00347,M0073,5.51,0
T7590,2025-02-04 04:52:00,C00283,M0225,10.52,0
T1660,2025-02-04 05:08:00,C00256,M0179,31.18,0
T6624,2025-02-04 05:34:00,C00638,M0297,26.57,0
T8855,2025-02-04 05:37:00,C00340,M0317,14.37,0
T4281,2025-02-04 05:38:00,C01290,M0159,22.76,0
T6954,2025-02-04 05:56:00,C00147,M0044,7.88,0
T3049,2025-02-04 06:14:00,C01718,M0331,3.15,0
T5379,2025-02-04 06:26:00,C01169,M0442,7.57,0
T7081,2025-02-04 06:35:00,C01996,M0367,9.0,0
T900,2025-02-04 06:56:00,C01522,M0218,28.43,0
T8476,2025-02-04 06:57:00,C01131,M0457,37.72,0
T290,2025-02-04 06:57:00,C01160,M0195,7.27,0
T8878,2025-02-04 07:10:00,C00243,M0042,11.71,0
T4213,2025-02-04 07:13:00,C01098,M0498,59.47,0
T9432,2025-02-04 07:15:00,C00753,M0174,100.86,0
T7821,2025-02-04 07:22:00,C00051,M0361,55.85,0
T652,2025-02-04 07:27:00,C01878,M0377,6.11,0
T2936,2025-02-04 07:36:00,C01676,M0354,14.54,0
T2811,2025-02-04 07:36:00,C00864,M0205,21.08,0
T5068,2025-02-04 07:40:00,C01237,M0086,49.17,0
T4950,2025-02-04 07:42:00,C01825,M0466,12.85,0
T3639,2025-02-04 07:49:00,C00303,M0215,8.51,0
T7468,2025-02-04 07:54:00,C01132,M0158,49.14,0
T2935,2025-02-04 07:57:00,C01400,M0298,30.01,0
T7720,2025-02-04 08:24:00,C01719,M0374,81.45,0
T7203,2025-02-04 08:36:00,C00925,M0040,5.56,0
T1302,2025-02-04 08:41:00,C00484,M0356,15.54,0
T4790,2025-02-04 09:00:00,C00911,M0165,8.94,0
T8547,2025-02-04 09:08:00,C01628,M0222,11.06,0
T8632,2025-02-04 09:10:00,C01263,M0217,97.5,0
T4454,2025-02-04 09:22:00,C00045,M0473,45.86,0
T6577,2025-02-04 09:49:00,C00556,M0468,95.03,0
T5724,2025-02-04 09:56:00,C00727,M0291,20.73,0
T7098,2025-02-04 10:10:00,C00309,M0323,6.95,0
T8811,2025-02-04 10:13:00,C01506,M0236,35.2,0
T6380,2025-02-04 10:29:00,C01748,M0209,7.36,0
T5700,2025-02-04 10:33:00,C00356,M0472,11.97,1
T7011,2025-02-04 10:37:00,C00167,M0202,12.87,0
T9998,2025-02-04 10:48:00,C00033,M0333,8.33,0
T6012,2025-02-04 11:10:00,C01018,M0388,12.43,0
T5860,2025-02-04 11:26:00,C00483,M0289,28.98,0
T4834,2025-02-04 11:29:00,C01871,M0242,36.14,0
T2463,2025-02-04 11:46:00,C01651,M0126,27.49,0
T2984,2025-02-04 11:58:00,C01861,M0122,60.65,0
T4373,2025-02-04 12:03:00,C01165,M0460,34.88,0
T1073,2025-02-04 12:08:00,C00257,M0065,48.49,0
T343,2025-02-04 12:09:00,C00627,M0410,16.99,0
T7611,2025-02-04 12:12:00,C01276,M0205,64.15,1
T6396,2025-02-04 12:19:00,C01798,M0093,12.31,0
T7043,2025-02-04 12:23:00,C01438,M0236,51.28,0
T1519,2025-02-04 12:28:00,C00180,M0102,46.47,0
T2317,2025-02-04 12:43:00,C01280,M0213,22.06,0
T360,2025-02-04 12:46:00,C00498,M0142,21.41,0
T2628,2025-02-04 12:53:00,C01295,M0314,10.52,0
T6360,2025-02-04 12:57:00,C00552,M0113,19.32,0
T9807,2025-02-04 13:12:00,C01937,M0121,11.15,0
T7435,2025-02-04 13:16:00,C00789,M0322,21.43,0
T6416,2025-02-04 13:28:00,C01136,M0492,11.51,0
T9556,2025-02-04 13:37:00,C00722,M0051,15.4,0
T1718,2025-02-04 13:46:00,C00655,M0122,22.59,0
T4345,2025-02-04 14:10:00,C01784,M0204,45.64,0
T2562,2025-02-04 14:11:00,C00319,M0377,23.49,0
T206,2025-02-04 14:11:00,C01436,M0313,42.49,0
T2964,2025-02-04 14:12:00,C00359,M0337,40.44,0
T3806,2025-02-04 14:12:00,C00558,M0137,2.76,0
T2532,2025-02-04 14:15:00,C01273,M0384,9.25,0
T9709,2025-02-04 14:19:00,C00281,M0206,28.19,0
T4181,2025-02-04 14:31:00,C00908,M0403,29.77,0
T9051,2025-02-04 14:32:00,C01330,M0458,26.13,0
T7634,2025-02-04 14:33:00,C00055,M0402,49.84,0
T1098,2025-02-04 14:40:00,C00317,M0219,96.1,0
T2235,2025-02-04 14:41:00,C01227,M0367,6.88,0
T3358,2025-02-04 14:47:00,C00846,M0050,25.14,0
T4787,2025-02-04 14:50:00,C00289,M0016,76.08,0
T7755,2025-02-04 14:53:00,C00433,M0226,54.26,0
T5185,2025-02-04 15:17:00,C01748,M0434,38.74,0
T2978,2025-02-04 15:19:00,C01947,M0403,2.08,0
T9221,2025-02-04 15:22:00,C00526,M0146,5.26,0
T714,2025-02-04 16:02:00,C01334,M0373,17.12,0
T1680,2025-02-04 16:10:00,C00206,M0484,51.41,0
T9328,2025-02-04 16:12:00,C00968,M0444,3.79,0
T9909,2025-02-04 16:30:00,C00465,M0413,39.37,0
T8439,2025-02-04 16:41:00,C00130,M0184,18.61,0
T3858,2025-02-04 16:56:00,C00843,M0233,9.49,0
T7445,2025-02-04 17:10:00,C00765,M0074,24.64,0
T4737,2025-02-04 17:16:00,C00871,M0212,24.78,0
T7448,2025-02-04 17:19:00,C00510,M0116,33.62,0
T5719,2025-02-04 17:33:00,C01512,M0201,18.74,0
T124,2025-02-04 17:35:00,C01971,M0391,32.18,0
T9855,2025-02-04 17:36:00,C00998,M0383,22.07,0
T6664,2025-02-04 17:37:00,C01319,M0143,11.05,0
T2635,2025-02-04 17:46:00,C01669,M0425,13.43,0
T5030,2025-02-04 18:02:00,C00707,M0274,64.89,0
T9921,2025-02-04 18:04:00,C01886,M0302,60.24,0
T2623,2025-02-04 18:17:00,C00600,M0256,74.09,0
T1703,2025-02-04 18:29:00,C00855,M0183,30.68,0
T7096,2025-02-04 18:31:00,C00411,M0378,9.03,0
T1393,2025-02-04 18:32:00,C01092,M0037,69.76,0
T3721,2025-02-04 18:41:00,C01324,M0098,33.19,0
T2929,2025-02-04 18:45:00,C01455,M0089,20.73,0
T3237,2025-02-04 18:58:00,C01199,M0287,4.22,0
T2873,2025-02-04 19:00:00,C00355,M0145,9.24,0
T1480,2025-02-04 19:06:00,C00528,M0490,33.01,0
T267,2025-02-04 19:08:00,C00018,M0150,3.46,0
T1856,2025-02-04 19:08:00,C01780,M0059,22.78,0
T5136,2025-02-04 19:13:00,C00452,M0112,83.14,0
T1998,2025-02-04 19:15:00,C00327,M0250,53.39,0
T3611,2025-02-04 19:24:00,C01567,M0133,17.04,0
T1910,2025-02-04 19:38:00,C01494,M0333,4.65,0
T2946,2025-02-04 19:39:00,C01004,M0398,26.5,0
T8234,2025-02-04 20:22:00,C00875,M0176,14.1,1
T1563,2025-02-04 20:32:00,C01095,M0176,35.8,0
T2207,2025-02-04 20:40:00,C01636,M0419,24.68,0
T5975,2025-02-04 20:50:00,C00767,M0215,3.28,0
T8179,2025-02-04 21:02:00,C00757,M0184,86.41,0
T5110,2025-02-04 21:05:00,C01940,M0385,160.86,0
T8650,2025-02-04 21:07:00,C00398,M0350,18.28,0
T7663,2025-02-04 21:07:00,C00277,M0440,54.67,0
T8772,2025-02-04 21:11:00,C01937,M0069,13.36,0
T8018,2025-02-04 21:28:00,C01660,M0313,36.38,0
T4942,2025-02-04 21:28:00,C01171,M0315,7.43,0
T7101,2025-02-04 21:31:00,C01811,M0193,41.25,0
T8599,2025-02-04 21:35:00,C01860,M0338,14.72,0
T5204,2025-02-04 21:38:00,C00427,M0073,62.32,0
T7705,2025-02-04 22:01:00,C01017,M0316,376.58,0
T2549,2025-02-04 22:08:00,C01981,M0344,18.42,0
T2884,2025-02-04 22:10:00,C01191,M0068,35.7,0
T361,2025-02-04 22:20:00,C01464,M0033,11.58,0
T8444,2025-02-04 22:31:00,C01286,M0390,27.01,0
T2244,2025-02-04 22:51:00,C01017,M0459,35.63,0
T319,2025-02-04 22:56:00,C00491,M0426,48.79,0
T7282,2025-02-04 23:01:00,C01215,M0035,24.7,0
T558,2025-02-04 23:03:00,C00134,M0285,28.69,0
T4507,2025-02-04 23:17:00,C01125,M0355,11.46,0
T8305,2025-02-04 23:34:00,C00454,M0013,23.12,0
T5810,2025-02-04 23:43:00,C00338,M0285,27.77,0
T7486,2025-02-04 23:47:00,C01320,M0042,24.31,0
T7876,2025-02-04 23:50:00,C01096,M0149,2.27,0
T2416,2025-02-05 00:08:00,C01012,M0013,6.71,0
T9104,2025-02-05 00:11:00,C00845,M0441,4.68,0
T806,2025-02-05 00:28:00,C00481,M0101,68.16,0
T5665,2025-02-05 00:35:00,C01530,M0385,38.52,0
T3967,2025-02-05 00:45:00,C01084,M0301,12.11,0
T833,2025-02-05 00:48:00,C00922,M0326,17.93,0
T1180,2025-02-05 01:00:00,C01440,M0020,25.12,0
T7856,2025-02-05 01:08:00,C01610,M0412,6.61,0
T8320,2025-02-05 01:17:00,C01689,M0084,103.91,0
T4142,2025-02-05 01:29:00,C00724,M0140,15.25,0
T6175,2025-02-05 01:32:00,C01393,M0193,40.2,0
T8480,2025-02-05 01:33:00,C01071,M0139,109.81,0
T5831,2025-02-05 01:34:00,C00863,M0391,4.45,0
T2965,2025-02-05 01:40:00,C00622,M0362,41.44,0
T7550,2025-02-05 01:48:00,C01365,M0132,28.17,0
T4116,2025-02-05 01:56:00,C01814,M0370,10.66,0
T513,2025-02-05 01:57:00,C01973,M0078,6.49,0
T5519,2025-02-05 01:59:00,C01573,M0216,10.21,0
T8231,2025-02-05 02:19:00,C01199,M0273,41.27,0
T7890,2025-02-05 02:48:00,C01240,M0097,130.74,0
T3822,2025-02-05 02:54:00,C00982,M0149,24.42,0
T9298,2025-02-05 02:55:00,C01414,M0073,13.57,0
T7127,2025-02-05 02:57:00,C01078,M0052,6.1,0
T3137,2025-02-05 03:03:00,C01141,M0090,78.26,0
T5166,2025-02-05 03:19:00,C01614,M0494,22.42,0
T2646,2025-02-05 03:21:00,C01925,M0037,9.47,0
T688,2025-02-05 03:32:00,C00438,M0270,57.15,0
T6444,2025-02-05 03:37:00,C01553,M0084,20.8,0
T8924,2025-02-05 03:37:00,C01428,M0265,17.75,0
T9154,2025-02-05 03:41:00,C00585,M0247,5.38,0
T4516,2025-02-05 03:46:00,C00473,M0210,18.77,0
T123,2025-02-05 03:56:00,C01224,M0284,2.43,0
T7572,2025-02-05 03:59:00,C01110,M0343,29.83,0
T7170,2025-02-05 04:14:00,C00628,M0112,26.67,0
T2682,2025-02-05 04:29:00,C00829,M0186,6.59,0
T1815,2025-02-05 04:37:00,C01148,M0409,18.04,0
T5243,2025-02-05 05:05:00,C01379,M0322,3.5,0
T7509,2025-02-05 05:11:00,C01358,M0265,97.27,1
T7810,2025-02-05 05:13:00,C01234,M0106,5.31,0
T7898,2025-02-05 05:15:00,C01949,M0220,19.07,0
T6759,2025-02-05 05:17:00,C01035,M0120,11.85,0
T3956,2025-02-05 05:19:00,C00375,M0028,135.39,0
T8326,2025-02-05 05:21:00,C00529,M0084,12.34,0
T7275,2025-02-05 05:26:00,C00333,M0096,6.64,0
T2732,2025-02-05 05:29:00,C00491,M0464,62.06,0
T5524,2025-02-05 05:33:00,C01264,M0106,13.76,0
T7519,2025-02-05 05:55:00,C00630,M0334,1.95,0
T9189,2025-02-05 06:02:00,C00367,M0229,27.56,0
T5228,2025-02-05 06:12:00,C01323,M0226,17.42,0
T4841,2025-02-05 06:39:00,C00275,M0318,7.1,0
T4775,2025-02-05 06:58:00,C00020,M0257,20.64,0
T8401,2025-02-05 07:10:00,C00398,M0198,50.87,0
T187,2025-02-05 07:39:00,C01154,M0261,35.83,0
T1707,2025-02-05 07:41:00,C01590,M0074,7.9,0
T3342,2025-02-05 07:56:00,C01485,M0295,41.9,0
T9551,2025-02-05 08:13:00,C00454,M0142,38.7,0
T7099,2025-02-05 08:21:00,C00948,M0328,33.59,0
T9618,2025-02-05 08:23:00,C01467,M0090,2.18,0
T9815,2025-02-05 08:26:00,C01910,M0478,5.41,0
T6150,2025-02-05 08:26:00,C00761,M0302,23.04,0
T4114,2025-02-05 08:51:00,C01585,M0068,17.24,0
T9832,2025-02-05 08:54:00,C01936,M0293,48.28,0
T2880,2025-02-05 08:59:00,C00874,M0393,32.69,0
T4323,2025-02-05 09:00:00,C01443,M0157,6.66,0
T1441,2025-02-05 09:08:00,C00569,M0076,44.09,0
T3041,2025-02-05 09:12:00,C00429,M0057,15.76,0
T3462,2025-02-05 09:21:00,C01152,M0381,5.17,0
T5828,2025-02-05 09:31:00,C00800,M0407,16.15,1
T7548,2025-02-05 09:35:00,C01599,M0420,36.33,0
T1596,2025-02-05 09:35:00,C01699,M0211,33.28,0
T2368,2025-02-05 09:39:00,C00869,M0231,18.43,0
T8815,2025-02-05 09:46:00,C00148,M0085,37.14,0
T654,2025-02-05 09:50:00,C00234,M0342,46.77,0
T344,2025-02-05 09:53:00,C00591,M0493,7.11,0
T3880,2025-02-05 10:01:00,C00313,M0361,15.39,0
T171,2025-02-05 10:05:00,C00621,M0275,19.02,0
T9785,2025-02-05 10:12:00,C01759,M0389,47.06,0
T7084,2025-02-05 10:12:00,C01536,M0468,28.27,0
T7229,2025-02-05 10:24:00,C01314,M0041,32.47,0
T1654,2025-02-05 10:27:00,C01074,M0370,16.05,0
T6827,2025-02-05 10:28:00,C01473,M0069,27.9,0
T5412,2025-02-05 10:33:00,C01101,M0440,34.27,0
T8287,2025-02-05 10:40:00,C00212,M0291,70.61,0
T1715,2025-02-05 10:47:00,C00418,M0143,6.01,0
T3311,2025-02-05 11:38:00,C01945,M0467,20.99,0
T2205,2025-02-05 11:52:00,C00874,M0419,21.21,0
T7429,2025-02-05 12:14:00,C01729,M0094,14.27,0
T5956,2025-02-05 12:17:00,C01113,M0350,7.85,0
T4813,2025-02-05 12:28:00,C00805,M0117,58.68,0
T3353,2025-02-05 12:31:00,C01278,M0499,51.56,0
T8230,2025-02-05 12:33:00,C01979,M0172,12.17,0
T3531,2025-02-05 12:48:00,C01702,M0130,11.46,0
T1383,2025-02-05 13:04:00,C01548,M0387,4.74,0
T1676,2025-02-05 13:15:00,C01790,M0149,11.31,0
T2265,2025-02-05 13:16:00,C00724,M0214,4.38,0
T82,2025-02-05 13:34:00,C00721,M0014,46.89,0
T1233,2025-02-05 13:46:00,C01700,M0250,24.93,0
T9626,2025-02-05 14:08:00,C01135,M0453,6.76,0
T4908,2025-02-05 14:17:00,C00275,M0118,22.41,0
T8917,2025-02-05 14:19:00,C00644,M0497,31.08,0
T6499,2025-02-05 14:32:00,C01751,M0408,6.02,0
T6757,2025-02-05 14:47:00,C01817,M0157,21.64,0
T424,2025-02-05 14:53:00,C01167,M0344,12.7,0
T9231,2025-02-05 15:10:00,C00346,M0401,7.66,0
T3785,2025-02-05 15:13:00,C01100,M0084,12.87,0
T5770,2025-02-05 15:22:00,C01012,M0038,28.8,0
T988,2025-02-05 15:56:00,C01359,M0380,19.52,0
T7536,2025-02-05 16:00:00,C01648,M0344,47.47,0
T3593,2025-02-05 16:14:00,C01670,M0330,4.06,0
T6460,2025-02-05 16:15:00,C01667,M0002,3.74,0
T2325,2025-02-05 16:39:00,C01236,M0007,2.65,0
T244,2025-02-05 16:47:00,C01032,M0005,8.19,0
T5909,2025-02-05 16:53:00,C01281,M0060,7.98,0
T6092,2025-02-05 16:55:00,C01851,M0090,30.98,0
T6748,2025-02-05 17:08:00,C00197,M0095,38.03,0
T8597,2025-02-05 17:08:00,C00197,M0146,25.44,0
T2323,2025-02-05 17:11:00,C01936,M0155,13.33,0
T5960,2025-02-05 17:28:00,C00723,M0221,12.68,0
T1297,2025-02-05 17:54:00,C00398,M0330,11.02,0
T6731,2025-02-05 18:02:00,C00150,M0441,132.68,0
T4978,2025-02-05 18:13:00,C00823,M0462,29.3,0
T2079,2025-02-05 18:21:00,C00097,M0384,4.39,0
T5400,2025-02-05 18:22:00,C01957,M0344,6.97,0
T8332,2025-02-05 18:27:00,C01439,M0400,56.41,0
T8535,2025-02-05 18:34:00,C00102,M0125,130.43,0
T9472,2025-02-05 18:49:00,C00314,M0396,4.42,0
T4623,2025-02-05 18:59:00,C01931,M0357,24.29,0
T6481,2025-02-05 19:27:00,C00157,M0414,47.56,0
T6865,2025-02-05 19:27:00,C00103,M0142,1.27,0
T1343,2025-02-05 19:31:00,C01327,M0361,6.85,0
T2739,2025-02-05 19:38:00,C00172,M0178,11.68,0
T7956,2025-02-05 19:46:00,C00419,M0196,66.07,0
T7137,2025-02-05 19:48:00,C01951,M0061,40.01,0
T2453,2025-02-05 20:12:00,C01126,M0371,11.94,0
T9816,2025-02-05 20:16:00,C00375,M0010,8.05,0
T5099,2025-02-05 20:18:00,C01987,M0452,48.97,0
T5977,2025-02-05 20:28:00,C00100,M0056,11.13,0
T2955,2025-02-05 20:31:00,C01556,M0139,39.29,0
T7239,2025-02-05 20:38:00,C01299,M0183,15.02,0
T9029,2025-02-05 20:44:00,C00932,M0134,11.55,0
T3105,2025-02-05 20:49:00,C01065,M0087,31.56,0
T6576,2025-02-05 20:58:00,C00415,M0242,36.74,0
T6835,2025-02-05 21:00:00,C01985,M0263,24.95,0
T204,2025-02-05 21:03:00,C01831,M0371,4.77,0
T1214,2025-02-05 21:33:00,C00017,M0385,63.55,0
T6223,2025-02-05 21:42:00,C01620,M0329,19.52,0
T4077,2025-02-05 21:47:00,C01541,M0164,13.99,0
T2747,2025-02-05 21:47:00,C01822,M0475,40.79,0
T4359,2025-02-05 21:57:00,C00195,M0201,2.93,0
T9110,2025-02-05 22:00:00,C00967,M0080,36.38,0
T4434,2025-02-05 22:07:00,C01598,M0261,18.49,0
T7265,2025-02-05 22:22:00,C01343,M0037,40.96,0
T789,2025-02-05 22:25:00,C01884,M0023,53.57,0
T1510,2025-02-05 22:36:00,C01609,M0259,139.64,0
T4371,2025-02-05 22:36:00,C01955,M0321,23.63,0
T4355,2025-02-05 22:39:00,C00643,M0323,83.27,0
T6214,2025-02-05 23:16:00,C00448,M0125,14.62,0
T9267,2025-02-05 23:25:00,C01942,M0146,92.23,0
T3571,2025-02-05 23:33:00,C00702,M0488,51.8,0
T4333,2025-02-05 23:51:00,C00300,M0284,29.23,0
T1311,2025-02-06 00:20:00,C01809,M0023,93.53,0
T2932,2025-02-06 00:35:00,C01742,M0170,69.17,0
T4462,2025-02-06 00:37:00,C01662,M0189,11.87,0
T6408,2025-02-06 00:40:00,C00388,M0314,6.88,0
T9120,2025-02-06 00:43:00,C00515,M0410,7.32,0
T326,2025-02-06 00:45:00,C01611,M0119,8.93,0
T1845,2025-02-06 00:46:00,C00025,M0132,5.23,0
T4035,2025-02-06 01:13:00,C01959,M0174,22.99,0
T3343,2025-02-06 01:19:00,C01027,M0088,9.34,0
T1203,2025-02-06 01:20:00,C00716,M0123,2.14,0
T1945,2025-02-06 01:24:00,C01873,M0056,9.5,0
T4254,2025-02-06 01:25:00,C00899,M0281,13.68,0
T4716,2025-02-06 01:34:00,C01279,M0389,322.9,0
T527,2025-02-06 01:34:00,C01490,M0292,50.68,0
T8151,2025-02-06 01:52:00,C00049,M0157,2.3,0
T3603,2025-02-06 01:55:00,C01669,M0428,6.79,0
T7072,2025-02-06 02:02:00,C00756,M0100,3.12,0
T3325,2025-02-06 02:11:00,C00272,M0051,11.24,0
T9338,2025-02-06 02:17:00,C01734,M0091,21.69,0
T394,2025-02-06 02:30:00,C01542,M0497,15.27,0
T8494,2025-02-06 02:30:00,C00989,M0458,34.52,0
T447,2025-02-06 02:31:00,C01425,M0333,3.35,0
T5281,2025-02-06 02:43:00,C01263,M0095,25.65,0
T8322,2025-02-06 03:01:00,C00518,M0238,11.03,0
T6516,2025-02-06 03:37:00,C00956,M0066,4.48,0
T8090,2025-02-06 03:46:00,C00566,M0345,6.49,0
T196,2025-02-06 04:03:00,C00541,M0460,69.83,0
T6178,2025-02-06 04:11:00,C01970,M0375,10.28,0
T1646,2025-02-06 04:18:00,C00607,M0213,18.01,0
T4573,2025-02-06 04:33:00,C00697,M0101,7.68,0
T6292,2025-02-06 04:36:00,C00202,M0003,43.33,0
T7942,2025-02-06 04:47:00,C00031,M0231,6.9,0
T2187,2025-02-06 04:50:00,C00976,M0065,103.28,0
T9768,2025-02-06 04:54:00,C00094,M0485,9.93,0
T9597,2025-02-06 04:57:00,C01049,M0214,33.22,0
T2926,2025-02-06 05:02:00,C00663,M0058,21.58,0
T2817,2025-02-06 05:02:00,C00050,M0364,22.5,0
T5812,2025-02-06 05:11:00,C00822,M0065,28.15,0
T3784,2025-02-06 05:20:00,C01706,M0140,3.71,0
T2366,2025-02-06 05:21:00,C01296,M0379,64.15,0
T8911,2025-02-06 05:46:00,C01179,M0386,11.62,0
T2221,2025-02-06 05:48:00,C00043,M0438,4.68,0
T4474,2025-02-06 05:58:00,C00381,M0328,10.39,0
T9469,2025-02-06 06:04:00,C00023,M0277,93.88,0
T594,2025-02-06 06:24:00,C01169,M0163,71.98,0
T7551,2025-02-06 06:24:00,C01010,M0206,53.68,0
T5161,2025-02-06 06:27:00,C00740,M0136,24.97,0
T1828,2025-02-06 06:33:00,C00380,M0181,30.72,0
T9974,2025-02-06 06:34:00,C00398,M0174,14.16,0
T8981,2025-02-06 06:43:00,C01583,M0015,7.21,0
T5753,2025-02-06 06:48:00,C01051,M0357,8.4,0
T2036,2025-02-06 06:49:00,C00770,M0373,12.64,0
T101,2025-02-06 06:51:00,C00236,M0423,10.58,0
T106,2025-02-06 06:56:00,C01161,M0384,22.07,0
T4870,2025-02-06 07:05:00,C00994,M0145,16.55,0
T1687,2025-02-06 07:09:00,C00792,M0375,38.25,0
T2178,2025-02-06 07:30:00,C01488,M0052,39.11,0
T9140,2025-02-06 07:40:00,C00800,M0145,28.03,0
T1599,2025-02-06 07:47:00,C01018,M0221,5.17,0
T6805,2025-02-06 07:51:00,C01959,M0276,71.82,0
T1704,2025-02-06 08:06:00,C01200,M0447,27.27,0
T3384,2025-02-06 08:07:00,C01419,M0011,28.18,0
T1042,2025-02-06 08:09:00,C00065,M0395,233.89,0
T750,2025-02-06 08:09:00,C00669,M0327,93.19,0
T6137,2025-02-06 08:15:00,C01433,M0320,11.19,0
T9068,2025-02-06 08:15:00,C00512,M0384,19.68,0
T6570,2025-02-06 08:24:00,C00852,M0207,12.91,0
T5286,2025-02-06 08:27:00,C01360,M0154,11.1,0
T5887,2025-02-06 08:29:00,C01573,M0258,22.05,0
T1350,2025-02-06 08:55:00,C01738,M0140,14.03,0
T3529,2025-02-06 09:09:00,C01672,M0286,37.44,0
T8108,2025-02-06 09:09:00,C00958,M0116,13.46,0
T1371,2025-02-06 09:13:00,C01679,M0329,8.4,0
T3153,2025-02-06 09:15:00,C00046,M0201,112.28,0
T6765,2025-02-06 09:29:00,C01821,M0401,87.83,0
T5825,2025-02-06 09:33:00,C00026,M0392,24.47,0
T3627,2025-02-06 09:48:00,C00998,M0108,14.03,0
T6595,2025-02-06 09:48:00,C01258,M0040,41.19,0
T4640,2025-02-06 10:06:00,C00248,M0454,44.67,0
T1132,2025-02-06 10:47:00,C00018,M0409,10.66,0
T4826,2025-02-06 10:55:00,C00199,M0402,6.52,0
T4831,2025-02-06 11:09:00,C00306,M0049,7.89,0
T615,2025-02-06 11:28:00,C01556,M0233,34.17,0
T5358,2025-02-06 11:50:00,C01046,M0143,17.09,0
T9312,2025-02-06 11:51:00,C00836,M0495,25.36,0
T1751,2025-02-06 12:19:00,C01628,M0395,14.58,0
T1138,2025-02-06 12:43:00,C01616,M0419,8.05,0
T7076,2025-02-06 12:51:00,C01047,M0155,67.05,0
T9866,2025-02-06 13:15:00,C01571,M0328,13.59,0
T617,2025-02-06 13:18:00,C01186,M0391,18.77,0
T1678,2025-02-06 13:28:00,C01747,M0282,16.94,0
T4536,2025-02-06 13:36:00,C01977,M0074,30.67,1
T191,2025-02-06 13:42:00,C00162,M0116,10.63,0
T5548,2025-02-06 13:44:00,C00556,M0431,12.5,0
T9834,2025-02-06 13:52:00,C01811,M0288,19.34,0
T8994,2025-02-06 14:03:00,C00382,M0112,48.08,0
T4567,2025-02-06 14:11:00,C00463,M0218,22.76,0
T7177,2025-02-06 14:29:00,C00304,M0170,8.09,0
T5795,2025-02-06 14:39:00,C01226,M0384,26.22,0
T9491,2025-02-06 14:46:00,C01752,M0204,25.82,0
T5067,2025-02-06 14:52:00,C01031,M0447,17.32,0
T176,2025-02-06 14:53:00,C01443,M0256,30.15,0
T618,2025-02-06 14:56:00,C01001,M0456,9.85,0
T2793,2025-02-06 15:16:00,C00968,M0430,15.75,0
T8430,2025-02-06 15:32:00,C01506,M0483,9.91,0
T5684,2025-02-06 15:34:00,C00874,M0221,225.76,0
T3060,2025-02-06 15:40:00,C00580,M0342,14.17,0
T3059,2025-02-06 15:41:00,C00873,M0487,76.48,0
T800,2025-02-06 15:56:00,C00715,M0048,16.39,0
T6999,2025-02-06 15:57:00,C01324,M0311,24.19,0
T3986,2025-02-06 16:15:00,C01050,M0068,19.38,0
T1099,2025-02-06 16:53:00,C01136,M0229,30.35,0
T3612,2025-02-06 17:10:00,C01328,M0289,16.92,0
T3908,2025-02-06 17:14:00,C01295,M0077,32.23,0
T3356,2025-02-06 17:27:00,C01300,M0468,115.28,0
T3079,2025-02-06 17:33:00,C00553,M0123,20.86,0
T359,2025-02-06 18:01:00,C01590,M0400,29.9,0
T1603,2025-02-06 18:10:00,C01726,M0097,38.06,0
T6138,2025-02-06 18:29:00,C00567,M0468,27.77,0
T4450,2025-02-06 18:33:00,C00665,M0125,12.49,0
T8641,2025-02-06 18:40:00,C01557,M0072,59.04,0
T5559,2025-02-06 18:55:00,C00549,M0063,146.35,0
T6326,2025-02-06 19:02:00,C01668,M0290,10.01,0
T118,2025-02-06 19:12:00,C01744,M0144,16.9,0
T59,2025-02-06 19:15:00,C00143,M0386,60.29,0
T5137,2025-02-06 19:19:00,C00755,M0291,2.71,0
T1255,2025-02-06 19:22:00,C00546,M0296,21.8,0
T367,2025-02-06 19:26:00,C00540,M0365,11.06,0
T9995,2025-02-06 19:30:00,C00763,M0479,45.83,0
T8109,2025-02-06 19:34:00,C01716,M0363,20.15,0
T8587,2025-02-06 19:35:00,C01473,M0323,38.79,0
T8198,2025-02-06 19:39:00,C00654,M0321,4.69,0
T9736,2025-02-06 19:44:00,C00522,M0481,64.68,0
T6751,2025-02-06 19:46:00,C01707,M0462,15.33,0
T4614,2025-02-06 19:47:00,C01053,M0106,183.35,0
T1040,2025-02-06 19:48:00,C00835,M0194,20.63,0
T7664,2025-02-06 19:48:00,C01343,M0299,7.3,0
T5796,2025-02-06 20:11:00,C01519,M0349,59.09,0
T4141,2025-02-06 20:13:00,C01357,M0103,31.18,0
T2576,2025-02-06 20:32:00,C00845,M0110,30.03,0
T8483,2025-02-06 20:40:00,C00726,M0027,14.8,0
T3416,2025-02-06 21:17:00,C01617,M0356,52.74,0
T7078,2025-02-06 21:44:00,C00785,M0061,29.97,0
T3204,2025-02-06 22:01:00,C01314,M0333,30.11,0
T9776,2025-02-06 22:11:00,C00274,M0180,31.79,0
T1059,2025-02-06 22:13:00,C01816,M0144,32.6,0
T9185,2025-02-06 22:15:00,C00968,M0082,12.87,0
T5144,2025-02-06 22:58:00,C00983,M0390,10.24,0
T407,2025-02-06 23:02:00,C00443,M0205,58.83,0
T9962,2025-02-06 23:31:00,C01570,M0309,73.76,0
T9451,2025-02-06 23:40:00,C00062,M0189,8.94,0
T1606,2025-02-06 23:48:00,C00437,M0296,105.52,0
T1253,2025-02-06 23:56:00,C00774,M0111,6.29,0
T1260,2025-02-07 00:22:00,C00536,M0458,4.53,0
T6965,2025-02-07 00:29:00,C00837,M0400,143.28,0
T5295,2025-02-07 00:31:00,C01046,M0246,14.33,0
T3951,2025-02-07 00:32:00,C01309,M0097,17.87,0
T2910,2025-02-07 00:50:00,C01525,M0229,23.86,0
T695,2025-02-07 00:50:00,C01742,M0436,16.59,0
T8103,2025-02-07 00:51:00,C00595,M0356,11.12,0
T1610,2025-02-07 00:51:00,C00380,M0323,88.69,0
T254,2025-02-07 01:11:00,C01886,M0299,8.84,0
T2311,2025-02-07 01:12:00,C00888,M0000,6.2,0
T2114,2025-02-07 01:23:00,C00948,M0305,29.33,0
T6479,2025-02-07 01:24:00,C01529,M0190,13.3,0
T5461,2025-02-07 01:30:00,C00608,M0318,36.33,0
T3480,2025-02-07 01:44:00,C00955,M0420,9.2,0
T1175,2025-02-07 01:54:00,C01116,M0310,22.62,0
T3327,2025-02-07 02:10:00,C01955,M0294,69.3,0
T8636,2025-02-07 02:12:00,C01975,M0279,92.17,0
T8458,2025-02-07 02:13:00,C00587,M0410,17.97,0
T745,2025-02-07 02:13:00,C01628,M0033,142.53,0
T2288,2025-02-07 02:20:00,C01195,M0122,123.36,0
T890,2025-02-07 02:41:00,C00922,M0482,25.34,0
T4461,2025-02-07 02:42:00,C00455,M0238,16.82,0
T9518,2025-02-07 02:50:00,C01252,M0456,124.49,1
T3866,2025-02-07 02:59:00,C00945,M0369,13.6,0
T7457,2025-02-07 03:03:00,C01021,M0113,28.35,0
T8919,2025-02-07 03:12:00,C00393,M0320,61.28,0
T5804,2025-02-07 03:13:00,C01278,M0273,107.4,0
T7738,2025-02-07 03:42:00,C01643,M0188,56.04,0
T9301,2025-02-07 03:57:00,C00000,M0152,40.52,0
T3777,2025-02-07 04:01:00,C01457,M0488,87.95,0
T4571,2025-02-07 04:15:00,C00669,M0224,31.0,0
T1971,2025-02-07 04:31:00,C00722,M0042,12.98,0
T3615,2025-02-07 04:34:00,C00024,M0100,9.26,0
T3769,2025-02-07 04:54:00,C00011,M0416,19.02,0
T5004,2025-02-07 05:12:00,C00925,M0218,16.95,0
T1645,2025-02-07 05:45:00,C01787,M0276,5.76,0
T8833,2025-02-07 05:52:00,C00713,M0177,56.88,0
T6186,2025-02-07 05:54:00,C00012,M0023,62.84,0
T6207,2025-02-07 05:59:00,C00981,M0260,37.48,0
T9935,2025-02-07 06:24:00,C00391,M0223,9.28,0
T4849,2025-02-07 06:24:00,C01333,M0303,17.74,0
T731,2025-02-07 06:42:00,C01883,M0027,162.45,0
T5450,2025-02-07 06:47:00,C01417,M0118,11.31,0
T7805,2025-02-07 06:53:00,C01081,M0368,6.43,0
T20,2025-02-07 07:07:00,C00832,M0042,26.11,0
T2292,2025-02-07 07:44:00,C00283,M0220,18.11,0
T4005,2025-02-07 07:47:00,C00524,M0135,22.72,0
T4801,2025-02-07 08:12:00,C01644,M0345,25.08,0
T5988,2025-02-07 08:15:00,C01310,M0472,37.28,0
T6569,2025-02-07 08:25:00,C01281,M0344,17.01,0
T2879,2025-02-07 08:38:00,C01718,M0312,6.67,0
T7733,2025-02-07 08:43:00,C00735,M0100,135.35,0
T9863,2025-02-07 08:51:00,C00183,M0493,8.78,0
T5094,2025-02-07 09:02:00,C01808,M0399,10.82,0
T9860,2025-02-07 09:16:00,C01945,M0177,97.23,1
T9730,2025-02-07 09:43:00,C00565,M0495,21.7,0
T5334,2025-02-07 09:45:00,C01451,M0115,31.23,0
T722,2025-02-07 09:51:00,C01486,M0232,41.04,0
T2907,2025-02-07 10:29:00,C00486,M0003,36.5,0
T6836,2025-02-07 10:30:00,C01241,M0393,21.44,0
T9260,2025-02-07 10:31:00,C00078,M0403,56.84,0
T8190,2025-02-07 10:35:00,C00273,M0339,13.04,0
T701,2025-02-07 10:52:00,C01717,M0437,8.34,0
T1515,2025-02-07 11:07:00,C00837,M0330,46.72,0
T7281,2025-02-07 11:57:00,C01266,M0026,2.27,0
T374,2025-02-07 12:21:00,C01698,M0313,54.25,0
T4823,2025-02-07 12:28:00,C00554,M0017,18.89,0
T1460,2025-02-07 12:28:00,C01515,M0132,4.18,0
T3498,2025-02-07 12:40:00,C01490,M0312,10.42,0
T292,2025-02-07 12:45:00,C00897,M0178,155.23,0
T1913,2025-02-07 13:01:00,C00308,M0171,27.28,0
T9782,2025-02-07 13:19:00,C00136,M0248,13.01,0
T2399,2025-02-07 13:33:00,C01960,M0149,27.48,0
T9021,2025-02-07 13:37:00,C01264,M0193,186.65,1
T530,2025-02-07 13:38:00,C00705,M0301,22.77,0
T3695,2025-02-07 13:50:00,C00029,M0489,31.11,0
T3516,2025-02-07 14:00:00,C01998,M0472,12.79,0
T4195,2025-02-07 14:02:00,C00284,M0051,8.44,0
T3573,2025-02-07 14:11:00,C00926,M0076,16.33,0
T7019,2025-02-07 14:24:00,C01135,M0427,23.5,0
T9619,2025-02-07 14:29:00,C01646,M0041,21.65,0
T8353,2025-02-07 14:34:00,C01311,M0059,10.0,0
T9933,2025-02-07 14:45:00,C00450,M0012,53.04,0
T3387,2025-02-07 15:09:00,C00262,M0231,2.13,0
T4982,2025-02-07 15:15:00,C00524,M0062,49.31,0
T4632,2025-02-07 15:19:00,C00311,M0159,53.52,0
T4865,2025-02-07 15:20:00,C00725,M0065,9.28,0
T7111,2025-02-07 15:25:00,C00175,M0264,13.62,0
T8739,2025-02-07 15:33:00,C00248,M0329,51.23,0
T4725,2025-02-07 15:39:00,C01390,M0481,26.55,0
T2573,2025-02-07 15:40:00,C00702,M0145,1.52,0
T7526,2025-02-07 15:45:00,C00924,M0248,4.6,0
T1342,2025-02-07 15:57:00,C01380,M0063,28.53,0
T9474,2025-02-07 15:58:00,C01952,M0281,77.74,0
T3459,2025-02-07 15:58:00,C01498,M0046,15.58,0
T315,2025-02-07 16:00:00,C01960,M0478,7.79,0
T3028,2025-02-07 16:05:00,C01161,M0198,26.44,0
T2087,2025-02-07 16:13:00,C00651,M0308,9.07,0
T3650,2025-02-07 16:14:00,C00943,M0439,4.84,0
T125,2025-02-07 16:28:00,C00257,M0225,8.27,0
T9631,2025-02-07 16:33:00,C01551,M0038,17.17,0
T9980,2025-02-07 16:50:00,C01488,M0045,52.27,0
T1523,2025-02-07 17:02:00,C00856,M0116,37.64,0
T2958,2025-02-07 17:06:00,C00123,M0365,17.73,0
T3155,2025-02-07 17:12:00,C00739,M0158,22.21,0
T4261,2025-02-07 17:16:00,C01893,M0284,29.84,0
T4133,2025-02-07 17:18:00,C01943,M0115,11.68,0
T4400,2025-02-07 17:19:00,C01458,M0068,41.75,0
T4076,2025-02-07 17:30:00,C01857,M0370,42.38,0
T3547,2025-02-07 17:36:00,C01789,M0010,19.6,0
T421,2025-02-07 17:40:00,C00982,M0199,16.09,0
T2492,2025-02-07 17:41:00,C01485,M0090,113.81,0
T4736,2025-02-07 17:53:00,C01212,M0381,72.09,0
T7280,2025-02-07 18:02:00,C01521,M0294,29.25,0
T5533,2025-02-07 18:23:00,C00465,M0482,16.65,0
T170,2025-02-07 18:24:00,C00046,M0404,63.08,0
T7261,2025-02-07 18:27:00,C00810,M0017,24.75,0
T2789,2025-02-07 18:40:00,C00495,M0414,14.41,0
T7855,2025-02-07 18:41:00,C00515,M0429,34.46,0
T8756,2025-02-07 18:52:00,C00443,M0005,21.58,0
T9014,2025-02-07 19:17:00,C00132,M0197,13.38,0
T5342,2025-02-07 19:40:00,C00008,M0419,6.36,0
T6130,2025-02-07 19:40:00,C00430,M0453,2.19,0
T7723,2025-02-07 19:49:00,C01967,M0233,5.2,0
T5571,2025-02-07 19:58:00,C00870,M0027,10.49,0
T7228,2025-02-07 20:32:00,C00374,M0014,4.77,0
T6787,2025-02-07 20:50:00,C00334,M0351,13.83,0
T9466,2025-02-07 21:04:00,C00108,M0364,6.92,0
T9092,2025-02-07 21:05:00,C00907,M0009,14.18,0
T857,2025-02-07 21:13:00,C01666,M0161,34.72,0
T4670,2025-02-07 21:27:00,C01563,M0401,344.97,0
T3509,2025-02-07 21:35:00,C00167,M0487,94.33,0
T1661,2025-02-07 22:15:00,C01228,M0420,10.46,0
T8685,2025-02-07 22:15:00,C01470,M0360,21.38,0
T1363,2025-02-07 22:20:00,C00648,M0357,41.81,0
T2093,2025-02-07 22:24:00,C01643,M0361,14.14,0
T6819,2025-02-07 22:33:00,C00526,M0016,35.86,0
T9149,2025-02-07 22:39:00,C00728,M0015,6.47,0
T8392,2025-02-07 22:46:00,C01892,M0273,6.93,0
T7609,2025-02-07 22:59:00,C00962,M0225,2.84,0
T6504,2025-02-07 23:15:00,C00179,M0300,34.5,0
T2006,2025-02-07 23:31:00,C00695,M0176,63.73,0
T563,2025-02-07 23:33:00,C01670,M0214,6.88,0
T8272,2025-02-07 23:43:00,C00069,M0137,17.23,0
T5041,2025-02-07 23:50:00,C00027,M0151,4.18,0
T8215,2025-02-07 23:52:00,C01046,M0147,15.21,0
T4774,2025-02-08 00:02:00,C00244,M0458,214.48,0
T5408,2025-02-08 00:25:00,C01520,M0103,24.57,0
T340,2025-02-08 00:28:00,C01041,M0386,5.79,0
T1314,2025-02-08 00:36:00,C01443,M0229,37.32,0
T1166,2025-02-08 00:51:00,C00340,M0383,37.98,0
T5195,2025-02-08 01:06:00,C00427,M0151,65.41,0
T6683,2025-02-08 01:17:00,C01759,M0434,77.96,0
T7200,2025-02-08 01:20:00,C00491,M0224,3.04,0
T2251,2025-02-08 01:43:00,C01791,M0210,5.22,0
T1426,2025-02-08 02:02:00,C00681,M0497,6.95,0
T4037,2025-02-08 02:05:00,C01954,M0440,7.2,0
T8449,2025-02-08 02:07:00,C00740,M0073,236.56,0
T6732,2025-02-08 02:17:00,C01073,M0365,10.85,0
T2949,2025-02-08 02:29:00,C00972,M0139,7.42,0
T7421,2025-02-08 02:40:00,C01677,M0378,10.18,0
T3,2025-02-08 02:46:00,C01031,M0300,12.74,0
T1281,2025-02-08 03:12:00,C00058,M0065,19.83,0
T977,2025-02-08 03:17:00,C00291,M0280,9.63,0
T4285,2025-02-08 03:35:00,C00133,M0126,14.55,0
T7872,2025-02-08 03:43:00,C00282,M0416,4.82,0
T9254,2025-02-08 03:51:00,C01941,M0446,19.3,0
T6103,2025-02-08 04:02:00,C00779,M0213,18.4,0
T6163,2025-02-08 04:10:00,C00192,M0386,5.3,0
T9508,2025-02-08 04:46:00,C00780,M0004,7.83,0
T158,2025-02-08 04:56:00,C01938,M0497,11.1,0
T4917,2025-02-08 05:01:00,C01147,M0371,42.87,0
T5242,2025-02-08 05:06:00,C00592,M0497,16.29,0
T1212,2025-02-08 05:09:00,C01570,M0119,16.47,0
T6876,2025-02-08 05:24:00,C00782,M0499,4.28,0
T508,2025-02-08 05:49:00,C01646,M0363,44.25,0
T2870,2025-02-08 05:57:00,C01492,M0161,39.96,0
T6729,2025-02-08 06:07:00,C00012,M0268,37.97,0
T2222,2025-02-08 06:19:00,C00508,M0355,8.4,0
T3474,2025-02-08 06:23:00,C01280,M0258,19.43,0
T1144,2025-02-08 06:26:00,C00862,M0460,14.41,0
T2156,2025-02-08 06:34:00,C00949,M0113,2.17,0
T756,2025-02-08 06:43:00,C00986,M0345,16.67,0
T580,2025-02-08 06:49:00,C01049,M0201,3.82,0
T2462,2025-02-08 07:07:00,C01192,M0436,14.5,0
T5012,2025-02-08 07:21:00,C00985,M0046,38.93,0
T1131,2025-02-08 07:28:00,C00180,M0062,41.31,0
T1045,2025-02-08 07:36:00,C01019,M0083,4.72,1
T1002,2025-02-08 07:40:00,C00770,M0362,12.8,0
T7331,2025-02-08 07:42:00,C00301,M0436,27.22,0
T9660,2025-02-08 07:44:00,C00992,M0301,23.97,0
T6120,2025-02-08 07:52:00,C01085,M0086,3.98,0
T1844,2025-02-08 08:04:00,C01478,M0092,48.69,0
T8220,2025-02-08 08:06:00,C01299,M0304,121.24,0
T3318,2025-02-08 08:20:00,C00845,M0088,30.83,0
T1768,2025-02-08 08:30:00,C00346,M0293,66.5,1
T3588,2025-02-08 08:43:00,C01976,M0303,15.26,0
T2189,2025-02-08 08:49:00,C00232,M0082,21.58,0
T2876,2025-02-08 09:07:00,C00263,M0434,22.0,0
T4092,2025-02-08 09:16:00,C01952,M0196,11.86,0
T8822,2025-02-08 09:23:00,C00773,M0479,4.33,0
T3068,2025-02-08 09:24:00,C01469,M0342,10.21,0
T643,2025-02-08 09:24:00,C01550,M0358,10.91,0
T2864,2025-02-08 09:36:00,C01967,M0018,19.96,0
T7967,2025-02-08 09:51:00,C00463,M0256,14.62,0
T4038,2025-02-08 09:52:00,C00279,M0125,5.76,0
T2309,2025-02-08 09:56:00,C00347,M0308,1.93,0
T1023,2025-02-08 09:58:00,C01138,M0270,14.35,0
T1286,2025-02-08 10:17:00,C01109,M0307,49.44,0
T3601,2025-02-08 10:30:00,C00605,M0285,10.58,0
T9604,2025-02-08 10:35:00,C00723,M0216,6.22,0
T5880,2025-02-08 10:51:00,C01075,M0119,4.69,0
T9397,2025-02-08 11:01:00,C00603,M0142,8.68,0
T3735,2025-02-08 11:08:00,C01488,M0197,4.78,0
T7017,2025-02-08 11:10:00,C01748,M0103,10.23,0
T737,2025-02-08 11:13:00,C00710,M0240,16.51,0
T3073,2025-02-08 11:18:00,C00833,M0076,22.73,0
T9916,2025-02-08 11:21:00,C00312,M0036,32.32,0
T1904,2025-02-08 11:29:00,C01487,M0052,13.06,0
T2400,2025-02-08 11:39:00,C01831,M0138,110.6,0
T6426,2025-02-08 11:41:00,C01552,M0005,6.64,0
T2805,2025-02-08 11:46:00,C01408,M0236,3.8,0
T5836,2025-02-08 11:52:00,C01374,M0372,18.81,0
T5154,2025-02-08 12:28:00,C00221,M0032,53.44,0
T9796,2025-02-08 12:39:00,C00407,M0000,34.08,0
T753,2025-02-08 12:39:00,C01234,M0203,8.26,0
T4361,2025-02-08 12:40:00,C01225,M0093,39.66,0
T6964,2025-02-08 13:01:00,C01785,M0081,12.28,0
T2530,2025-02-08 13:06:00,C01510,M0391,10.36,0
T5644,2025-02-08 13:12:00,C00565,M0297,9.24,0
T6350,2025-02-08 13:14:00,C00121,M0027,36.36,0
T2423,2025-02-08 13:33:00,C01446,M0293,6.55,0
T1438,2025-02-08 13:54:00,C00310,M0231,5.18,0
T8208,2025-02-08 13:56:00,C01540,M0075,55.42,0
T4085,2025-02-08 14:01:00,C01751,M0331,8.86,0
T6419,2025-02-08 14:05:00,C01059,M0041,29.19,0
T3262,2025-02-08 14:08:00,C00158,M0114,39.04,0
T8330,2025-02-08 14:08:00,C00775,M0462,3.26,0
T4648,2025-02-08 14:11:00,C00873,M0493,78.68,0
T71,2025-02-08 14:31:00,C00168,M0354,77.79,0
T363,2025-02-08 14:49:00,C00302,M0335,8.41,0
T4397,2025-02-08 14:52:00,C00402,M0080,16.97,0
T8968,2025-02-08 14:52:00,C01743,M0339,9.26,0
T1405,2025-02-08 14:59:00,C01836,M0308,46.8,0
T3541,2025-02-08 15:01:00,C01516,M0018,61.26,0
T4033,2025-02-08 15:13:00,C01449,M0406,14.91,0
T798,2025-02-08 15:25:00,C01493,M0436,2.26,0
T6850,2025-02-08 15:28:00,C01442,M0001,5.3,0
T9395,2025-02-08 15:34:00,C01847,M0441,58.74,0
T823,2025-02-08 15:38:00,C01272,M0227,18.36,0
T2783,2025-02-08 15:41:00,C00368,M0138,14.65,0
T3609,2025-02-08 15:48:00,C00481,M0047,9.02,0
T9072,2025-02-08 15:53:00,C00701,M0126,27.52,0
T2234,2025-02-08 15:57:00,C00285,M0406,8.21,0
T185,2025-02-08 16:00:00,C00982,M0123,39.76,0
T3287,2025-02-08 16:10:00,C01752,M0036,3.84,0
T8096,2025-02-08 16:18:00,C01987,M0485,32.52,0
T7270,2025-02-08 16:31:00,C01960,M0185,23.26,0
T7921,2025-02-08 16:38:00,C00399,M0245,15.49,0
T2678,2025-02-08 16:38:00,C00505,M0115,6.89,0
T9479,2025-02-08 16:48:00,C01750,M0432,19.09,0
T2436,2025-02-08 16:51:00,C01311,M0058,51.95,0
T5573,2025-02-08 16:54:00,C01795,M0290,9.42,0
T6450,2025-02-08 16:59:00,C00521,M0392,12.75,0
T3720,2025-02-08 17:05:00,C01361,M0359,10.65,0
T3648,2025-02-08 17:11:00,C00702,M0319,11.3,0
T2076,2025-02-08 17:14:00,C01036,M0433,1.9,0
T4925,2025-02-08 17:15:00,C01097,M0393,71.34,0
T1319,2025-02-08 17:21:00,C01447,M0220,22.12,0
T354,2025-02-08 17:26:00,C00710,M0286,10.04,0
T588,2025-02-08 17:31:00,C01228,M0256,13.04,0
T3254,2025-02-08 17:38:00,C00341,M0490,225.52,0
T5008,2025-02-08 17:58:00,C00439,M0392,45.01,0
T5754,2025-02-08 17:58:00,C00807,M0210,8.57,0
T4939,2025-02-08 18:05:00,C01336,M0089,66.63,0
T7591,2025-02-08 18:09:00,C01727,M0138,5.15,0
T132,2025-02-08 18:20:00,C01194,M0220,10.92,0
T8452,2025-02-08 18:23:00,C01707,M0165,5.43,0
T2044,2025-02-08 18:26:00,C01112,M0426,40.93,0
T6390,2025-02-08 18:30:00,C01650,M0217,14.7,0
T9458,2025-02-08 18:33:00,C00751,M0288,34.59,0
T3638,2025-02-08 18:35:00,C01875,M0261,41.86,0
T3766,2025-02-08 18:41:00,C00565,M0242,3.47,0
T7589,2025-02-08 18:56:00,C01190,M0408,49.88,0
T3556,2025-02-08 19:00:00,C00248,M0347,18.53,0
T4676,2025-02-08 19:03:00,C00316,M0401,18.8,0
T9342,2025-02-08 19:12:00,C01957,M0205,70.89,0
T5138,2025-02-08 19:18:00,C01192,M0222,72.72,0
T9033,2025-02-08 19:37:00,C01770,M0092,28.45,0
T5368,2025-02-08 19:53:00,C01145,M0461,48.75,0
T2846,2025-02-08 19:55:00,C01129,M0286,49.71,0
T2133,2025-02-08 20:02:00,C01334,M0102,34.59,0
T6821,2025-02-08 20:14:00,C00497,M0011,83.53,0
T9427,2025-02-08 20:34:00,C00208,M0081,110.98,0
T1215,2025-02-08 20:41:00,C01188,M0136,3.96,0
T6952,2025-02-08 20:43:00,C00005,M0050,2.8,0
T7954,2025-02-08 21:02:00,C00870,M0439,18.25,0
T9065,2025-02-08 21:09:00,C00561,M0029,8.61,0
T8489,2025-02-08 21:11:00,C01204,M0309,7.15,0
T7852,2025-02-08 21:37:00,C01604,M0225,14.69,0
T7752,2025-02-08 21:42:00,C01035,M0042,10.76,0
T7355,2025-02-08 21:50:00,C00331,M0016,8.62,0
T9954,2025-02-08 21:55:00,C00766,M0253,15.37,0
T129,2025-02-08 22:04:00,C00756,M0419,29.38,0
T3024,2025-02-08 22:04:00,C00960,M0251,6.8,0
T4297,2025-02-08 22:13:00,C01018,M0399,12.14,0
T7490,2025-02-08 22:18:00,C00921,M0267,62.38,0
T5487,2025-02-08 22:23:00,C01556,M0056,11.71,0
T3446,2025-02-08 22:31:00,C01093,M0469,5.72,0
T1989,2025-02-08 22:48:00,C00386,M0371,123.13,0
T9420,2025-02-08 22:55:00,C01616,M0304,66.57,0
T8014,2025-02-08 22:56:00,C01282,M0047,21.48,0
T3301,2025-02-08 23:15:00,C01151,M0390,6.06,0
T6844,2025-02-08 23:16:00,C00776,M0269,29.82,0
T6547,2025-02-08 23:17:00,C00659,M0289,50.39,0
T9128,2025-02-08 23:31:00,C00384,M0289,7.03,0
T1219,2025-02-08 23:33:00,C01369,M0145,5.8,0
T872,2025-02-08 23:38:00,C01094,M0102,8.72,0
T2185,2025-02-08 23:54:00,C01355,M0175,2.04,0
T9139,2025-02-09 00:16:00,C01247,M0365,36.35,0
T651,2025-02-09 00:18:00,C00537,M0063,3.07,0
T377,2025-02-09 00:19:00,C00466,M0008,22.32,0
T3976,2025-02-09 00:24:00,C00678,M0289,24.28,0
T6545,2025-02-09 00:47:00,C01007,M0219,3.29,0
T9693,2025-02-09 01:01:00,C00871,M0280,40.34,0
T4429,2025-02-09 01:13:00,C01721,M0475,26.5,0
T9009,2025-02-09 01:15:00,C01568,M0127,2.1,0
T6097,2025-02-09 01:20:00,C01549,M0110,29.79,0
T8130,2025-02-09 01:27:00,C01139,M0471,8.88,0
T208,2025-02-09 01:30:00,C01755,M0096,15.54,0
T1065,2025-02-09 01:44:00,C00729,M0176,32.05,0
T2142,2025-02-09 01:53:00,C01179,M0314,37.89,0
T1327,2025-02-09 01:56:00,C00567,M0263,5.06,0
T2927,2025-02-09 02:27:00,C01990,M0230,2.16,0
T7932,2025-02-09 02:41:00,C00380,M0229,23.64,0
T8288,2025-02-09 02:45:00,C01694,M0341,13.08,0
T8382,2025-02-09 02:46:00,C01302,M0467,35.27,0
T5987,2025-02-09 03:04:00,C01690,M0419,38.75,0
T5889,2025-02-09 03:16:00,C00379,M0384,16.61,0
T4247,2025-02-09 03:18:00,C00382,M0018,10.55,0
T9910,2025-02-09 03:21:00,C01964,M0102,46.85,1
T1149,2025-02-09 03:33:00,C00442,M0147,131.55,0
T3444,2025-02-09 03:38:00,C01093,M0380,132.47,0
T5410,2025-02-09 03:52:00,C00015,M0299,18.96,0
T5563,2025-02-09 03:56:00,C01373,M0277,13.91,0
T697,2025-02-09 03:57:00,C01303,M0060,81.38,0
T6511,2025-02-09 03:58:00,C00619,M0057,10.17,0
T3990,2025-02-09 04:08:00,C01380,M0373,24.16,0
T8219,2025-02-09 04:11:00,C01776,M0353,26.15,0
T1738,2025-02-09 04:46:00,C00114,M0320,75.27,0
T2457,2025-02-09 04:47:00,C00372,M0286,5.81,0
T6838,2025-02-09 05:03:00,C01805,M0424,9.55,0
T2794,2025-02-09 05:21:00,C01338,M0494,31.64,0
T300,2025-02-09 05:31:00,C00402,M0158,22.23,0
T2331,2025-02-09 05:32:00,C00523,M0272,63.6,0
T1882,2025-02-09 05:43:00,C01030,M0303,50.88,0
T7144,2025-02-09 06:03:00,C01978,M0115,44.72,0
T2882,2025-02-09 06:06:00,C00565,M0175,12.71,0
T2285,2025-02-09 06:12:00,C01198,M0220,26.6,1
T4606,2025-02-09 06:21:00,C01151,M0020,29.18,0
T3613,2025-02-09 06:27:00,C00268,M0207,28.2,0
T5716,2025-02-09 06:28:00,C00754,M0004,24.22,0
T2105,2025-02-09 06:29:00,C01679,M0496,26.33,0
T404,2025-02-09 06:36:00,C01914,M0292,46.16,0
T5002,2025-02-09 06:41:00,C00259,M0353,3.64,0
T4905,2025-02-09 06:43:00,C00973,M0460,18.08,0
T9171,2025-02-09 06:45:00,C01561,M0264,30.78,0
T660,2025-02-09 06:50:00,C00395,M0255,16.96,0
T8763,2025-02-09 06:52:00,C01561,M0444,13.11,0
T8367,2025-02-09 06:52:00,C01112,M0087,13.86,0
T431,2025-02-09 06:53:00,C01867,M0200,10.46,0
T6894,2025-02-09 06:54:00,C00482,M0051,71.91,0
T3803,2025-02-09 06:55:00,C01513,M0178,3.92,0
T4642,2025-02-09 07:03:00,C01117,M0283,10.24,0
T6241,2025-02-09 07:17:00,C01861,M0269,75.9,0
T2595,2025-02-09 07:34:00,C01308,M0101,11.56,0
T3361,2025-02-09 07:42:00,C00068,M0300,32.31,0
T7995,2025-02-09 07:50:00,C00419,M0326,6.6,0
T6411,2025-02-09 07:53:00,C01284,M0015,37.81,0
T5197,2025-02-09 07:55:00,C00764,M0413,44.33,0
T1418,2025-02-09 07:58:00,C01829,M0268,3.79,0
T5798,2025-02-09 08:12:00,C01648,M0172,13.18,0
T7585,2025-02-09 08:15:00,C00737,M0169,28.61,0
T364,2025-02-09 08:21:00,C00086,M0003,50.6,0
T7308,2025-02-09 08:37:00,C00958,M0334,2.83,0
T4991,2025-02-09 08:43:00,C01855,M0179,7.81,0
T3408,2025-02-09 08:59:00,C00538,M0497,3.37,0
T2720,2025-02-09 09:00:00,C00342,M0105,49.68,0
T4205,2025-02-09 09:04:00,C00999,M0228,16.01,0
T9041,2025-02-09 09:33:00,C00756,M0097,12.17,0
T3731,2025-02-09 09:46:00,C01186,M0063,72.4,0
T8395,2025-02-09 09:47:00,C01816,M0134,109.78,0
T6296,2025-02-09 09:54:00,C01856,M0499,52.67,1
T5878,2025-02-09 09:59:00,C00897,M0370,30.61,0
T9620,2025-02-09 10:08:00,C01003,M0275,7.95,0
T835,2025-02-09 10:33:00,C00504,M0354,6.64,0
T8142,2025-02-09 10:39:00,C00933,M0378,85.76,0
T746,2025-02-09 10:40:00,C01835,M0001,22.83,0
T7368,2025-02-09 10:45:00,C01332,M0004,15.4,0
T5645,2025-02-09 10:49:00,C01282,M0296,26.34,0
T980,2025-02-09 10:59:00,C01827,M0014,24.84,0
T6048,2025-02-09 11:07:00,C00117,M0326,20.97,0
T4829,2025-02-09 11:10:00,C01062,M0323,9.12,0
T298,2025-02-09 11:15:00,C00601,M0390,12.03,0
T1360,2025-02-09 11:26:00,C01207,M0350,29.05,0
T2418,2025-02-09 11:29:00,C01443,M0214,11.48,0
T8603,2025-02-09 11:42:00,C00456,M0376,57.38,0
T8892,2025-02-09 11:46:00,C00996,M0449,6.18,0
T3240,2025-02-09 12:02:00,C00471,M0423,6.84,0
T33,2025-02-09 12:06:00,C00884,M0201,17.46,0
T9766,2025-02-09 12:08:00,C00914,M0493,109.24,0
T4910,2025-02-09 12:09:00,C01981,M0498,46.6,0
T9387,2025-02-09 12:13:00,C01062,M0441,7.53,0
T5473,2025-02-09 12:38:00,C01180,M0118,16.08,0
T7286,2025-02-09 12:40:00,C01584,M0030,9.68,0
T9527,2025-02-09 12:41:00,C01941,M0392,11.66,0
T1032,2025-02-09 13:02:00,C01017,M0393,33.18,0
T8084,2025-02-09 13:07:00,C00623,M0027,17.21,0
T333,2025-02-09 13:18:00,C01440,M0343,6.41,0
T1427,2025-02-09 13:39:00,C01402,M0372,6.72,0
T4553,2025-02-09 13:44:00,C00031,M0192,8.36,0
T1702,2025-02-09 13:45:00,C01742,M0262,73.26,0
T9707,2025-02-09 13:45:00,C01797,M0320,14.31,0
T5391,2025-02-09 13:57:00,C00792,M0185,4.9,0
T2259,2025-02-09 14:09:00,C01819,M0047,110.89,0
T4792,2025-02-09 14:21:00,C01932,M0281,113.07,0
T2263,2025-02-09 14:22:00,C00519,M0326,10.99,0
T9274,2025-02-09 14:32:00,C01537,M0139,15.3,0
T7202,2025-02-09 14:42:00,C00950,M0436,17.94,0
T644,2025-02-09 14:43:00,C01792,M0109,5.76,0
T1800,2025-02-09 14:56:00,C01118,M0211,12.58,0
T5317,2025-02-09 15:02:00,C01637,M0258,46.44,0
T8280,2025-02-09 15:29:00,C00691,M0471,76.98,0
T703,2025-02-09 15:31:00,C01960,M0025,35.06,0
T6901,2025-02-09 15:44:00,C01865,M0119,201.81,0
T782,2025-02-09 15:48:00,C00007,M0188,5.81,0
T4666,2025-02-09 16:04:00,C01865,M0467,19.77,0
T9805,2025-02-09 16:04:00,C00446,M0194,7.01,0
T1352,2025-02-09 16:12:00,C01052,M0443,4.08,0
T1304,2025-02-09 16:14:00,C01470,M0027,76.89,0
T3558,2025-02-09 16:14:00,C01946,M0330,6.57,0
T8779,2025-02-09 16:14:00,C01926,M0162,33.2,0
T9495,2025-02-09 16:18:00,C00910,M0266,2.38,0
T3856,2025-02-09 16:29:00,C00473,M0321,44.58,0
T3265,2025-02-09 16:49:00,C01133,M0482,17.09,0
T5791,2025-02-09 16:54:00,C00420,M0246,6.93,0
T8889,2025-02-09 16:55:00,C00098,M0454,6.07,0
T7597,2025-02-09 17:04:00,C00094,M0429,51.38,0
T7159,2025-02-09 17:10:00,C00132,M0235,13.76,0
T6491,2025-02-09 17:16:00,C01776,M0088,13.55,0
T7969,2025-02-09 17:16:00,C00604,M0433,6.8,0
T6539,2025-02-09 17:24:00,C01537,M0207,3.62,0
T5158,2025-02-09 17:41:00,C01180,M0445,34.12,0
T8539,2025-02-09 17:45:00,C01228,M0496,35.94,0
T6385,2025-02-09 17:53:00,C00359,M0067,10.05,0
T7321,2025-02-09 18:01:00,C00232,M0085,16.7,0
T7758,2025-02-09 18:25:00,C00132,M0450,35.53,0
T9874,2025-02-09 18:35:00,C01253,M0431,68.06,0
T2696,2025-02-09 19:26:00,C00447,M0129,5.39,0
T1578,2025-02-09 20:12:00,C01627,M0159,21.06,0
T8590,2025-02-09 20:18:00,C01560,M0027,6.92,0
T1222,2025-02-09 20:24:00,C01536,M0041,44.01,0
T6962,2025-02-09 20:28:00,C00009,M0208,64.22,0
T9773,2025-02-09 20:35:00,C01804,M0101,5.21,0
T4866,2025-02-09 20:55:00,C01491,M0079,16.86,0
T2567,2025-02-09 20:58:00,C00606,M0086,13.59,0
T4609,2025-02-09 21:13:00,C00443,M0162,15.73,0
T8426,2025-02-09 21:22:00,C01498,M0054,14.21,0
T9428,2025-02-09 21:30:00,C01570,M0125,10.83,0
T474,2025-02-09 21:38:00,C00316,M0058,29.03,0
T6445,2025-02-09 21:53:00,C01231,M0261,15.37,0
T8086,2025-02-09 22:00:00,C01720,M0265,29.32,0
T1254,2025-02-09 22:12:00,C00364,M0348,21.42,0
T3535,2025-02-09 22:25:00,C00070,M0007,20.17,0
T5547,2025-02-09 22:34:00,C01059,M0363,5.23,0
T5121,2025-02-09 22:50:00,C01524,M0131,54.48,0
T5000,2025-02-09 22:55:00,C01507,M0180,6.49,0
T1067,2025-02-09 23:05:00,C01084,M0188,13.56,0
T8107,2025-02-09 23:17:00,C01204,M0194,10.1,0
T8173,2025-02-09 23:32:00,C01157,M0449,40.99,0
T7401,2025-02-10 00:02:00,C00037,M0238,7.28,0
T5763,2025-02-10 00:08:00,C01053,M0187,15.02,0
T6238,2025-02-10 00:08:00,C00704,M0122,111.62,0
T3898,2025-02-10 00:15:00,C01216,M0365,25.6,0
T4896,2025-02-10 00:16:00,C01851,M0181,21.79,0
T4227,2025-02-10 00:20:00,C00328,M0296,17.49,0
T9291,2025-02-10 00:32:00,C00096,M0083,9.01,0
T3881,2025-02-10 00:49:00,C00590,M0256,13.98,0
T8807,2025-02-10 00:54:00,C01405,M0460,73.08,0
T5616,2025-02-10 00:56:00,C01169,M0259,79.01,0
T1717,2025-02-10 01:00:00,C01632,M0187,15.3,0
T7853,2025-02-10 01:16:00,C01139,M0399,8.69,0
T448,2025-02-10 01:19:00,C00224,M0052,33.67,0
T7337,2025-02-10 01:32:00,C01923,M0187,27.76,0
T7623,2025-02-10 01:45:00,C00613,M0035,52.41,1
T2377,2025-02-10 01:53:00,C01491,M0064,12.29,0
T2657,2025-02-10 01:54:00,C01639,M0096,7.68,0
T2000,2025-02-10 01:56:00,C01240,M0435,47.74,0
T7051,2025-02-10 01:56:00,C01415,M0106,13.5,0
T5601,2025-02-10 02:04:00,C01285,M0182,6.37,0
T3868,2025-02-10 02:07:00,C01405,M0428,2.49,0
T9922,2025-02-10 02:10:00,C01169,M0243,15.22,0
T9266,2025-02-10 02:25:00,C01028,M0125,11.52,0
T1078,2025-02-10 02:41:00,C01203,M0437,2.86,0
T4878,2025-02-10 02:47:00,C00517,M0123,18.56,0
T6273,2025-02-10 02:49:00,C01738,M0361,11.13,0
T1408,2025-02-10 02:55:00,C00136,M0257,3.67,0
T2541,2025-02-10 02:55:00,C01676,M0099,8.01,0
T2069,2025-02-10 03:04:00,C00089,M0498,6.28,0
T6623,2025-02-10 03:06:00,C01473,M0020,6.26,0
T5156,2025-02-10 03:16:00,C00061,M0328,11.22,0
T589,2025-02-10 03:19:00,C01525,M0033,56.87,0
T2443,2025-02-10 03:24:00,C00895,M0285,5.39,0
T7659,2025-02-10 03:24:00,C01330,M0421,136.52,0
T9878,2025-02-10 03:33:00,C00874,M0059,5.82,0
T5459,2025-02-10 03:43:00,C01115,M0119,52.43,0
T2751,2025-02-10 03:48:00,C01613,M0239,27.55,0
T7249,2025-02-10 03:56:00,C00849,M0173,80.64,0
T7966,2025-02-10 04:11:00,C00078,M0489,25.16,0
T8296,2025-02-10 04:13:00,C01571,M0490,56.58,0
T570,2025-02-10 04:14:00,C01133,M0421,7.18,0
T8667,2025-02-10 04:17:00,C01597,M0330,37.04,0
T2390,2025-02-10 04:26:00,C00561,M0387,6.5,1
T8951,2025-02-10 04:48:00,C00966,M0262,8.9,0
T6974,2025-02-10 04:49:00,C01503,M0328,36.66,0
T9497,2025-02-10 04:53:00,C01767,M0148,13.65,0
T7971,2025-02-10 04:54:00,C01524,M0481,106.74,0
T2352,2025-02-10 05:06:00,C00540,M0111,34.05,0
T9587,2025-02-10 05:11:00,C00129,M0071,9.26,0
T6866,2025-02-10 05:13:00,C00240,M0327,24.51,0
T9605,2025-02-10 05:20:00,C01213,M0359,42.71,0
T1533,2025-02-10 05:32:00,C00212,M0094,15.34,0
T6750,2025-02-10 05:39:00,C00146,M0057,72.18,0
T2426,2025-02-10 05:41:00,C00069,M0353,56.85,0
T4680,2025-02-10 06:20:00,C00074,M0055,41.46,0
T6534,2025-02-10 06:26:00,C01073,M0227,5.27,0
T2066,2025-02-10 06:33:00,C00654,M0097,26.95,0
T5148,2025-02-10 06:41:00,C00560,M0497,44.57,0
T3984,2025-02-10 06:42:00,C01398,M0134,12.72,0
T2427,2025-02-10 06:45:00,C01903,M0370,16.51,0
T8414,2025-02-10 06:48:00,C01581,M0137,29.99,0
T711,2025-02-10 06:57:00,C00171,M0291,31.34,0
T7708,2025-02-10 07:06:00,C01836,M0291,3.45,0
T7194,2025-02-10 07:11:00,C00580,M0445,62.56,0
T7388,2025-02-10 07:12:00,C01479,M0093,61.78,0
T7836,2025-02-10 07:27:00,C01406,M0269,37.12,0
T9949,2025-02-10 07:31:00,C01872,M0042,16.0,0
T160,2025-02-10 07:33:00,C00212,M0245,8.74,0
T1316,2025-02-10 07:33:00,C00959,M0175,8.11,0
T1111,2025-02-10 07:46:00,C00818,M0184,78.2,0
T899,2025-02-10 07:47:00,C01806,M0497,4.13,0
T2853,2025-02-10 07:47:00,C00908,M0214,2.01,0
T6684,2025-02-10 08:15:00,C01863,M0291,9.71,0
T6937,2025-02-10 08:17:00,C01096,M0370,2.84,0
T7087,2025-02-10 08:43:00,C00429,M0025,43.26,0
T658,2025-02-10 09:01:00,C01504,M0372,12.38,0
T6722,2025-02-10 09:04:00,C01270,M0225,8.75,0
T4890,2025-02-10 09:20:00,C01966,M0300,4.31,0
T3469,2025-02-10 09:21:00,C01482,M0233,53.41,0
T9390,2025-02-10 09:42:00,C01915,M0365,11.25,0
T5140,2025-02-10 10:19:00,C00138,M0017,4.82,0
T4872,2025-02-10 10:26:00,C01526,M0384,26.21,0
T6637,2025-02-10 10:32:00,C01782,M0484,35.01,0
T773,2025-02-10 10:43:00,C00588,M0219,8.36,0
T5360,2025-02-10 10:51:00,C00565,M0283,12.26,0
T5471,2025-02-10 10:55:00,C00525,M0491,23.76,0
T3497,2025-02-10 11:12:00,C01083,M0228,12.07,0
T2393,2025-02-10 11:19:00,C01479,M0436,39.1,0
T3542,2025-02-10 11:23:00,C01673,M0400,19.04,0
T9192,2025-02-10 12:08:00,C01166,M0125,3.74,0
T376,2025-02-10 12:15:00,C01737,M0201,111.31,0
T3271,2025-02-10 12:22:00,C01767,M0420,85.77,0
T1982,2025-02-10 12:28:00,C00330,M0430,13.97,0
T8135,2025-02-10 13:02:00,C00765,M0216,51.46,0
T3417,2025-02-10 13:14:00,C01922,M0322,54.53,0
T8249,2025-02-10 13:28:00,C01546,M0479,24.37,0
T9453,2025-02-10 13:38:00,C01105,M0339,66.77,0
T9353,2025-02-10 13:40:00,C00507,M0033,24.99,0
T8145,2025-02-10 13:56:00,C01280,M0325,40.23,0
T6594,2025-02-10 14:06:00,C00910,M0060,9.8,0
T8487,2025-02-10 14:13:00,C00869,M0048,17.5,0
T7813,2025-02-10 14:26:00,C01666,M0462,7.6,0
T3256,2025-02-10 14:38:00,C00558,M0111,3.99,0
T7154,2025-02-10 15:02:00,C01663,M0162,45.91,0
T5735,2025-02-10 15:02:00,C01816,M0364,36.95,1
T6045,2025-02-10 15:31:00,C01711,M0351,31.38,0
T7215,2025-02-10 15:35:00,C00038,M0183,32.37,0
T3031,2025-02-10 15:57:00,C00857,M0076,2.56,0
T6990,2025-02-10 16:00:00,C00625,M0191,45.99,0
T7038,2025-02-10 16:00:00,C00892,M0110,21.43,0
T6383,2025-02-10 16:05:00,C00839,M0295,11.46,0
T2112,2025-02-10 16:16:00,C00274,M0282,5.25,0
T5170,2025-02-10 16:19:00,C01380,M0167,38.32,0
T3630,2025-02-10 16:25:00,C00696,M0459,14.54,0
T944,2025-02-10 16:36:00,C01466,M0324,17.85,0
T9398,2025-02-10 16:41:00,C01152,M0043,7.46,0
T1391,2025-02-10 16:46:00,C00091,M0336,55.47,0
T3460,2025-02-10 16:48:00,C00611,M0356,16.61,0
T3711,2025-02-10 17:07:00,C01253,M0007,25.93,0
T9358,2025-02-10 17:23:00,C01787,M0257,52.27,0
T2967,2025-02-10 17:23:00,C01651,M0357,64.08,0
T8315,2025-02-10 17:25:00,C00401,M0206,24.94,0
T3359,2025-02-10 17:33:00,C00501,M0111,10.42,0
T7092,2025-02-10 17:35:00,C00439,M0251,15.55,0
T865,2025-02-10 17:36:00,C01965,M0470,8.6,0
T4148,2025-02-10 17:51:00,C01699,M0049,31.68,0
T4313,2025-02-10 18:12:00,C00427,M0042,14.56,0
T7883,2025-02-10 18:21:00,C01172,M0222,24.92,0
T8255,2025-02-10 18:23:00,C01755,M0365,46.31,0
T9504,2025-02-10 18:26:00,C00971,M0464,33.04,0
T2429,2025-02-10 18:32:00,C01127,M0234,10.87,0
T5399,2025-02-10 19:01:00,C01309,M0327,62.06,0
T6631,2025-02-10 19:14:00,C01713,M0132,29.17,0
T6018,2025-02-10 19:15:00,C00248,M0078,59.15,0
T8347,2025-02-10 19:19:00,C00318,M0418,10.56,0
T7693,2025-02-10 19:20:00,C00924,M0037,11.84,0
T1479,2025-02-10 19:22:00,C00458,M0422,9.88,0
T7860,2025-02-10 19:33:00,C00029,M0491,24.97,0
T2888,2025-02-10 20:10:00,C00756,M0419,9.13,0
T4892,2025-02-10 20:17:00,C00257,M0086,15.76,0
T5179,2025-02-10 20:19:00,C01274,M0247,22.68,0
T5088,2025-02-10 20:29:00,C01703,M0412,9.74,0
T9888,2025-02-10 20:30:00,C00222,M0222,10.87,0
T4408,2025-02-10 20:47:00,C01079,M0067,8.8,0
T7527,2025-02-10 20:49:00,C01252,M0247,12.46,0
T5816,2025-02-10 21:01:00,C00914,M0058,40.9,0
T7433,2025-02-10 21:05:00,C00393,M0028,13.72,0
T6319,2025-02-10 21:06:00,C01266,M0062,7.39,0
T4730,2025-02-10 21:10:00,C00013,M0092,34.32,0
T271,2025-02-10 21:11:00,C01045,M0117,118.29,0
T8665,2025-02-10 21:16:00,C01536,M0251,12.79,0
T7655,2025-02-10 21:39:00,C01256,M0458,12.58,0
T7573,2025-02-10 21:41:00,C01574,M0426,53.13,0
T9437,2025-02-10 21:45:00,C00754,M0394,198.04,0
T2962,2025-02-10 22:09:00,C01417,M0312,101.33,0
T3306,2025-02-10 22:34:00,C00324,M0296,20.17,0
T7558,2025-02-10 22:39:00,C00855,M0253,8.5,0
T8637,2025-02-10 22:51:00,C01343,M0362,32.69,0
T8521,2025-02-10 23:30:00,C01694,M0301,20.74,0
T7626,2025-02-10 23:45:00,C00464,M0168,24.51,0
T497,2025-02-10 23:51:00,C00381,M0492,51.54,0
T248,2025-02-11 00:00:00,C00502,M0223,15.24,0
T2832,2025-02-11 00:02:00,C01085,M0100,9.6,0
T4431,2025-02-11 00:09:00,C01971,M0168,3.77,0
T9903,2025-02-11 00:12:00,C00525,M0091,9.21,0
T1241,2025-02-11 00:12:00,C01135,M0300,6.34,0
T8316,2025-02-11 00:15:00,C01005,M0351,10.0,0
T9503,2025-02-11 00:16:00,C00065,M0147,24.54,0
T2631,2025-02-11 00:23:00,C00938,M0289,7.67,0
T9074,2025-02-11 00:32:00,C01368,M0120,7.83,0
T5437,2025-02-11 00:55:00,C01987,M0307,25.88,0
T432,2025-02-11 01:01:00,C00324,M0317,7.86,0
T8013,2025-02-11 01:17:00,C01360,M0435,6.97,0
T6010,2025-02-11 01:23:00,C01850,M0109,37.78,0
T1265,2025-02-11 01:29:00,C00085,M0264,1.31,0
T28,2025-02-11 01:50:00,C01348,M0063,49.53,0
T9900,2025-02-11 01:55:00,C01927,M0419,7.59,0
T3046,2025-02-11 01:56:00,C00096,M0242,13.55,0
T525,2025-02-11 02:03:00,C01083,M0015,14.99,0
T6786,2025-02-11 02:04:00,C01909,M0499,23.89,0
T2827,2025-02-11 02:05:00,C00056,M0133,14.29,0
T4750,2025-02-11 02:14:00,C01517,M0361,16.88,0
T7503,2025-02-11 02:20:00,C00362,M0227,7.91,0
T1987,2025-02-11 02:22:00,C01397,M0237,4.97,0
T2025,2025-02-11 02:29:00,C00026,M0087,6.25,0
T4334,2025-02-11 02:31:00,C01503,M0406,99.6,0
T4407,2025-02-11 02:37:00,C00897,M0248,7.84,0
T6056,2025-02-11 02:39:00,C00983,M0478,9.29,0
T998,2025-02-11 02:41:00,C00409,M0274,42.02,0
T956,2025-02-11 02:47:00,C00793,M0004,33.39,0
T5827,2025-02-11 02:53:00,C00801,M0100,24.79,0
T5327,2025-02-11 03:02:00,C01785,M0229,82.41,0
T3699,2025-02-11 03:14:00,C01348,M0113,16.34,0
T7730,2025-02-11 03:18:00,C01543,M0179,20.19,0
T5971,2025-02-11 03:31:00,C00721,M0275,45.39,0
T8193,2025-02-11 03:54:00,C00507,M0048,24.91,0
T454,2025-02-11 03:55:00,C01915,M0045,38.93,0
T4708,2025-02-11 04:07:00,C00146,M0386,35.09,0
T7085,2025-02-11 04:25:00,C01109,M0471,3.82,0
T1771,2025-02-11 04:41:00,C01350,M0391,8.32,0
T8745,2025-02-11 04:41:00,C01809,M0306,12.39,0
T6955,2025-02-11 05:02:00,C00404,M0190,41.57,0
T2284,2025-02-11 05:13:00,C00760,M0190,7.24,0
T9728,2025-02-11 05:32:00,C01998,M0435,40.32,0
T984,2025-02-11 05:39:00,C01910,M0194,82.06,0
T912,2025-02-11 05:43:00,C01525,M0006,14.23,0
T804,2025-02-11 05:59:00,C01960,M0128,56.2,0
T7354,2025-02-11 06:12:00,C00359,M0457,109.61,0
T6406,2025-02-11 07:10:00,C01320,M0346,9.17,0
T7638,2025-02-11 07:13:00,C00307,M0416,6.78,0
T2239,2025-02-11 07:14:00,C00120,M0466,12.62,0
T732,2025-02-11 07:34:00,C00838,M0135,8.14,0
T4245,2025-02-11 07:40:00,C00333,M0070,3.99,0
T3225,2025-02-11 07:40:00,C01605,M0433,68.63,0
T3058,2025-02-11 07:58:00,C00761,M0198,11.06,0
T4633,2025-02-11 08:26:00,C01076,M0172,11.54,0
T5132,2025-02-11 08:30:00,C01395,M0006,5.64,0
T7877,2025-02-11 08:37:00,C01220,M0035,5.2,0
T2372,2025-02-11 08:40:00,C00179,M0255,14.55,0
T8388,2025-02-11 09:44:00,C00147,M0079,5.9,0
T2702,2025-02-11 09:54:00,C01550,M0110,5.91,0
T8105,2025-02-11 09:55:00,C01203,M0136,104.06,0
T411,2025-02-11 09:58:00,C01538,M0136,13.21,0
T7093,2025-02-11 10:03:00,C00984,M0035,17.63,0
T6041,2025-02-11 10:18:00,C00716,M0454,344.41,0
T2957,2025-02-11 10:19:00,C00639,M0067,7.21,0
T2511,2025-02-11 10:24:00,C00557,M0060,26.49,1
T2915,2025-02-11 10:35:00,C00776,M0102,13.81,0
T1114,2025-02-11 10:36:00,C00131,M0101,17.97,0
T2937,2025-02-11 11:11:00,C00854,M0203,42.88,0
T1465,2025-02-11 11:20:00,C00573,M0135,60.62,0
T4011,2025-02-11 11:22:00,C01711,M0494,14.77,0
T14,2025-02-11 11:35:00,C00516,M0135,80.37,0
T5404,2025-02-11 11:54:00,C01629,M0275,21.59,0
T8236,2025-02-11 11:58:00,C01900,M0300,27.74,0
T2384,2025-02-11 12:05:00,C00722,M0115,67.98,0
T3406,2025-02-11 12:06:00,C01466,M0152,13.67,0
T4047,2025-02-11 12:18:00,C01217,M0140,44.12,0
T8004,2025-02-11 12:29:00,C01000,M0092,21.79,0
T2559,2025-02-11 12:32:00,C01422,M0049,37.43,0
T2504,2025-02-11 12:36:00,C00762,M0232,198.57,0
T5184,2025-02-11 12:47:00,C00179,M0041,42.46,0
T9957,2025-02-11 12:52:00,C00868,M0069,12.12,0
T4596,2025-02-11 13:01:00,C00622,M0256,96.09,0
T6453,2025-02-11 13:18:00,C00898,M0497,56.33,0
T7505,2025-02-11 13:20:00,C01401,M0168,13.47,0
T8639,2025-02-11 13:26:00,C01969,M0255,370.58,0
T4255,2025-02-11 13:28:00,C00641,M0248,24.19,0
T9241,2025-02-11 13:40:00,C01946,M0037,80.68,0
T2979,2025-02-11 13:51:00,C01374,M0024,73.57,0
T5840,2025-02-11 13:52:00,C00981,M0082,19.66,0
T9958,2025-02-11 14:04:00,C01411,M0148,52.04,0
T1979,2025-02-11 14:09:00,C01978,M0342,63.77,0
T8882,2025-02-11 14:16:00,C01044,M0080,28.62,0
T7506,2025-02-11 14:22:00,C01803,M0375,20.1,0
T6809,2025-02-11 14:55:00,C01168,M0185,8.22,0
T8154,2025-02-11 15:06:00,C01510,M0215,17.12,0
T9675,2025-02-11 15:09:00,C00916,M0379,13.92,0
T3808,2025-02-11 15:39:00,C00959,M0199,17.87,0
T5058,2025-02-11 15:53:00,C00378,M0394,53.73,0
T854,2025-02-11 16:04:00,C01257,M0217,9.51,0
T4874,2025-02-11 16:06:00,C01452,M0386,13.81,0
T3299,2025-02-11 16:11:00,C00975,M0175,12.35,0
T4151,2025-02-11 16:30:00,C00768,M0323,36.34,0
T8217,2025-02-11 16:30:00,C00524,M0391,78.23,0
T6622,2025-02-11 16:38:00,C01299,M0362,17.5,0
T3116,2025-02-11 16:58:00,C01047,M0446,5.24,0
T7978,2025-02-11 17:31:00,C00372,M0283,79.49,0
T685,2025-02-11 17:40:00,C01614,M0075,3.23,0
T6828,2025-02-11 17:41:00,C00218,M0107,11.84,0
T7274,2025-02-11 17:42:00,C01155,M0268,9.45,1
T8856,2025-02-11 17:47:00,C00809,M0074,32.68,0
T1665,2025-02-11 17:52:00,C00948,M0018,12.41,0
T7919,2025-02-11 17:59:00,C01699,M0451,13.89,0
T4134,2025-02-11 18:08:00,C00240,M0117,4.31,0
T6587,2025-02-11 18:19:00,C01665,M0031,1.65,0
T3876,2025-02-11 18:22:00,C01641,M0214,121.07,0
T8927,2025-02-11 18:28:00,C00068,M0150,7.54,0
T8888,2025-02-11 18:36:00,C00465,M0029,78.24,0
T441,2025-02-11 18:40:00,C00866,M0133,9.81,1
T9410,2025-02-11 19:00:00,C01944,M0004,3.58,0
T9621,2025-02-11 19:04:00,C00426,M0303,35.62,0
T7100,2025-02-11 19:06:00,C01419,M0135,12.61,0
T9408,2025-02-11 19:14:00,C01450,M0271,26.57,0
T5578,2025-02-11 19:17:00,C01708,M0021,6.25,0
T8422,2025-02-11 19:33:00,C01856,M0049,18.13,0
T7462,2025-02-11 19:51:00,C00398,M0299,6.69,0
T1958,2025-02-11 19:53:00,C01502,M0381,10.9,0
T6659,2025-02-11 20:01:00,C00831,M0282,22.07,0
T8,2025-02-11 20:23:00,C01056,M0370,37.73,0
T4095,2025-02-11 20:32:00,C00604,M0264,10.02,0
T7444,2025-02-11 20:37:00,C01507,M0222,19.7,0
T1039,2025-02-11 20:39:00,C00277,M0183,45.05,0
T4988,2025-02-11 20:41:00,C01253,M0464,38.51,0
T6789,2025-02-11 20:42:00,C00263,M0142,31.31,0
T6794,2025-02-11 20:49:00,C00351,M0266,17.25,0
T5089,2025-02-11 20:54:00,C01985,M0110,20.29,0
T9003,2025-02-11 21:03:00,C01072,M0297,14.2,0
T9702,2025-02-11 21:13:00,C01156,M0290,0.87,0
T1763,2025-02-11 21:15:00,C01544,M0092,40.6,0
T3829,2025-02-11 21:15:00,C00074,M0271,20.21,0
T3067,2025-02-11 21:48:00,C00606,M0114,7.66,1
T5626,2025-02-11 21:54:00,C00993,M0110,49.56,0
T7773,2025-02-11 21:56:00,C00566,M0150,21.05,0
T5277,2025-02-11 22:12:00,C01428,M0268,39.61,0
T5331,2025-02-11 22:20:00,C01320,M0029,31.15,0
T7296,2025-02-11 22:30:00,C00868,M0328,35.0,0
T426,2025-02-11 22:43:00,C00964,M0075,27.33,0
T6936,2025-02-11 22:48:00,C01925,M0132,57.83,0
T5240,2025-02-11 22:50:00,C00758,M0402,23.87,0
T2282,2025-02-11 23:08:00,C00324,M0426,13.14,0
T6094,2025-02-11 23:10:00,C01793,M0331,94.15,0
T1536,2025-02-11 23:41:00,C00347,M0497,2.8,0
T1174,2025-02-12 00:20:00,C01106,M0368,21.88,0
T1464,2025-02-12 00:24:00,C01382,M0031,12.58,0
T5465,2025-02-12 00:39:00,C00270,M0456,27.08,0
T1163,2025-02-12 00:55:00,C01031,M0050,2.5,0
T2228,2025-02-12 01:05:00,C01879,M0168,11.49,0
T1597,2025-02-12 01:05:00,C00869,M0404,24.18,0
T8757,2025-02-12 01:21:00,C00352,M0332,14.45,0
T535,2025-02-12 01:26:00,C01255,M0190,21.27,0
T1927,2025-02-12 01:36:00,C00196,M0383,7.36,0
T4452,2025-02-12 01:53:00,C00651,M0283,64.15,0
T2526,2025-02-12 02:03:00,C01867,M0134,15.05,0
T5794,2025-02-12 02:10:00,C01675,M0348,5.63,1
T3644,2025-02-12 02:14:00,C00111,M0350,4.54,0
T7489,2025-02-12 02:24:00,C00445,M0443,1.74,0
T2173,2025-02-12 02:31:00,C01153,M0392,12.19,0
T9183,2025-02-12 02:45:00,C00070,M0129,40.15,0
T7643,2025-02-12 02:46:00,C01363,M0479,20.41,0
T5013,2025-02-12 02:52:00,C01868,M0004,15.84,0
T9461,2025-02-12 02:53:00,C00657,M0014,15.39,0
T6919,2025-02-12 02:54:00,C00399,M0001,27.56,0
T7910,2025-02-12 03:03:00,C00094,M0398,24.6,0
T9648,2025-02-12 03:26:00,C00702,M0456,16.09,0
T7437,2025-02-12 03:26:00,C00057,M0312,38.32,0
T4117,2025-02-12 03:26:00,C01420,M0448,25.09,0
T484,2025-02-12 03:32:00,C00899,M0046,7.8,0
T2388,2025-02-12 03:43:00,C01387,M0068,29.54,0
T4057,2025-02-12 03:50:00,C01956,M0141,40.16,0
T228,2025-02-12 03:53:00,C00484,M0044,18.52,0
T7407,2025-02-12 04:06:00,C00240,M0394,16.78,0
T5592,2025-02-12 04:19:00,C00938,M0201,51.4,0
T7562,2025-02-12 04:20:00,C01222,M0460,28.21,0
T7615,2025-02-12 04:32:00,C01740,M0182,34.68,0
T5917,2025-02-12 04:38:00,C01917,M0009,7.58,0
T1210,2025-02-12 04:54:00,C00901,M0317,12.93,0
T9214,2025-02-12 04:56:00,C01652,M0041,11.84,0
T6925,2025-02-12 05:02:00,C00148,M0358,3.99,0
T4521,2025-02-12 05:35:00,C01583,M0432,26.25,0
T5502,2025-02-12 05:44:00,C01425,M0266,69.51,0
T9865,2025-02-12 06:08:00,C01827,M0336,8.28,0
T451,2025-02-12 06:50:00,C00030,M0022,28.54,0
T6345,2025-02-12 06:52:00,C00515,M0339,5.77,0
T2338,2025-02-12 07:20:00,C01284,M0153,35.14,0
T531,2025-02-12 07:21:00,C00233,M0001,4.79,0
T7375,2025-02-12 07:24:00,C01795,M0455,4.04,0
T8223,2025-02-12 07:26:00,C00619,M0052,45.4,0
T4686,2025-02-12 07:31:00,C01254,M0253,6.97,0
T4435,2025-02-12 07:35:00,C00075,M0214,45.12,0
T6437,2025-02-12 07:42:00,C01425,M0076,39.5,0
T2080,2025-02-12 07:46:00,C01143,M0306,2.62,0
T3549,2025-02-12 07:48:00,C01886,M0040,16.52,1
T3882,2025-02-12 07:57:00,C01235,M0074,20.31,0
T2117,2025-02-12 08:03:00,C01997,M0199,38.67,0
T5905,2025-02-12 08:13:00,C01755,M0119,12.74,0
T9226,2025-02-12 08:38:00,C01682,M0188,19.51,0
T2745,2025-02-12 08:41:00,C01609,M0448,50.25,0
T7245,2025-02-12 09:10:00,C00153,M0054,35.34,0
T3063,2025-02-12 09:15:00,C00532,M0121,8.21,0
T3146,2025-02-12 09:29:00,C00524,M0268,66.02,0
T2364,2025-02-12 09:43:00,C00260,M0412,0.61,0
T5949,2025-02-12 09:55:00,C00831,M0341,18.36,0
T5877,2025-02-12 09:58:00,C01992,M0442,15.43,0
T6409,2025-02-12 09:58:00,C01482,M0213,20.18,0
T8442,2025-02-12 10:02:00,C01514,M0440,21.49,0
T6060,2025-02-12 10:04:00,C00198,M0122,49.41,0
T168,2025-02-12 10:07:00,C01311,M0245,12.68,0
T7734,2025-02-12 10:28:00,C00690,M0380,24.21,0
T4526,2025-02-12 10:34:00,C00333,M0498,49.01,0
T1248,2025-02-12 10:40:00,C01340,M0492,26.66,0
T266,2025-02-12 10:55:00,C01147,M0441,73.25,0
T5467,2025-02-12 11:18:00,C01922,M0392,27.38,0
T4594,2025-02-12 11:29:00,C01691,M0358,15.28,0
T7436,2025-02-12 11:52:00,C00594,M0340,10.11,0
T3426,2025-02-12 12:02:00,C01677,M0031,94.35,0
T1880,2025-02-12 12:12:00,C00746,M0156,21.44,0
T3637,2025-02-12 12:15:00,C01828,M0470,15.61,0
T83,2025-02-12 12:28:00,C00945,M0084,20.79,0
T3863,2025-02-12 12:40:00,C00962,M0448,53.49,0
T3604,2025-02-12 12:40:00,C00812,M0484,1.52,0
T8534,2025-02-12 12:45:00,C01939,M0230,23.76,0
T1553,2025-02-12 12:46:00,C00098,M0365,15.6,0
T6441,2025-02-12 12:47:00,C01103,M0190,86.41,0
T3847,2025-02-12 12:50:00,C01707,M0457,112.81,0
T9632,2025-02-12 12:56:00,C00950,M0010,9.55,0
T9135,2025-02-12 13:00:00,C00832,M0442,10.68,0
T9325,2025-02-12 13:04:00,C00356,M0493,134.28,0
T255,2025-02-12 13:07:00,C00164,M0040,13.34,0
T1220,2025-02-12 13:08:00,C01389,M0367,7.93,0
T5553,2025-02-12 13:09:00,C00718,M0129,4.99,0
T1821,2025-02-12 13:12:00,C00951,M0087,262.81,0
T8658,2025-02-12 13:33:00,C01505,M0435,5.06,0
T6362,2025-02-12 13:44:00,C01140,M0453,2.66,0
T9593,2025-02-12 13:45:00,C00925,M0331,5.99,0
T7793,2025-02-12 13:53:00,C01283,M0417,52.35,0
T9309,2025-02-12 13:53:00,C00844,M0050,4.85,0
T2580,2025-02-12 14:10:00,C01334,M0165,4.57,0
T2410,2025-02-12 14:12:00,C01101,M0030,10.16,0
T3101,2025-02-12 14:30:00,C01296,M0294,19.85,0
T9499,2025-02-12 14:38:00,C00241,M0167,9.1,0
T5978,2025-02-12 14:40:00,C01039,M0143,42.21,0
T9687,2025-02-12 14:45:00,C01693,M0229,29.98,0
T1826,2025-02-12 14:47:00,C01259,M0430,50.11,0
T156,2025-02-12 14:53:00,C01285,M0362,36.6,0
T5113,2025-02-12 15:01:00,C01251,M0224,42.32,0
T6308,2025-02-12 15:02:00,C01093,M0355,45.39,0
T5363,2025-02-12 15:06:00,C00461,M0079,20.52,0
T3396,2025-02-12 15:08:00,C00920,M0285,19.89,0
T419,2025-02-12 15:09:00,C01848,M0089,9.89,0
T1232,2025-02-12 15:16:00,C01103,M0066,54.38,0
T9969,2025-02-12 15:27:00,C01785,M0250,6.25,0
T4900,2025-02-12 15:33:00,C01118,M0490,18.29,0
T1459,2025-02-12 15:33:00,C00663,M0297,115.67,0
T8764,2025-02-12 15:36:00,C00452,M0146,58.98,0
T6049,2025-02-12 15:51:00,C00008,M0335,13.85,0
T238,2025-02-12 15:54:00,C01589,M0374,4.95,0
T3061,2025-02-12 16:00:00,C01993,M0239,7.83,0
T9911,2025-02-12 16:11:00,C01471,M0094,18.76,0
T6830,2025-02-12 16:25:00,C01823,M0051,237.13,0
T500,2025-02-12 16:36:00,C01341,M0122,73.48,0
T9826,2025-02-12 16:40:00,C01795,M0164,8.35,0
T5958,2025-02-12 16:57:00,C01495,M0141,58.13,0
T9582,2025-02-12 17:09:00,C00945,M0101,22.86,0
T4312,2025-02-12 17:10:00,C01956,M0000,47.17,0
T3220,2025-02-12 17:16:00,C01002,M0480,253.7,0
T9462,2025-02-12 17:21:00,C01660,M0040,1.5,0
T8797,2025-02-12 17:27:00,C01383,M0015,17.77,0
T633,2025-02-12 17:29:00,C00502,M0303,50.49,0
T1728,2025-02-12 17:50:00,C01805,M0407,30.18,0
T7518,2025-02-12 17:54:00,C00796,M0082,11.56,0
T2374,2025-02-12 17:58:00,C01647,M0423,46.84,0
T9751,2025-02-12 18:02:00,C00285,M0339,8.58,0
T4932,2025-02-12 18:16:00,C00721,M0380,17.53,0
T5109,2025-02-12 18:24:00,C01169,M0465,10.61,0
T5454,2025-02-12 18:27:00,C00611,M0263,24.24,0
T2242,2025-02-12 18:28:00,C01687,M0002,1.54,0
T8526,2025-02-12 18:37:00,C01867,M0472,28.31,0
T5062,2025-02-12 18:42:00,C01075,M0444,31.09,0
T8850,2025-02-12 18:47:00,C00417,M0013,19.94,0
T6482,2025-02-12 18:47:00,C01633,M0302,54.52,0
T3576,2025-02-12 18:50:00,C00469,M0444,10.15,0
T2507,2025-02-12 19:07:00,C00743,M0233,14.71,0
T597,2025-02-12 19:09:00,C00879,M0415,21.38,0
T608,2025-02-12 19:22:00,C01307,M0445,11.86,0
T6950,2025-02-12 19:26:00,C01725,M0014,64.78,0
T1435,2025-02-12 19:45:00,C01275,M0440,50.29,0
T1695,2025-02-12 20:01:00,C01671,M0153,7.8,0
T5273,2025-02-12 20:12:00,C00474,M0201,164.37,0
T2904,2025-02-12 20:29:00,C00591,M0184,11.85,0
T7544,2025-02-12 20:35:00,C01455,M0312,18.48,0
T8944,2025-02-12 20:36:00,C00757,M0297,4.23,0
T7367,2025-02-12 20:40:00,C01032,M0359,74.14,0
T4314,2025-02-12 21:04:00,C00392,M0310,32.41,0
T8579,2025-02-12 21:10:00,C01263,M0457,7.58,0
T4238,2025-02-12 21:13:00,C00216,M0009,19.41,0
T9376,2025-02-12 21:16:00,C00847,M0101,33.81,0
T8958,2025-02-12 21:32:00,C00800,M0440,4.37,0
T8847,2025-02-12 21:39:00,C01842,M0029,12.58,0
T1640,2025-02-12 21:48:00,C00936,M0388,38.38,0
T4673,2025-02-12 21:59:00,C01516,M0227,18.32,0
T663,2025-02-12 22:13:00,C01909,M0496,24.37,0
T5673,2025-02-12 22:16:00,C01523,M0018,61.11,0
T5751,2025-02-12 22:22:00,C00684,M0227,12.25,0
T9583,2025-02-12 22:24:00,C01254,M0185,23.46,0
T6146,2025-02-12 22:26:00,C00974,M0208,60.69,0
T4064,2025-02-12 22:42:00,C01545,M0216,12.99,0
T3816,2025-02-12 22:44:00,C00155,M0158,9.43,0
T4592,2025-02-12 22:45:00,C00226,M0468,27.59,0
T95,2025-02-12 22:58:00,C01677,M0432,1.99,0
T5642,2025-02-12 23:01:00,C01190,M0218,22.27,0
T6463,2025-02-12 23:08:00,C01041,M0248,18.49,0
T7685,2025-02-12 23:09:00,C00278,M0242,5.02,0
T712,2025-02-12 23:17:00,C00493,M0276,9.38,0
T742,2025-02-12 23:26:00,C01446,M0227,18.06,0
T7993,2025-02-12 23:32:00,C00613,M0022,84.51,0
T4952,2025-02-12 23:39:00,C00557,M0290,49.5,0
T8655,2025-02-12 23:54:00,C01512,M0252,51.8,0
T1384,2025-02-12 23:56:00,C01931,M0291,3.64,0
T9801,2025-02-12 23:58:00,C00690,M0134,6.03,0
T5244,2025-02-13 00:02:00,C01548,M0163,41.84,0
T2168,2025-02-13 00:09:00,C01323,M0309,26.78,0
T4260,2025-02-13 00:14:00,C00195,M0210,23.42,0
T2989,2025-02-13 00:24:00,C00364,M0186,6.83,0
T2273,2025-02-13 00:29:00,C01665,M0403,30.62,0
T7684,2025-02-13 00:34:00,C01958,M0331,30.87,0
T6114,2025-02-13 00:37:00,C01410,M0408,37.17,0
T7753,2025-02-13 01:11:00,C01664,M0360,15.09,0
T3560,2025-02-13 01:17:00,C01904,M0423,25.34,0
T174,2025-02-13 01:23:00,C00209,M0404,36.27,0
T9613,2025-02-13 01:28:00,C01432,M0066,24.56,0
T5424,2025-02-13 01:28:00,C00973,M0164,174.11,0
T7065,2025-02-13 01:33:00,C01444,M0034,80.0,0
T3939,2025-02-13 01:41:00,C01132,M0300,128.86,0
T2671,2025-02-13 01:52:00,C01462,M0134,11.46,0
T1670,2025-02-13 02:06:00,C00539,M0228,20.46,0
T5514,2025-02-13 02:07:00,C00151,M0112,46.15,0
T4235,2025-02-13 02:21:00,C01227,M0175,23.48,0
T3117,2025-02-13 02:28:00,C00539,M0098,32.3,0
T7903,2025-02-13 03:19:00,C00598,M0464,14.45,0
T4043,2025-02-13 03:20:00,C00961,M0484,183.72,0
T8371,2025-02-13 03:47:00,C00449,M0218,8.41,0
T3312,2025-02-13 03:54:00,C01607,M0031,18.79,0
T9322,2025-02-13 04:15:00,C01695,M0229,16.22,0
T8953,2025-02-13 04:22:00,C00977,M0440,107.61,0
T1386,2025-02-13 04:27:00,C01108,M0320,19.35,0
T1425,2025-02-13 04:51:00,C00342,M0218,22.14,0
T5774,2025-02-13 04:57:00,C01876,M0210,98.09,0
T9430,2025-02-13 05:02:00,C00576,M0289,9.0,0
T7584,2025-02-13 05:04:00,C01963,M0301,24.92,0
T8143,2025-02-13 05:37:00,C00850,M0414,8.87,0
T4086,2025-02-13 05:40:00,C00496,M0341,35.67,0
T3546,2025-02-13 05:41:00,C00180,M0176,17.99,0
T6222,2025-02-13 06:07:00,C00564,M0135,40.26,0
T2658,2025-02-13 06:12:00,C01760,M0032,5.6,0
T666,2025-02-13 06:12:00,C01074,M0454,37.78,0
T3333,2025-02-13 06:40:00,C00356,M0061,53.63,0
T5746,2025-02-13 06:40:00,C01975,M0210,23.37,0
T9245,2025-02-13 07:23:00,C01887,M0252,6.54,0
T3489,2025-02-13 07:28:00,C00934,M0497,16.37,0
T7865,2025-02-13 07:30:00,C00015,M0456,18.63,0
T9644,2025-02-13 08:03:00,C00932,M0476,23.89,0
T2609,2025-02-13 08:24:00,C01663,M0029,13.36,0
T3841,2025-02-13 08:33:00,C00978,M0043,26.8,0
T8546,2025-02-13 08:35:00,C01327,M0184,7.98,0
T2077,2025-02-13 08:38:00,C00456,M0253,13.46,0
T3245,2025-02-13 08:43:00,C00906,M0305,22.46,0
T9723,2025-02-13 08:51:00,C00404,M0428,13.32,0
T1447,2025-02-13 09:23:00,C01496,M0352,7.3,0
T3540,2025-02-13 09:31:00,C00066,M0135,24.83,0
T3147,2025-02-13 09:33:00,C01604,M0428,4.91,0
T7129,2025-02-13 09:41:00,C01465,M0469,6.76,0
T9896,2025-02-13 09:42:00,C00425,M0236,59.59,0
T3557,2025-02-13 09:47:00,C00637,M0224,26.02,1
T6710,2025-02-13 09:54:00,C00152,M0255,160.53,0
T7292,2025-02-13 09:55:00,C00598,M0209,4.09,0
T1193,2025-02-13 09:56:00,C01329,M0451,81.37,0
T4437,2025-02-13 10:02:00,C01856,M0228,20.83,0
T3623,2025-02-13 10:02:00,C01953,M0003,12.66,0
T7621,2025-02-13 10:12:00,C01606,M0443,12.17,0
T6024,2025-02-13 10:12:00,C01723,M0023,5.92,0
T9571,2025-02-13 10:17:00,C01269,M0260,8.88,0
T9131,2025-02-13 10:19:00,C00958,M0192,59.88,0
T2534,2025-02-13 10:19:00,C00714,M0076,19.89,0
T9678,2025-02-13 10:23:00,C01078,M0303,22.68,0
T3468,2025-02-13 10:31:00,C00367,M0471,26.98,0
T1320,2025-02-13 10:32:00,C00272,M0441,14.35,0
T5392,2025-02-13 10:39:00,C00049,M0373,46.64,0
T7110,2025-02-13 10:39:00,C01808,M0405,21.08,0
T7361,2025-02-13 10:54:00,C01714,M0029,33.29,0
T9886,2025-02-13 10:56:00,C01757,M0314,46.44,0
T6973,2025-02-13 11:00:00,C01078,M0042,18.93,0
T87,2025-02-13 11:12:00,C01635,M0410,6.25,0
T8706,2025-02-13 11:39:00,C01277,M0357,14.18,0
T133,2025-02-13 11:43:00,C01868,M0068,15.39,0
T7863,2025-02-13 11:57:00,C01718,M0413,24.5,0
T2274,2025-02-13 12:06:00,C01596,M0288,61.99,0
T5124,2025-02-13 12:13:00,C00786,M0434,13.36,0
T8030,2025-02-13 12:25:00,C00377,M0117,80.74,0
T5054,2025-02-13 12:31:00,C01675,M0350,6.96,0
T8581,2025-02-13 12:32:00,C00176,M0303,2.41,0
T669,2025-02-13 12:40:00,C01090,M0111,32.3,0
T6195,2025-02-13 12:59:00,C00732,M0363,15.17,0
T9187,2025-02-13 13:09:00,C01399,M0087,16.04,0
T2136,2025-02-13 13:11:00,C01158,M0470,6.4,0
T5843,2025-02-13 13:12:00,C00904,M0394,3.46,0
T430,2025-02-13 13:52:00,C01198,M0009,22.56,0
T5931,2025-02-13 14:06:00,C01967,M0208,12.03,0
T4531,2025-02-13 14:07:00,C00465,M0119,26.12,0
T1714,2025-02-13 14:08:00,C01849,M0074,15.09,0
T5107,2025-02-13 14:20:00,C01384,M0185,51.68,0
T9220,2025-02-13 14:24:00,C01241,M0485,208.72,0
T7055,2025-02-13 14:25:00,C01693,M0178,6.0,0
T4744,2025-02-13 14:30:00,C01007,M0493,40.04,0
T2585,2025-02-13 14:52:00,C01661,M0278,8.64,0
T1103,2025-02-13 15:03:00,C00190,M0371,13.25,0
T3003,2025-02-13 15:04:00,C00623,M0154,71.35,0
T560,2025-02-13 15:36:00,C01287,M0417,57.87,0
T6299,2025-02-13 15:54:00,C01205,M0357,4.88,0
T4041,2025-02-13 15:55:00,C00295,M0435,10.79,1
T7446,2025-02-13 16:08:00,C00670,M0101,30.9,0
T9592,2025-02-13 16:14:00,C01399,M0057,41.49,0
T6293,2025-02-13 16:14:00,C01664,M0118,23.85,0
T5033,2025-02-13 16:21:00,C00294,M0019,42.01,0
T4094,2025-02-13 16:32:00,C01493,M0058,38.19,0
T4132,2025-02-13 17:03:00,C01625,M0215,28.52,0
T2466,2025-02-13 17:06:00,C01379,M0416,1.79,0
T15,2025-02-13 17:15:00,C00442,M0416,9.92,0
T4128,2025-02-13 17:16:00,C00973,M0479,18.13,0
T855,2025-02-13 17:41:00,C00713,M0071,129.09,0
T2786,2025-02-13 17:47:00,C00545,M0321,27.76,0
T5199,2025-02-13 17:53:00,C00631,M0037,35.32,0
T9049,2025-02-13 18:01:00,C01598,M0480,45.43,0
T5568,2025-02-13 18:14:00,C00499,M0109,40.67,0
T9857,2025-02-13 18:27:00,C00456,M0133,8.54,0
T2276,2025-02-13 18:37:00,C00459,M0482,44.7,0
T3801,2025-02-13 18:43:00,C01469,M0190,1.82,0
T7243,2025-02-13 18:44:00,C01383,M0255,7.98,0
T4218,2025-02-13 18:59:00,C01981,M0455,3.38,1
T3707,2025-02-13 19:04:00,C01839,M0091,33.61,0
T3730,2025-02-13 19:09:00,C01839,M0286,4.45,0
T922,2025-02-13 19:16:00,C01627,M0286,160.82,0
T8257,2025-02-13 19:19:00,C01447,M0127,50.71,0
T6234,2025-02-13 19:20:00,C01682,M0400,8.75,0
T2950,2025-02-13 19:35:00,C00117,M0253,7.49,0
T5498,2025-02-13 19:48:00,C00004,M0395,7.21,0
T3504,2025-02-13 19:55:00,C01951,M0084,38.48,0
T2175,2025-02-13 20:13:00,C01179,M0286,25.94,0
T6355,2025-02-13 20:23:00,C01560,M0332,13.86,0
T9510,2025-02-13 20:35:00,C01438,M0279,9.27,0
T8934,2025-02-13 20:51:00,C01864,M0021,39.8,0
T4576,2025-02-13 21:05:00,C00533,M0407,5.15,0
T9311,2025-02-13 21:10:00,C00023,M0252,21.89,0
T1192,2025-02-13 21:17:00,C01296,M0301,29.89,0
T308,2025-02-13 21:28:00,C01079,M0006,9.13,0
T5974,2025-02-13 21:32:00,C00430,M0078,24.44,0
T6686,2025-02-13 21:37:00,C01394,M0054,5.85,1
T6754,2025-02-13 21:41:00,C01318,M0293,112.89,0
T3748,2025-02-13 21:47:00,C01324,M0499,20.41,0
T1147,2025-02-13 21:50:00,C01890,M0211,13.89,0
T8262,2025-02-13 21:50:00,C00259,M0245,107.87,0
T3786,2025-02-13 21:52:00,C01071,M0181,119.82,0
T7803,2025-02-13 22:08:00,C00084,M0273,38.8,0
T6277,2025-02-13 22:21:00,C00505,M0391,34.46,0
T2869,2025-02-13 22:38:00,C01049,M0276,14.95,0
T7248,2025-02-13 22:48:00,C01939,M0085,23.33,0
T4783,2025-02-13 22:53:00,C00007,M0303,44.13,0
T9345,2025-02-13 22:54:00,C01640,M0180,3.93,0
T9411,2025-02-13 22:55:00,C01097,M0243,49.15,0
T3025,2025-02-13 23:15:00,C01189,M0328,37.22,0
T8486,2025-02-13 23:21:00,C00956,M0174,76.22,0
T111,2025-02-13 23:35:00,C01633,M0352,36.49,0
T4523,2025-02-13 23:44:00,C00303,M0114,7.51,0
T3832,2025-02-13 23:53:00,C00370,M0318,5.95,0
T2787,2025-02-14 00:10:00,C01605,M0032,203.76,0
T7418,2025-02-14 00:10:00,C01675,M0186,23.99,0
T1062,2025-02-14 00:14:00,C01437,M0305,12.04,0
T5985,2025-02-14 00:22:00,C00104,M0104,8.96,0
T4794,2025-02-14 00:40:00,C00715,M0036,13.67,0
T1612,2025-02-14 00:56:00,C00013,M0079,9.98,0
T2485,2025-02-14 01:17:00,C01365,M0159,48.16,0
T1956,2025-02-14 01:29:00,C00611,M0158,44.34,0
T6527,2025-02-14 01:36:00,C01138,M0053,7.95,0
T5420,2025-02-14 01:57:00,C01216,M0192,7.99,0
T1696,2025-02-14 02:03:00,C00175,M0363,42.11,0
T2339,2025-02-14 02:50:00,C00584,M0220,15.19,0
T6632,2025-02-14 03:40:00,C01701,M0032,8.03,0
T8513,2025-02-14 04:00:00,C00637,M0168,39.09,0
T4178,2025-02-14 04:10:00,C00639,M0254,14.73,0
T8789,2025-02-14 04:20:00,C00776,M0240,11.8,0
T1517,2025-02-14 04:20:00,C00234,M0414,4.07,0
T4861,2025-02-14 04:27:00,C00718,M0491,33.54,0
T7635,2025-02-14 04:44:00,C01374,M0440,35.09,0
T8006,2025-02-14 04:45:00,C00256,M0373,34.61,0
T2017,2025-02-14 04:46:00,C00313,M0414,100.49,0
T2525,2025-02-14 04:46:00,C01356,M0472,16.74,0
T6407,2025-02-14 04:56:00,C01549,M0239,18.98,0
T7568,2025-02-14 05:08:00,C00433,M0165,16.38,0
T3411,2025-02-14 05:11:00,C01114,M0483,13.46,0
T9934,2025-02-14 05:30:00,C00166,M0024,14.41,0
T78,2025-02-14 05:44:00,C01463,M0321,7.29,0
T8294,2025-02-14 06:02:00,C00677,M0365,4.9,0
T5907,2025-02-14 06:03:00,C01779,M0135,26.87,0
T1072,2025-02-14 06:11:00,C00203,M0016,6.97,0
T189,2025-02-14 06:14:00,C01478,M0048,11.38,0
T2193,2025-02-14 06:20:00,C00101,M0286,9.24,0
T7377,2025-02-14 06:25:00,C00590,M0199,19.56,0
T7225,2025-02-14 06:29:00,C00922,M0201,8.1,0
T6509,2025-02-14 06:32:00,C01028,M0031,19.81,0
T6713,2025-02-14 06:33:00,C00697,M0190,9.62,0
T8749,2025-02-14 06:35:00,C00137,M0154,31.71,0
T3708,2025-02-14 06:41:00,C01469,M0266,8.49,0
T8175,2025-02-14 06:47:00,C01416,M0434,38.65,0
T5212,2025-02-14 06:48:00,C01944,M0254,47.39,0
T6118,2025-02-14 06:52:00,C00829,M0443,22.22,1
T3783,2025-02-14 07:31:00,C01822,M0343,62.47,0
T3813,2025-02-14 07:34:00,C01612,M0012,100.91,0
T5739,2025-02-14 08:11:00,C01452,M0055,63.89,0
T1545,2025-02-14 08:12:00,C01600,M0062,2.87,0
T2709,2025-02-14 08:30:00,C01432,M0145,188.83,0
T2705,2025-02-14 08:38:00,C01224,M0136,39.19,0
T6989,2025-02-14 08:39:00,C00046,M0029,35.93,0
T7523,2025-02-14 08:44:00,C01475,M0252,4.28,0
T8656,2025-02-14 08:48:00,C01774,M0156,10.49,0
T1565,2025-02-14 08:48:00,C00529,M0133,43.62,0
T4779,2025-02-14 09:09:00,C01433,M0238,7.34,0
T3222,2025-02-14 09:18:00,C00938,M0087,70.97,0
T3260,2025-02-14 09:22:00,C01517,M0309,6.69,0
T5565,2025-02-14 09:27:00,C01789,M0045,12.27,0
T5320,2025-02-14 09:28:00,C01759,M0035,7.18,0
T519,2025-02-14 09:32:00,C01192,M0101,31.49,0
T2334,2025-02-14 09:36:00,C01029,M0457,15.65,0
T5667,2025-02-14 10:05:00,C01104,M0397,13.64,0
T4413,2025-02-14 10:12:00,C00516,M0389,1.84,1
T6634,2025-02-14 10:56:00,C00539,M0079,10.1,0
T2351,2025-02-14 11:07:00,C01900,M0394,6.09,0
T2435,2025-02-14 11:08:00,C01226,M0076,21.58,0
T2310,2025-02-14 11:21:00,C01182,M0051,7.33,0
T138,2025-02-14 11:24:00,C01803,M0343,47.9,0
T2983,2025-02-14 11:26:00,C01686,M0060,79.67,0
T3159,2025-02-14 11:27:00,C01307,M0072,33.28,0
T1120,2025-02-14 11:57:00,C00690,M0265,9.42,0
T3072,2025-02-14 12:09:00,C00769,M0218,18.12,0
T4839,2025-02-14 12:13:00,C01846,M0055,17.29,0
T1985,2025-02-14 12:26:00,C01544,M0271,31.81,0
T3614,2025-02-14 12:30:00,C00413,M0498,7.59,0
T5310,2025-02-14 13:00:00,C01634,M0020,8.06,0
T6589,2025-02-14 13:08:00,C00010,M0199,7.14,0
T2007,2025-02-14 13:17:00,C01016,M0287,2.66,0
T2736,2025-02-14 13:26:00,C01670,M0423,6.15,0
T6122,2025-02-14 13:33:00,C01682,M0235,18.02,0
T2053,2025-02-14 13:34:00,C01301,M0223,5.95,0
T1872,2025-02-14 13:38:00,C00075,M0432,24.98,0
T3112,2025-02-14 14:00:00,C00820,M0140,139.08,0
T9146,2025-02-14 14:04:00,C01238,M0188,74.44,0
T8862,2025-02-14 14:10:00,C00099,M0095,140.2,0
T9190,2025-02-14 14:22:00,C00050,M0459,9.33,0
T8253,2025-02-14 15:20:00,C00195,M0473,2.76,0
T4513,2025-02-14 15:26:00,C00690,M0415,40.36,0
T1675,2025-02-14 15:28:00,C00639,M0078,6.56,0
T802,2025-02-14 15:31:00,C01537,M0316,2.81,0
T2940,2025-02-14 15:47:00,C01964,M0461,9.44,0
T2194,2025-02-14 15:49:00,C00952,M0373,9.23,0
T2097,2025-02-14 15:55:00,C00161,M0231,18.19,0
T898,2025-02-14 16:03:00,C00025,M0309,15.97,0
T1811,2025-02-14 16:04:00,C01396,M0361,26.79,0
T8338,2025-02-14 16:20:00,C00687,M0205,2.85,0
T7113,2025-02-14 16:21:00,C01201,M0186,58.82,0
T3257,2025-02-14 16:33:00,C01237,M0127,6.43,0
T7467,2025-02-14 16:40:00,C00380,M0174,18.3,0
T2389,2025-02-14 16:59:00,C00614,M0421,2.73,0
T6344,2025-02-14 17:04:00,C00617,M0180,12.22,0
T3238,2025-02-14 17:06:00,C00706,M0298,12.04,0
T4636,2025-02-14 17:38:00,C00033,M0072,10.11,0
T3901,2025-02-14 17:45:00,C00113,M0326,11.57,0
T5513,2025-02-14 17:47:00,C00999,M0394,1.84,0
T2506,2025-02-14 17:49:00,C00793,M0409,8.16,0
T1007,2025-02-14 17:55:00,C00253,M0089,7.44,0
T4215,2025-02-14 18:10:00,C01598,M0049,10.92,0
T8624,2025-02-14 18:31:00,C01766,M0349,2.75,0
T992,2025-02-14 18:44:00,C01100,M0190,109.83,0
T5257,2025-02-14 18:46:00,C00104,M0378,15.16,0
T3797,2025-02-14 19:03:00,C01327,M0144,4.5,0
T100,2025-02-14 19:05:00,C01777,M0199,27.49,0
T7832,2025-02-14 19:10:00,C00068,M0213,8.65,0
T5688,2025-02-14 19:50:00,C00681,M0489,11.83,0
T4439,2025-02-14 19:51:00,C01104,M0426,21.77,0
T9468,2025-02-14 19:55:00,C00984,M0095,36.76,0
T4587,2025-02-14 20:15:00,C00864,M0425,10.7,0
T9656,2025-02-14 20:31:00,C00084,M0385,40.47,0
T9950,2025-02-14 20:35:00,C01054,M0403,2.67,0
T6213,2025-02-14 20:44:00,C00463,M0197,25.54,0
T9482,2025-02-14 20:50:00,C00266,M0388,18.61,0
T2167,2025-02-14 20:52:00,C00352,M0367,82.03,0
T4063,2025-02-14 20:59:00,C01711,M0493,21.96,0
T2316,2025-02-14 21:21:00,C00404,M0423,49.01,0
T1038,2025-02-14 21:24:00,C01645,M0067,16.92,0
T1823,2025-02-14 21:54:00,C01193,M0039,23.38,0
T4402,2025-02-14 22:32:00,C01465,M0166,14.06,0
T4734,2025-02-14 22:49:00,C00824,M0372,12.31,0
T1965,2025-02-14 22:52:00,C01128,M0307,6.49,0
T1431,2025-02-14 23:14:00,C01849,M0385,13.24,0
T5639,2025-02-14 23:17:00,C01892,M0411,17.74,0
T1010,2025-02-14 23:32:00,C00819,M0392,17.77,0
T1478,2025-02-14 23:32:00,C00983,M0027,7.08,0
T3795,2025-02-14 23:49:00,C00521,M0347,27.9,0
T8694,2025-02-15 00:00:00,C00770,M0231,8.09,0
T3675,2025-02-15 00:05:00,C01083,M0479,23.76,0
T7007,2025-02-15 00:17:00,C00683,M0449,76.8,0
T12,2025-02-15 00:20:00,C01832,M0074,17.53,0
T7657,2025-02-15 00:24:00,C01565,M0422,6.58,0
T8873,2025-02-15 00:39:00,C00218,M0012,29.04,0
T9296,2025-02-15 00:57:00,C01963,M0374,20.45,0
T9471,2025-02-15 01:00:00,C01983,M0159,43.87,0
T1723,2025-02-15 01:21:00,C01758,M0129,64.33,0
T3994,2025-02-15 01:27:00,C01817,M0337,22.92,0
T5393,2025-02-15 01:32:00,C01037,M0352,20.22,0
T528,2025-02-15 01:35:00,C01258,M0145,5.99,0
T7722,2025-02-15 01:59:00,C01550,M0149,4.21,0
T7352,2025-02-15 02:02:00,C01529,M0398,50.43,0
T4387,2025-02-15 02:05:00,C01795,M0270,67.01,0
T4270,2025-02-15 02:05:00,C00948,M0152,1.4,0
T16,2025-02-15 02:05:00,C01615,M0073,12.61,0
T6944,2025-02-15 02:06:00,C01365,M0292,80.54,0
T1158,2025-02-15 02:09:00,C01654,M0242,7.69,0
T2408,2025-02-15 02:26:00,C01178,M0436,23.16,0
T9421,2025-02-15 02:27:00,C00452,M0344,41.94,0
T6668,2025-02-15 02:32:00,C01690,M0462,192.4,0
T1938,2025-02-15 02:45:00,C00513,M0087,49.24,0
T2161,2025-02-15 02:57:00,C01557,M0113,22.9,0
T7522,2025-02-15 03:14:00,C01724,M0341,18.53,0
T5038,2025-02-15 03:26:00,C00051,M0437,11.35,0
T7323,2025-02-15 03:50:00,C01057,M0164,25.13,0
T2776,2025-02-15 03:51:00,C01203,M0165,14.39,0
T7347,2025-02-15 03:54:00,C00017,M0054,15.33,0
T4322,2025-02-15 04:08:00,C01128,M0485,18.54,0
T7878,2025-02-15 04:14:00,C01266,M0241,68.23,0
T2146,2025-02-15 04:21:00,C01508,M0235,13.63,0
T5826,2025-02-15 04:26:00,C00941,M0008,7.12,0
T1507,2025-02-15 04:42:00,C00682,M0225,2.03,0
T2960,2025-02-15 04:47:00,C01300,M0124,17.43,0
T2460,2025-02-15 04:55:00,C00244,M0059,29.06,0
T3679,2025-02-15 05:01:00,C01044,M0401,34.27,0
T2073,2025-02-15 05:08:00,C01247,M0241,66.93,0
T1781,2025-02-15 05:28:00,C00999,M0276,12.0,0
T8252,2025-02-15 05:31:00,C00892,M0351,16.95,0
T4470,2025-02-15 05:33:00,C01000,M0451,15.02,0
T9787,2025-02-15 05:39:00,C01205,M0244,17.13,0
T7546,2025-02-15 05:40:00,C01909,M0440,100.68,0
T4667,2025-02-15 05:49:00,C01089,M0367,114.84,0
T7674,2025-02-15 05:49:00,C00437,M0479,7.73,0
T1130,2025-02-15 05:55:00,C01082,M0087,33.32,0
T1472,2025-02-15 06:00:00,C00169,M0233,7.27,0
T7102,2025-02-15 06:11:00,C01361,M0220,15.79,0
T7008,2025-02-15 06:24:00,C00962,M0377,5.65,0
T7175,2025-02-15 06:25:00,C01477,M0337,14.86,0
T4538,2025-02-15 06:46:00,C01928,M0022,83.47,0
T8021,2025-02-15 06:52:00,C00985,M0156,25.17,0
T734,2025-02-15 06:55:00,C00682,M0404,68.6,0
T7079,2025-02-15 07:00:00,C00339,M0338,54.2,0
T9683,2025-02-15 07:06:00,C00684,M0198,14.84,0
T7205,2025-02-15 07:22:00,C01059,M0065,51.09,0
T8774,2025-02-15 08:14:00,C01803,M0278,240.71,0
T4054,2025-02-15 08:23:00,C00774,M0051,11.09,0
T7786,2025-02-15 08:25:00,C00104,M0271,70.02,0
T1044,2025-02-15 08:30:00,C01608,M0150,9.69,0
T177,2025-02-15 08:38:00,C00153,M0398,17.72,0
T5066,2025-02-15 08:53:00,C01599,M0317,23.19,0
T3040,2025-02-15 08:53:00,C00918,M0126,14.02,0
T3653,2025-02-15 09:04:00,C01875,M0395,19.59,0
T6058,2025-02-15 09:24:00,C01104,M0179,49.14,0
T438,2025-02-15 10:17:00,C00017,M0146,20.3,0
T8068,2025-02-15 10:21:00,C00609,M0418,63.22,0
T6487,2025-02-15 10:25:00,C00943,M0349,10.5,0
T2645,2025-02-15 10:28:00,C01249,M0236,148.9,0
T2032,2025-02-15 10:29:00,C00059,M0080,9.32,0
T6115,2025-02-15 10:31:00,C01792,M0417,30.42,0
T7116,2025-02-15 10:39:00,C01246,M0483,17.5,0
T935,2025-02-15 10:41:00,C00515,M0381,51.76,0
T5713,2025-02-15 10:49:00,C00445,M0427,6.09,0
T2163,2025-02-15 10:50:00,C01910,M0289,8.9,0
T1657,2025-02-15 10:55:00,C00588,M0285,20.64,0
T3888,2025-02-15 10:58:00,C01885,M0406,10.24,0
T7792,2025-02-15 11:12:00,C00517,M0143,12.25,0
T8640,2025-02-15 11:20:00,C01053,M0170,9.37,0
T2051,2025-02-15 11:21:00,C00110,M0480,23.29,0
T6062,2025-02-15 11:37:00,C00774,M0095,6.26,0
T495,2025-02-15 11:50:00,C00319,M0033,36.22,1
T7647,2025-02-15 12:02:00,C01180,M0079,37.01,0
T5799,2025-02-15 12:04:00,C00467,M0192,39.42,0
T9778,2025-02-15 12:12:00,C01588,M0414,22.61,0
T656,2025-02-15 12:25:00,C01779,M0054,168.93,0
T913,2025-02-15 12:25:00,C00760,M0050,18.77,0
T9335,2025-02-15 12:26:00,C01080,M0184,115.91,0
T9244,2025-02-15 12:28:00,C00040,M0008,15.49,0
T5271,2025-02-15 12:32:00,C01051,M0052,60.23,0
T8373,2025-02-15 12:37:00,C01567,M0076,25.16,0
T7385,2025-02-15 13:04:00,C00926,M0006,61.2,0
T7478,2025-02-15 13:22:00,C01166,M0469,17.88,0
T6574,2025-02-15 13:23:00,C01129,M0064,4.46,0
T7822,2025-02-15 13:34:00,C00373,M0283,14.01,0
T4099,2025-02-15 13:38:00,C00594,M0307,25.73,0
T9121,2025-02-15 13:49:00,C00924,M0002,34.99,0
T2690,2025-02-15 13:53:00,C01532,M0181,32.67,0
T1711,2025-02-15 14:01:00,C01079,M0178,7.38,0
T7799,2025-02-15 14:01:00,C00491,M0170,25.81,0
T1878,2025-02-15 14:21:00,C01821,M0028,30.09,0
T2893,2025-02-15 14:37:00,C01597,M0200,16.87,0
T6553,2025-02-15 14:39:00,C00096,M0141,18.21,0
T2049,2025-02-15 14:41:00,C00274,M0420,36.29,0
T6283,2025-02-15 14:41:00,C01481,M0348,12.42,0
T2522,2025-02-15 14:57:00,C01937,M0030,18.64,0
T65,2025-02-15 14:57:00,C00344,M0443,38.7,0
T9413,2025-02-15 15:15:00,C01448,M0116,37.93,0
T29,2025-02-15 15:25:00,C01718,M0069,27.15,0
T316,2025-02-15 15:26:00,C01473,M0357,39.43,0
T4884,2025-02-15 15:27:00,C00742,M0312,47.11,0
T197,2025-02-15 15:33:00,C00358,M0434,10.29,0
T7965,2025-02-15 15:47:00,C01196,M0177,6.69,0
T5983,2025-02-15 15:56:00,C01371,M0274,14.6,0
T4302,2025-02-15 16:14:00,C00209,M0396,120.51,0
T6304,2025-02-15 16:16:00,C01648,M0022,318.46,0
T5352,2025-02-15 16:20:00,C01761,M0392,35.65,0
T4980,2025-02-15 16:25:00,C01406,M0269,24.25,0
T9295,2025-02-15 16:32:00,C01717,M0185,29.26,0
T9622,2025-02-15 16:32:00,C01002,M0273,21.08,0
T2769,2025-02-15 16:34:00,C00843,M0379,5.46,0
T1909,2025-02-15 17:18:00,C00026,M0258,23.84,0
T7840,2025-02-15 17:44:00,C00508,M0104,13.85,0
T7968,2025-02-15 17:47:00,C01921,M0116,2.72,0
T7334,2025-02-15 18:06:00,C00896,M0460,6.68,0
T9419,2025-02-15 18:08:00,C01895,M0482,50.35,0
T4499,2025-02-15 18:21:00,C01482,M0053,8.91,0
T9317,2025-02-15 18:28:00,C01278,M0250,42.89,0
T5590,2025-02-15 18:31:00,C00422,M0462,17.29,0
T8709,2025-02-15 18:56:00,C01550,M0021,22.91,0
T6960,2025-02-15 18:58:00,C00823,M0148,52.74,0
T5074,2025-02-15 19:02:00,C01480,M0277,14.89,0
T3929,2025-02-15 19:02:00,C01849,M0019,7.01,0
T473,2025-02-15 19:13:00,C00266,M0055,26.31,0
T4740,2025-02-15 19:42:00,C00863,M0357,27.93,0
T1274,2025-02-15 20:17:00,C00764,M0351,33.94,0
T1932,2025-02-15 20:24:00,C00335,M0268,1.85,0
T4426,2025-02-15 20:25:00,C00335,M0375,23.24,0
T598,2025-02-15 20:40:00,C00829,M0136,82.72,0
T8684,2025-02-15 20:55:00,C00551,M0149,30.19,0
T7404,2025-02-15 21:00:00,C01967,M0107,24.89,0
T1807,2025-02-15 21:01:00,C00186,M0422,51.45,0
T2535,2025-02-15 21:17:00,C01338,M0258,25.62,0
T1372,2025-02-15 21:21:00,C01042,M0400,13.6,0
T3294,2025-02-15 21:33:00,C00954,M0262,40.65,0
T9761,2025-02-15 21:41:00,C01466,M0473,29.34,0
T325,2025-02-15 21:45:00,C01272,M0060,10.65,0
T5061,2025-02-15 22:05:00,C01200,M0045,61.53,0
T8690,2025-02-15 22:13:00,C01372,M0282,4.58,0
T9868,2025-02-15 22:14:00,C01096,M0437,21.17,0
T1348,2025-02-15 22:30:00,C01657,M0016,7.35,0
T6149,2025-02-15 22:31:00,C00845,M0460,12.09,0
T3712,2025-02-15 22:35:00,C01130,M0467,5.78,0
T4972,2025-02-15 22:43:00,C01499,M0172,24.66,0
T9959,2025-02-15 22:48:00,C01789,M0291,77.57,0
T9253,2025-02-15 23:08:00,C00518,M0400,39.64,0
T4248,2025-02-15 23:17:00,C01740,M0054,4.95,0
T165,2025-02-15 23:19:00,C01230,M0212,61.86,0
T8671,2025-02-15 23:21:00,C00047,M0318,17.34,0
T629,2025-02-15 23:23:00,C01884,M0120,3.49,0
T8837,2025-02-15 23:25:00,C00222,M0317,23.32,0
T7120,2025-02-15 23:34:00,C00305,M0446,90.76,1
T3935,2025-02-15 23:36:00,C01091,M0453,9.58,0
T9917,2025-02-15 23:46:00,C01654,M0392,32.19,0
T514,2025-02-15 23:54:00,C01167,M0439,9.9,0
T314,2025-02-15 23:55:00,C00433,M0389,13.42,0
T9599,2025-02-16 00:09:00,C00764,M0011,23.9,0
T5218,2025-02-16 00:13:00,C00154,M0464,12.31,0
T7644,2025-02-16 00:15:00,C00796,M0149,3.18,0
T1444,2025-02-16 00:22:00,C00346,M0468,20.05,0
T3081,2025-02-16 00:22:00,C01376,M0396,10.04,0
T7463,2025-02-16 00:22:00,C00409,M0480,89.42,0
T8282,2025-02-16 00:33:00,C01718,M0421,50.81,0
T6675,2025-02-16 00:35:00,C00858,M0029,3.17,0
T2959,2025-02-16 01:14:00,C00657,M0178,7.9,0
T337,2025-02-16 01:20:00,C00469,M0476,11.75,0
T3215,2025-02-16 01:21:00,C00544,M0403,18.33,0
T6026,2025-02-16 01:23:00,C00718,M0200,62.8,0
T9020,2025-02-16 01:24:00,C00533,M0006,10.63,0
T7697,2025-02-16 01:44:00,C00834,M0427,17.58,0
T8936,2025-02-16 01:54:00,C00581,M0346,18.01,0
T1167,2025-02-16 01:58:00,C00471,M0374,14.07,0
T7224,2025-02-16 02:21:00,C00246,M0328,85.75,0
T452,2025-02-16 02:27:00,C01892,M0043,8.44,0
T8034,2025-02-16 02:34:00,C01126,M0064,5.94,0
T4122,2025-02-16 02:35:00,C00275,M0471,13.15,0
T8801,2025-02-16 02:40:00,C00181,M0435,39.17,0
T4832,2025-02-16 02:46:00,C01027,M0280,13.15,0
T375,2025-02-16 02:52:00,C01526,M0126,21.95,1
T3298,2025-02-16 02:58:00,C00119,M0343,37.96,0
T8512,2025-02-16 03:05:00,C00268,M0173,9.52,0
T9928,2025-02-16 03:13:00,C00777,M0005,22.32,0
T1732,2025-02-16 03:15:00,C00308,M0481,12.83,0
T4471,2025-02-16 03:38:00,C00773,M0480,3.73,0
T5315,2025-02-16 03:47:00,C00219,M0471,8.73,0
T5496,2025-02-16 03:51:00,C01707,M0231,9.61,0
T7213,2025-02-16 04:10:00,C01455,M0324,25.3,0
T1860,2025-02-16 04:24:00,C00424,M0235,25.34,0
T6007,2025-02-16 04:57:00,C00658,M0397,29.37,0
T6849,2025-02-16 05:03:00,C00958,M0131,5.52,0
T2498,2025-02-16 05:09:00,C01470,M0378,67.25,1
T56,2025-02-16 05:17:00,C01935,M0360,37.33,0
T7900,2025-02-16 05:36:00,C00881,M0026,19.33,0
T7109,2025-02-16 06:06:00,C00112,M0148,18.8,0
T7469,2025-02-16 06:17:00,C00551,M0383,41.8,0
T397,2025-02-16 06:17:00,C01234,M0064,11.44,0
T3370,2025-02-16 06:24:00,C01571,M0493,8.07,0
T4488,2025-02-16 06:29:00,C00529,M0096,39.37,0
T5285,2025-02-16 06:30:00,C00694,M0405,33.25,0
T3391,2025-02-16 06:34:00,C01316,M0422,234.97,0
T3782,2025-02-16 06:41:00,C00811,M0214,9.38,0
T3687,2025-02-16 06:52:00,C01428,M0241,24.63,0
T990,2025-02-16 06:56:00,C00757,M0243,33.17,0
T3810,2025-02-16 07:08:00,C01076,M0420,50.97,0
T4821,2025-02-16 07:10:00,C01886,M0449,5.65,0
T1538,2025-02-16 07:12:00,C00936,M0077,4.7,0
T5853,2025-02-16 07:17:00,C01473,M0247,18.91,0
T4604,2025-02-16 07:17:00,C00160,M0242,7.17,0
T3162,2025-02-16 07:17:00,C00133,M0477,11.66,0
T245,2025-02-16 07:30:00,C01076,M0378,44.29,0
T9078,2025-02-16 07:31:00,C01725,M0324,22.02,0
T536,2025-02-16 07:43:00,C01896,M0002,5.22,0
T5338,2025-02-16 07:46:00,C01881,M0075,25.79,0
T2643,2025-02-16 07:47:00,C01891,M0398,15.95,0
T6636,2025-02-16 07:48:00,C00469,M0100,9.48,0
T9899,2025-02-16 08:00:00,C01219,M0267,18.67,0
T6015,2025-02-16 08:07:00,C01658,M0053,2.17,0
T9647,2025-02-16 08:09:00,C00180,M0479,83.86,0
T3759,2025-02-16 08:12:00,C01318,M0412,49.76,0
T4236,2025-02-16 08:16:00,C01195,M0052,38.77,0
T7828,2025-02-16 08:25:00,C01113,M0376,94.27,0
T6331,2025-02-16 08:46:00,C00674,M0095,147.99,0
T4756,2025-02-16 09:08:00,C01603,M0159,13.62,0
T4631,2025-02-16 09:18:00,C00334,M0343,10.06,0
T34,2025-02-16 09:23:00,C01118,M0206,18.78,0
T4938,2025-02-16 09:29:00,C00406,M0070,7.03,0
T7514,2025-02-16 09:50:00,C01594,M0299,42.95,0
T155,2025-02-16 10:02:00,C01608,M0309,30.72,0
T7580,2025-02-16 10:04:00,C00191,M0415,53.7,0
T3505,2025-02-16 10:12:00,C00105,M0301,15.49,0
T4149,2025-02-16 10:57:00,C01842,M0370,16.99,0
T3941,2025-02-16 10:59:00,C00577,M0455,8.71,0
T6485,2025-02-16 11:00:00,C00245,M0201,7.67,0
T2447,2025-02-16 11:12:00,C00026,M0140,30.55,0
T3513,2025-02-16 11:14:00,C01868,M0392,23.7,0
T6983,2025-02-16 11:17:00,C00616,M0016,19.0,0
T2254,2025-02-16 11:18:00,C01811,M0196,153.36,0
T8189,2025-02-16 11:22:00,C01168,M0426,15.01,1
T9292,2025-02-16 11:45:00,C01075,M0224,6.87,0
T4013,2025-02-16 12:00:00,C01360,M0295,6.29,0
T8887,2025-02-16 12:01:00,C00855,M0493,13.15,0
T5676,2025-02-16 12:12:00,C00480,M0491,9.14,0
T4771,2025-02-16 12:21:00,C00245,M0223,15.19,0
T8045,2025-02-16 12:23:00,C01555,M0352,32.34,0
T4705,2025-02-16 12:23:00,C00693,M0022,62.1,0
T6237,2025-02-16 12:25:00,C01104,M0448,61.02,0
T8358,2025-02-16 12:45:00,C01617,M0031,24.89,0
T2963,2025-02-16 13:08:00,C00663,M0310,12.85,0
T7124,2025-02-16 13:18:00,C01797,M0065,5.12,0
T9230,2025-02-16 13:22:00,C01175,M0419,12.4,0
T4058,2025-02-16 13:34:00,C00790,M0200,9.64,0
T3514,2025-02-16 13:35:00,C01227,M0324,10.53,0
T2798,2025-02-16 13:45:00,C01637,M0423,9.94,0
T825,2025-02-16 13:47:00,C01463,M0141,58.19,0
T8445,2025-02-16 13:47:00,C01561,M0259,61.04,0
T6676,2025-02-16 14:01:00,C00007,M0359,354.39,0
T7251,2025-02-16 14:04:00,C01230,M0021,30.5,0
T6232,2025-02-16 14:07:00,C01964,M0208,34.79,0
T4145,2025-02-16 14:07:00,C00690,M0027,30.11,0
T53,2025-02-16 14:41:00,C01183,M0003,5.12,0
T7561,2025-02-16 14:56:00,C01388,M0354,20.34,0
T2607,2025-02-16 15:15:00,C01157,M0429,5.03,0
T5953,2025-02-16 15:23:00,C01219,M0094,5.27,0
T4443,2025-02-16 15:25:00,C01778,M0192,7.39,0
T2681,2025-02-16 15:29:00,C01487,M0172,7.46,0
T179,2025-02-16 15:32:00,C00414,M0050,10.82,0
T4206,2025-02-16 15:33:00,C01848,M0194,19.69,0
T8264,2025-02-16 15:54:00,C00574,M0111,60.83,0
T1936,2025-02-16 16:03:00,C00899,M0377,42.72,0
T130,2025-02-16 16:14:00,C00122,M0434,6.01,0
T414,2025-02-16 16:15:00,C00738,M0388,136.64,0
T11,2025-02-16 16:21:00,C00517,M0015,10.41,0
T4768,2025-02-16 16:31:00,C00798,M0053,11.28,0
T2446,2025-02-16 17:00:00,C00695,M0077,2.65,0
T8537,2025-02-16 17:02:00,C01447,M0119,23.04,0
T2701,2025-02-16 17:03:00,C00763,M0208,89.17,0
T213,2025-02-16 17:10:00,C00291,M0100,78.58,0
T1852,2025-02-16 17:18:00,C00148,M0014,81.81,0
T7557,2025-02-16 17:28:00,C00829,M0010,6.03,0
T3684,2025-02-16 17:33:00,C00497,M0397,11.69,0
T1267,2025-02-16 17:38:00,C00389,M0171,17.73,0
T8419,2025-02-16 17:40:00,C01312,M0142,31.62,0
T7781,2025-02-16 17:46:00,C00071,M0013,34.95,0
T8304,2025-02-16 17:53:00,C00089,M0067,5.94,0
T9511,2025-02-16 18:01:00,C00015,M0498,16.45,0
T6822,2025-02-16 18:14:00,C01176,M0085,24.55,0
T6291,2025-02-16 18:36:00,C00679,M0049,6.03,0
T8297,2025-02-16 18:39:00,C00111,M0129,96.01,0
T1414,2025-02-16 18:44:00,C00971,M0473,90.6,0
T2500,2025-02-16 18:44:00,C01965,M0417,5.27,0
T9688,2025-02-16 19:01:00,C00844,M0017,7.88,0
T4850,2025-02-16 19:04:00,C00929,M0388,20.06,0
T3982,2025-02-16 19:11:00,C01780,M0184,18.54,0
T3084,2025-02-16 19:31:00,C01866,M0326,53.89,0
T9112,2025-02-16 19:41:00,C00073,M0005,14.78,0
T32,2025-02-16 19:55:00,C00689,M0390,79.28,0
T6191,2025-02-16 20:03:00,C01897,M0296,48.04,0
T932,2025-02-16 20:04:00,C01814,M0114,8.5,0
T3927,2025-02-16 20:10:00,C01996,M0440,19.97,0
T3682,2025-02-16 20:28:00,C00288,M0469,5.5,0
T2860,2025-02-16 20:54:00,C01684,M0498,9.34,0
T3293,2025-02-16 20:56:00,C01038,M0167,106.99,0
T975,2025-02-16 21:06:00,C01288,M0325,31.95,0
T1084,2025-02-16 21:26:00,C00252,M0346,83.13,0
T3129,2025-02-16 21:34:00,C00135,M0329,46.83,0
T9075,2025-02-16 22:00:00,C01989,M0404,39.38,0
T7870,2025-02-16 22:00:00,C00378,M0325,77.67,0
T88,2025-02-16 22:03:00,C01196,M0343,57.49,0
T5845,2025-02-16 22:07:00,C01416,M0325,23.29,0
T4755,2025-02-16 22:08:00,C01579,M0199,22.11,0
T2973,2025-02-16 22:20:00,C01173,M0362,65.85,0
T903,2025-02-16 22:24:00,C00061,M0247,2.28,0
T5802,2025-02-16 22:38:00,C00313,M0455,17.0,0
T7167,2025-02-16 22:40:00,C00252,M0357,40.18,0
T7719,2025-02-16 22:49:00,C00426,M0319,21.36,0
T5389,2025-02-16 22:53:00,C00619,M0167,20.73,0
T5714,2025-02-16 22:56:00,C00112,M0418,6.63,0
T3398,2025-02-16 23:08:00,C01203,M0241,25.75,0
T603,2025-02-16 23:21:00,C00162,M0115,5.08,0
T1200,2025-02-16 23:22:00,C00463,M0483,39.99,1
T9543,2025-02-16 23:23:00,C01626,M0078,9.68,0
T1822,2025-02-16 23:29:00,C01862,M0279,35.86,0
T6457,2025-02-16 23:37:00,C01506,M0425,15.71,0
T813,2025-02-16 23:41:00,C00497,M0320,93.24,0
T1506,2025-02-16 23:55:00,C01295,M0401,4.9,0
T6495,2025-02-17 00:04:00,C01810,M0245,15.16,0
T6368,2025-02-17 00:11:00,C00514,M0204,4.13,0
T6324,2025-02-17 00:15:00,C00193,M0408,10.99,0
T2477,2025-02-17 00:15:00,C00785,M0458,30.16,0
T5432,2025-02-17 00:28:00,C00885,M0073,82.05,0
T3767,2025-02-17 00:32:00,C00751,M0316,28.96,0
T967,2025-02-17 00:48:00,C00782,M0234,175.29,1
T4566,2025-02-17 01:13:00,C01296,M0354,39.15,0
T4963,2025-02-17 01:26:00,C00806,M0482,8.79,0
T996,2025-02-17 01:39:00,C01244,M0494,19.72,0
T5489,2025-02-17 01:49:00,C01442,M0402,14.78,0
T8585,2025-02-17 02:08:00,C00880,M0447,2.08,0
T7395,2025-02-17 02:19:00,C01258,M0310,37.58,0
T2757,2025-02-17 02:21:00,C01296,M0130,67.27,0
T7394,2025-02-17 02:38:00,C00643,M0067,58.7,0
T2780,2025-02-17 02:43:00,C01614,M0044,72.22,0
T7430,2025-02-17 02:47:00,C01793,M0024,8.03,0
T9082,2025-02-17 02:53:00,C01406,M0267,2.82,0
T195,2025-02-17 03:03:00,C01884,M0352,39.06,0
T8203,2025-02-17 03:03:00,C01490,M0326,43.06,0
T1570,2025-02-17 03:29:00,C01878,M0127,21.93,0
T3420,2025-02-17 03:44:00,C00592,M0231,69.11,0
T7837,2025-02-17 03:46:00,C01075,M0024,20.38,0
T4506,2025-02-17 03:54:00,C00033,M0012,49.29,0
T6290,2025-02-17 04:26:00,C00836,M0288,6.72,0
T1315,2025-02-17 04:37:00,C01952,M0487,27.99,0
T9655,2025-02-17 04:37:00,C00049,M0427,2.82,0
T17,2025-02-17 04:49:00,C01809,M0253,19.24,0
T2887,2025-02-17 05:10:00,C00080,M0203,60.98,0
T9629,2025-02-17 05:16:00,C01281,M0220,14.23,0
T2095,2025-02-17 05:28:00,C01101,M0030,54.13,0
T2101,2025-02-17 05:31:00,C01471,M0459,48.78,0
T3339,2025-02-17 05:46:00,C00232,M0330,65.54,0
T369,2025-02-17 05:47:00,C00832,M0462,25.05,0
T7630,2025-02-17 06:05:00,C00014,M0419,19.47,0
T9086,2025-02-17 06:07:00,C01520,M0051,28.17,0
T8010,2025-02-17 06:09:00,C01037,M0075,72.66,0
T9389,2025-02-17 06:09:00,C00120,M0479,5.2,0
T2468,2025-02-17 06:16:00,C00124,M0040,30.98,0
T2513,2025-02-17 06:59:00,C00525,M0077,8.45,0
T8248,2025-02-17 07:04:00,C01902,M0346,7.64,0
T5523,2025-02-17 07:11:00,C01978,M0049,32.32,0
T9948,2025-02-17 07:12:00,C01655,M0302,66.63,0
T5942,2025-02-17 07:16:00,C00091,M0310,12.98,0
T9483,2025-02-17 07:22:00,C01815,M0484,9.24,0
T4062,2025-02-17 07:36:00,C00493,M0283,3.43,0
T6920,2025-02-17 07:43:00,C00991,M0149,27.03,0
T47,2025-02-17 07:48:00,C01869,M0345,115.02,0
T5082,2025-02-17 07:54:00,C00689,M0243,43.76,0
T6742,2025-02-17 07:59:00,C01153,M0013,20.38,0
T7560,2025-02-17 08:18:00,C00898,M0353,53.05,0
T9484,2025-02-17 08:24:00,C00087,M0070,33.14,0
T9176,2025-02-17 08:27:00,C01779,M0195,6.45,0
T6788,2025-02-17 08:39:00,C01183,M0043,2.76,0
T5171,2025-02-17 08:47:00,C01708,M0281,43.78,0
T7901,2025-02-17 09:02:00,C00991,M0245,9.98,0
T9914,2025-02-17 09:06:00,C01183,M0428,120.68,0
T4607,2025-02-17 09:06:00,C01745,M0306,15.53,0
T6486,2025-02-17 09:24:00,C00855,M0499,6.35,0
T1063,2025-02-17 09:24:00,C00428,M0075,24.74,0
T1262,2025-02-17 09:27:00,C00058,M0229,5.78,0
T8500,2025-02-17 09:54:00,C00439,M0149,8.58,0
T9101,2025-02-17 10:15:00,C00138,M0080,31.41,0
T4997,2025-02-17 10:29:00,C01398,M0076,71.44,0
T5451,2025-02-17 10:32:00,C00440,M0056,25.15,0
T7272,2025-02-17 10:41:00,C01088,M0433,24.38,0
T7931,2025-02-17 10:42:00,C01725,M0172,26.68,0
T3761,2025-02-17 10:43:00,C00404,M0059,78.31,0
T3020,2025-02-17 10:56:00,C01392,M0142,69.22,0
T3314,2025-02-17 11:04:00,C00390,M0326,74.26,0
T1521,2025-02-17 11:04:00,C01477,M0279,10.43,1
T7420,2025-02-17 11:19:00,C00048,M0371,10.24,0
T6608,2025-02-17 11:27:00,C01883,M0146,45.31,0
T3912,2025-02-17 11:28:00,C00145,M0262,11.51,0
T7297,2025-02-17 11:29:00,C00015,M0301,26.51,0
T8499,2025-02-17 11:31:00,C00845,M0070,5.93,0
T5282,2025-02-17 11:39:00,C01017,M0360,10.58,0
T436,2025-02-17 11:45:00,C01371,M0059,22.99,0
T2061,2025-02-17 11:48:00,C01151,M0215,7.86,0
T6774,2025-02-17 12:16:00,C00511,M0042,2.99,0
T3719,2025-02-17 12:31:00,C00264,M0157,15.49,0
T6900,2025-02-17 12:47:00,C00411,M0212,995.06,0
T506,2025-02-17 12:50:00,C00897,M0020,17.43,0
T6083,2025-02-17 13:09:00,C00061,M0030,19.42,0
T8725,2025-02-17 13:10:00,C00884,M0238,1.63,0
T5819,2025-02-17 13:12:00,C01242,M0243,8.84,0
T7112,2025-02-17 13:15:00,C01172,M0161,5.04,0
T5233,2025-02-17 13:17:00,C00385,M0334,16.57,0
T3413,2025-02-17 13:27:00,C00271,M0383,7.21,0
T261,2025-02-17 13:37:00,C01388,M0305,40.04,0
T4120,2025-02-17 13:38:00,C01528,M0411,12.26,0
T8660,2025-02-17 13:55:00,C01604,M0435,18.07,0
T8218,2025-02-17 13:59:00,C00904,M0494,24.78,0
T6572,2025-02-17 14:26:00,C01243,M0000,14.62,0
T2052,2025-02-17 14:56:00,C00233,M0198,81.57,0
T1710,2025-02-17 14:57:00,C00439,M0271,4.92,0
T6811,2025-02-17 15:00:00,C00582,M0328,8.5,0
T6957,2025-02-17 15:13:00,C00729,M0411,15.43,0
T7896,2025-02-17 15:27:00,C01343,M0284,49.47,0
T2125,2025-02-17 15:39:00,C00209,M0485,6.08,0
T6661,2025-02-17 15:39:00,C01596,M0061,2.63,0
T3050,2025-02-17 16:08:00,C01265,M0499,31.31,0
T7357,2025-02-17 16:13:00,C00527,M0115,5.7,0
T4815,2025-02-17 16:25:00,C00080,M0158,13.26,0
T9993,2025-02-17 16:26:00,C01001,M0267,177.66,0
T3156,2025-02-17 16:30:00,C01982,M0203,14.45,0
T2689,2025-02-17 16:33:00,C00292,M0448,11.83,0
T7618,2025-02-17 16:41:00,C00759,M0336,24.87,0
T6992,2025-02-17 16:45:00,C01839,M0178,181.24,1
T6252,2025-02-17 16:49:00,C01227,M0102,11.46,0
T6155,2025-02-17 16:54:00,C01097,M0012,9.08,0
T3463,2025-02-17 17:03:00,C00056,M0021,11.51,0
T7859,2025-02-17 17:06:00,C01264,M0138,13.07,0
T9097,2025-02-17 17:11:00,C01908,M0292,26.8,0
T9634,2025-02-17 17:52:00,C00938,M0408,16.48,0
T9836,2025-02-17 17:54:00,C00789,M0044,15.58,0
T1649,2025-02-17 18:00:00,C01477,M0120,50.69,0
T9377,2025-02-17 18:15:00,C01016,M0254,68.18,0
T1885,2025-02-17 18:25:00,C00975,M0478,176.39,0
T4559,2025-02-17 18:38:00,C01395,M0009,12.2,0
T3169,2025-02-17 18:43:00,C01858,M0018,63.21,0
T4199,2025-02-17 18:54:00,C01991,M0481,19.58,0
T8593,2025-02-17 19:07:00,C00394,M0120,15.96,0
T2257,2025-02-17 19:08:00,C01094,M0468,32.05,0
T1152,2025-02-17 19:16:00,C01563,M0013,16.72,0
T169,2025-02-17 19:20:00,C01004,M0302,22.02,0
T4388,2025-02-17 19:22:00,C00873,M0063,13.0,0
T3070,2025-02-17 19:27:00,C01252,M0490,31.35,0
T619,2025-02-17 19:46:00,C00608,M0142,49.86,0
T5849,2025-02-17 19:56:00,C01919,M0012,38.82,0
T1591,2025-02-17 19:58:00,C00739,M0209,5.42,0
T4911,2025-02-17 20:15:00,C00464,M0194,25.25,0
T3371,2025-02-17 20:19:00,C01440,M0014,16.82,0
T1048,2025-02-17 20:24:00,C01845,M0353,5.06,0
T8424,2025-02-17 20:26:00,C01129,M0160,5.9,0
T2121,2025-02-17 20:30:00,C01564,M0272,18.0,0
T1633,2025-02-17 20:36:00,C00601,M0227,28.42,0
T9444,2025-02-17 20:36:00,C00179,M0131,11.52,0
T2598,2025-02-17 20:40:00,C00552,M0188,8.5,0
T8495,2025-02-17 20:41:00,C00396,M0220,12.57,0
T2528,2025-02-17 20:46:00,C01137,M0390,49.06,0
T7223,2025-02-17 20:51:00,C00758,M0426,10.25,0
T8588,2025-02-17 20:56:00,C00606,M0301,21.89,0
T9201,2025-02-17 21:10:00,C01215,M0088,34.31,0
T6093,2025-02-17 21:28:00,C01897,M0087,12.36,0
T4405,2025-02-17 21:35:00,C00960,M0163,62.47,0
T7940,2025-02-17 21:53:00,C00848,M0428,20.25,0
T9711,2025-02-17 22:35:00,C01292,M0479,20.68,0
T415,2025-02-17 22:42:00,C00795,M0024,13.33,0
T3909,2025-02-17 23:27:00,C01525,M0188,14.93,0
T37,2025-02-17 23:32:00,C01169,M0361,23.14,0
T7210,2025-02-17 23:33:00,C01613,M0152,13.68,0
T6442,2025-02-17 23:41:00,C01329,M0006,43.67,0
T9362,2025-02-17 23:43:00,C00864,M0032,8.09,0
T9904,2025-02-17 23:50:00,C00624,M0247,55.84,0
T3742,2025-02-17 23:59:00,C00867,M0105,23.21,0
T2515,2025-02-18 00:02:00,C01854,M0329,36.36,0
T7211,2025-02-18 00:03:00,C01636,M0171,68.73,0
T142,2025-02-18 00:43:00,C00094,M0128,26.38,0
T4279,2025-02-18 00:46:00,C01857,M0219,14.82,0
T691,2025-02-18 00:52:00,C00204,M0421,9.12,0
T9661,2025-02-18 01:00:00,C01973,M0209,5.63,0
T2684,2025-02-18 01:04:00,C00342,M0087,21.42,0
T6878,2025-02-18 01:22:00,C01523,M0488,50.41,0
T7481,2025-02-18 01:26:00,C01284,M0012,11.97,0
T7850,2025-02-18 01:31:00,C01294,M0459,80.97,0
T4118,2025-02-18 01:32:00,C00336,M0314,32.87,0
T9262,2025-02-18 01:44:00,C01602,M0391,22.42,0
T2098,2025-02-18 02:09:00,C01816,M0295,26.49,0
T2272,2025-02-18 02:12:00,C00526,M0352,6.9,0
T7400,2025-02-18 02:23:00,C01966,M0186,26.58,0
T3991,2025-02-18 02:27:00,C00061,M0273,81.33,0
T1513,2025-02-18 02:34:00,C00779,M0091,3.56,0
T5535,2025-02-18 02:40:00,C00302,M0227,36.58,0
T2694,2025-02-18 02:46:00,C00597,M0299,6.58,0
T1682,2025-02-18 02:58:00,C01818,M0315,67.32,0
T4348,2025-02-18 03:00:00,C00482,M0245,126.21,0
T9446,2025-02-18 03:06:00,C01362,M0442,10.99,0
T5862,2025-02-18 03:22:00,C01335,M0471,4.03,0
T4859,2025-02-18 03:27:00,C00071,M0274,54.26,0
T3319,2025-02-18 03:38:00,C00868,M0108,90.01,0
T4646,2025-02-18 03:41:00,C00793,M0043,13.96,0
T5414,2025-02-18 03:45:00,C00071,M0012,14.39,0
T1378,2025-02-18 03:46:00,C01660,M0011,13.79,0
T1819,2025-02-18 03:50:00,C01201,M0317,48.38,0
T7447,2025-02-18 03:51:00,C01310,M0019,10.17,0
T6916,2025-02-18 03:51:00,C01451,M0002,17.27,0
T5130,2025-02-18 04:30:00,C01122,M0280,17.2,0
T9414,2025-02-18 04:49:00,C00710,M0177,19.22,0
T5120,2025-02-18 05:23:00,C00180,M0464,2.05,1
T6853,2025-02-18 05:24:00,C00685,M0468,22.92,0
T461,2025-02-18 05:29:00,C01214,M0023,56.68,0
T5818,2025-02-18 05:33:00,C01622,M0306,18.25,0
T4877,2025-02-18 05:40:00,C00309,M0381,9.36,0
T4231,2025-02-18 05:43:00,C00766,M0162,34.75,0
T7637,2025-02-18 05:48:00,C01249,M0121,7.07,0
T54,2025-02-18 05:59:00,C00549,M0491,40.37,0
T5034,2025-02-18 06:17:00,C01806,M0482,64.51,0
T4812,2025-02-18 06:24:00,C00007,M0052,13.37,0
T5438,2025-02-18 06:37:00,C00774,M0453,34.43,0
T5288,2025-02-18 06:38:00,C01432,M0322,6.92,0
T2386,2025-02-18 06:39:00,C01255,M0226,12.87,0
T6884,2025-02-18 06:41:00,C00574,M0455,4.7,0
T7279,2025-02-18 06:46:00,C01895,M0000,36.64,0
T3602,2025-02-18 07:21:00,C01381,M0424,180.92,0
T1924,2025-02-18 07:29:00,C01908,M0129,15.76,0
T3087,2025-02-18 07:29:00,C00558,M0243,107.89,0
T8628,2025-02-18 07:46:00,C01038,M0211,9.86,0
T5495,2025-02-18 07:50:00,C00699,M0092,19.77,0
T7625,2025-02-18 08:03:00,C00507,M0154,50.59,0
T2828,2025-02-18 08:15:00,C00737,M0195,39.69,0
T9179,2025-02-18 08:19:00,C01413,M0468,30.88,0
T2909,2025-02-18 08:24:00,C00705,M0039,15.13,0
T1298,2025-02-18 08:26:00,C01732,M0095,19.74,0
T5532,2025-02-18 08:39:00,C01066,M0109,4.4,0
T1484,2025-02-18 09:09:00,C00217,M0017,18.91,0
T9237,2025-02-18 09:12:00,C00997,M0327,7.59,0
T379,2025-02-18 09:18:00,C01606,M0449,3.28,0
T4660,2025-02-18 09:21:00,C01746,M0040,45.45,0
T9616,2025-02-18 09:27:00,C01588,M0101,17.17,0
T7024,2025-02-18 09:51:00,C00343,M0257,21.29,0
T777,2025-02-18 10:04:00,C00196,M0204,5.31,1
T4300,2025-02-18 10:04:00,C00326,M0449,26.44,0
T9470,2025-02-18 10:34:00,C00220,M0426,118.9,0
T1334,2025-02-18 10:48:00,C01950,M0197,14.92,0
T9704,2025-02-18 10:58:00,C01013,M0359,20.14,0
T4947,2025-02-18 11:03:00,C01128,M0015,43.26,0
T2905,2025-02-18 11:05:00,C00015,M0054,65.77,0
T8360,2025-02-18 11:15:00,C00535,M0338,22.27,0
T5857,2025-02-18 11:26:00,C00293,M0421,12.26,0
T760,2025-02-18 11:56:00,C01693,M0333,19.03,0
T8722,2025-02-18 12:07:00,C01670,M0282,25.17,0
T5304,2025-02-18 12:15:00,C01290,M0026,32.53,0
T9672,2025-02-18 12:28:00,C00798,M0043,6.27,0
T5938,2025-02-18 12:36:00,C01928,M0393,75.7,0
T8559,2025-02-18 12:53:00,C00307,M0480,241.75,0
T523,2025-02-18 12:56:00,C01926,M0180,189.0,0
T6530,2025-02-18 13:04:00,C01361,M0239,362.09,0
T4152,2025-02-18 13:06:00,C00871,M0347,42.58,0
T9509,2025-02-18 13:18:00,C00208,M0013,8.95,0
T5668,2025-02-18 13:22:00,C01397,M0248,82.55,0
T9067,2025-02-18 13:28:00,C00686,M0484,19.58,0
T9367,2025-02-18 13:30:00,C01242,M0307,7.41,0
T7750,2025-02-18 13:59:00,C00185,M0440,17.77,0
T1986,2025-02-18 14:07:00,C01424,M0314,8.77,0
T9418,2025-02-18 14:36:00,C00238,M0140,64.75,1
T4547,2025-02-18 14:54:00,C00461,M0097,5.91,0
T2275,2025-02-18 14:57:00,C01138,M0167,8.21,0
T5081,2025-02-18 15:01:00,C01550,M0142,52.58,0
T9083,2025-02-18 15:07:00,C00367,M0324,33.32,0
T3052,2025-02-18 15:08:00,C01308,M0251,28.22,0
T352,2025-02-18 15:11:00,C01020,M0299,45.4,0
T9637,2025-02-18 15:31:00,C01836,M0093,49.02,0
T2350,2025-02-18 15:47:00,C01588,M0214,27.75,0
T705,2025-02-18 16:00:00,C00912,M0491,27.75,0
T276,2025-02-18 16:11:00,C01573,M0435,17.47,0
T3817,2025-02-18 16:13:00,C00001,M0388,8.13,0
T8795,2025-02-18 16:22:00,C01853,M0062,32.54,0
T6618,2025-02-18 16:31:00,C00529,M0314,9.09,0
T2397,2025-02-18 16:39:00,C00013,M0158,11.36,0
T5250,2025-02-18 16:42:00,C00650,M0479,11.32,0
T4527,2025-02-18 16:50:00,C01975,M0197,270.42,0
T7173,2025-02-18 16:54:00,C01725,M0176,46.52,0
T1816,2025-02-18 16:55:00,C01360,M0326,1.47,0
T6040,2025-02-18 17:12:00,C01647,M0393,17.7,0
T6305,2025-02-18 17:27:00,C00405,M0390,18.17,0
T748,2025-02-18 17:33:00,C00054,M0194,94.73,0
T3195,2025-02-18 17:48:00,C00396,M0497,3.09,0
T6506,2025-02-18 17:50:00,C00259,M0229,12.74,0
T8319,2025-02-18 17:52:00,C01885,M0060,16.1,0
T3110,2025-02-18 17:54:00,C00064,M0334,20.93,0
T8384,2025-02-18 17:58:00,C00609,M0123,52.75,0
T9046,2025-02-18 17:59:00,C00492,M0133,18.03,0
T8909,2025-02-18 17:59:00,C00122,M0042,36.86,0
T2698,2025-02-18 18:02:00,C01001,M0148,14.42,0
T5010,2025-02-18 18:04:00,C01879,M0258,8.22,0
T5742,2025-02-18 18:11:00,C01190,M0451,22.79,0
T5859,2025-02-18 18:19:00,C00135,M0450,16.9,0
T7839,2025-02-18 18:46:00,C00062,M0099,51.21,0
T6841,2025-02-18 18:47:00,C00289,M0042,30.71,0
T8461,2025-02-18 18:48:00,C00942,M0272,80.39,0
T3415,2025-02-18 19:03:00,C01028,M0437,56.32,0
T6667,2025-02-18 19:08:00,C00798,M0092,18.86,0
T4271,2025-02-18 19:09:00,C01224,M0244,40.53,0
T274,2025-02-18 19:11:00,C00449,M0255,14.41,0
T4268,2025-02-18 19:33:00,C00008,M0119,2.75,0
T3968,2025-02-18 19:45:00,C00936,M0152,14.64,0
T7449,2025-02-18 19:49:00,C01601,M0173,30.13,0
T366,2025-02-18 19:53:00,C00437,M0097,25.55,0
T1752,2025-02-18 19:56:00,C00729,M0285,12.56,0
T348,2025-02-18 19:56:00,C01292,M0096,94.96,0
T9282,2025-02-18 20:00:00,C00605,M0483,9.9,0
T1756,2025-02-18 20:06:00,C00998,M0168,22.76,0
T2293,2025-02-18 20:11:00,C00474,M0260,25.79,0
T653,2025-02-18 20:20:00,C00428,M0417,6.67,0
T1325,2025-02-18 20:22:00,C01151,M0273,46.64,0
T5986,2025-02-18 20:34:00,C00693,M0450,34.99,0
T8699,2025-02-18 21:02:00,C00862,M0475,6.18,0
T749,2025-02-18 21:10:00,C00509,M0093,22.86,0
T3241,2025-02-18 21:13:00,C00618,M0247,20.71,0
T8064,2025-02-18 21:20:00,C01278,M0053,7.57,0
T7947,2025-02-18 21:24:00,C00190,M0108,6.68,0
T5394,2025-02-18 21:29:00,C01157,M0261,60.22,0
T5570,2025-02-18 21:31:00,C01066,M0211,16.28,0
T5129,2025-02-18 21:43:00,C01834,M0074,19.09,0
T4919,2025-02-18 21:47:00,C01992,M0240,67.74,0
T9505,2025-02-18 21:49:00,C00377,M0463,9.24,0
T7830,2025-02-18 21:54:00,C00678,M0321,31.56,0
T5175,2025-02-18 22:02:00,C01820,M0451,13.38,0
T3043,2025-02-18 22:08:00,C00649,M0476,3.62,0
T4885,2025-02-18 22:13:00,C00739,M0088,40.46,0
T6469,2025-02-18 22:16:00,C01495,M0322,106.8,0
T4307,2025-02-18 22:23:00,C01780,M0315,34.4,0
T190,2025-02-18 22:27:00,C00739,M0005,11.24,0
T5300,2025-02-18 22:29:00,C00598,M0281,8.77,0
T6157,2025-02-18 22:34:00,C01658,M0299,27.7,0
T2337,2025-02-18 22:36:00,C00857,M0269,7.52,0
T1095,2025-02-18 22:40:00,C00306,M0309,14.31,0
T3961,2025-02-18 22:42:00,C00195,M0271,13.58,0
T1082,2025-02-18 23:07:00,C00442,M0080,4.93,0
T4560,2025-02-18 23:32:00,C01679,M0234,35.72,0
T3975,2025-02-18 23:33:00,C00633,M0244,248.84,0
T2583,2025-02-18 23:53:00,C00897,M0494,51.36,0
T2099,2025-02-19 00:27:00,C00252,M0413,40.5,0
T459,2025-02-19 00:28:00,C01258,M0346,61.99,0
T114,2025-02-19 00:32:00,C01252,M0118,14.25,0
T7252,2025-02-19 00:41:00,C00563,M0243,64.64,0
T6086,2025-02-19 00:50:00,C01452,M0267,12.43,0
T494,2025-02-19 01:20:00,C01597,M0308,15.65,0
T9388,2025-02-19 01:21:00,C00161,M0313,49.45,0
T9164,2025-02-19 01:38:00,C00913,M0363,58.57,0
T6679,2025-02-19 01:43:00,C01507,M0137,47.4,0
T6139,2025-02-19 02:34:00,C01613,M0167,14.84,0
T3403,2025-02-19 02:41:00,C01854,M0234,16.77,0
T6617,2025-02-19 02:46:00,C00193,M0383,54.2,0
T6655,2025-02-19 03:00:00,C01349,M0154,57.02,0
T4722,2025-02-19 03:04:00,C00349,M0322,84.83,0
T934,2025-02-19 03:52:00,C01203,M0056,36.31,0
T8777,2025-02-19 03:53:00,C00887,M0133,12.98,0
T8679,2025-02-19 03:59:00,C00172,M0367,28.58,0
T3475,2025-02-19 04:12:00,C01881,M0161,37.18,0
T4109,2025-02-19 04:21:00,C00619,M0022,23.8,0
T7298,2025-02-19 04:21:00,C01831,M0450,12.64,0
T1488,2025-02-19 04:31:00,C01708,M0138,17.27,0
T5888,2025-02-19 04:32:00,C00866,M0151,9.23,0
T1085,2025-02-19 04:35:00,C00264,M0390,36.91,0
T4179,2025-02-19 04:43:00,C00615,M0483,45.52,1
T1317,2025-02-19 04:55:00,C01177,M0428,5.45,0
T9249,2025-02-19 05:04:00,C01401,M0274,22.66,0
T7499,2025-02-19 05:11:00,C00791,M0111,3.01,0
T9422,2025-02-19 05:20:00,C00382,M0049,12.28,0
T3722,2025-02-19 05:42:00,C00377,M0224,44.95,0
T2951,2025-02-19 05:50:00,C01028,M0277,34.14,0
T6389,2025-02-19 06:14:00,C01264,M0472,52.86,0
T2650,2025-02-19 06:48:00,C01329,M0420,17.2,0
T8188,2025-02-19 06:48:00,C00930,M0230,31.07,0
T2838,2025-02-19 06:49:00,C00947,M0082,43.15,0
T2166,2025-02-19 06:51:00,C00801,M0024,8.42,0
T1547,2025-02-19 07:01:00,C00307,M0402,16.83,0
T2243,2025-02-19 07:04:00,C01687,M0315,39.38,0
T6182,2025-02-19 07:10:00,C01674,M0210,12.95,0
T8446,2025-02-19 07:37:00,C01482,M0422,4.43,0
T2027,2025-02-19 07:51:00,C00270,M0060,2.7,0
T9525,2025-02-19 07:55:00,C00846,M0279,13.92,0
T5772,2025-02-19 08:02:00,C01748,M0209,24.18,0
T4757,2025-02-19 08:05:00,C01583,M0182,28.26,0
T6881,2025-02-19 08:11:00,C01092,M0123,22.03,0
T8035,2025-02-19 08:15:00,C00701,M0336,372.91,1
T4971,2025-02-19 08:48:00,C01447,M0052,20.25,0
T4305,2025-02-19 08:48:00,C01126,M0357,6.88,0
T6573,2025-02-19 08:51:00,C00751,M0359,6.16,0
T4749,2025-02-19 08:54:00,C01182,M0417,10.45,0
T6908,2025-02-19 09:01:00,C01312,M0204,28.84,0
T6926,2025-02-19 09:16:00,C01902,M0467,12.66,0
T5466,2025-02-19 09:17:00,C01643,M0268,107.15,0
T3447,2025-02-19 09:21:00,C00621,M0327,18.99,0
T3445,2025-02-19 09:26:00,C00897,M0318,19.39,0
T9966,2025-02-19 09:27:00,C01351,M0483,19.11,0
T4824,2025-02-19 09:28:00,C01722,M0354,5.4,0
T5893,2025-02-19 09:38:00,C00261,M0370,38.04,0
T6160,2025-02-19 09:39:00,C00444,M0374,5.37,0
T7502,2025-02-19 09:47:00,C00328,M0414,8.72,0
T5990,2025-02-19 09:54:00,C01443,M0163,47.99,0
T3224,2025-02-19 09:55:00,C00010,M0307,20.53,0
T868,2025-02-19 09:58:00,C00851,M0383,30.87,0
T504,2025-02-19 10:20:00,C01698,M0229,22.0,0
T8017,2025-02-19 10:25:00,C00600,M0073,22.3,0
T5969,2025-02-19 10:26:00,C00575,M0084,7.01,0
T8939,2025-02-19 10:36:00,C01556,M0103,14.59,0
T4546,2025-02-19 10:36:00,C01198,M0448,13.68,0
T7073,2025-02-19 10:46:00,C01226,M0056,40.83,0
T64,2025-02-19 10:51:00,C01882,M0144,22.37,0
T6579,2025-02-19 10:56:00,C01332,M0315,49.61,0
T7816,2025-02-19 10:58:00,C00761,M0336,44.49,0
T2264,2025-02-19 11:09:00,C01036,M0164,30.96,0
T5583,2025-02-19 11:12:00,C01692,M0231,31.09,0
T4493,2025-02-19 11:26:00,C00705,M0218,68.03,0
T1833,2025-02-19 11:40:00,C00915,M0350,51.46,0
T7034,2025-02-19 11:40:00,C01374,M0200,23.24,0
T3478,2025-02-19 11:54:00,C00441,M0001,10.09,0
T6001,2025-02-19 12:09:00,C01051,M0400,7.19,0
T4053,2025-02-19 12:11:00,C00028,M0109,9.54,0
T218,2025-02-19 12:15:00,C00626,M0250,6.84,0
T2208,2025-02-19 12:28:00,C01761,M0028,7.15,0
T9108,2025-02-19 12:29:00,C01552,M0415,9.66,0
T3405,2025-02-19 12:32:00,C01031,M0490,13.41,0
T1018,2025-02-19 12:35:00,C00746,M0179,18.79,0
T7817,2025-02-19 12:38:00,C01976,M0225,6.6,0
T8760,2025-02-19 12:39:00,C00410,M0257,29.6,0
T982,2025-02-19 12:44:00,C01842,M0464,48.33,0
T8538,2025-02-19 12:47:00,C00698,M0427,24.78,0
T5758,2025-02-19 12:54:00,C00549,M0447,7.85,0
T3026,2025-02-19 13:04:00,C00204,M0418,57.67,0
T3592,2025-02-19 13:14:00,C01001,M0096,39.53,0
T7390,2025-02-19 13:16:00,C01337,M0087,26.78,0
T2943,2025-02-19 13:23:00,C00704,M0172,37.12,0
T3500,2025-02-19 13:28:00,C00878,M0280,24.4,0
T6440,2025-02-19 13:36:00,C01591,M0085,6.56,0
T4816,2025-02-19 13:46:00,C00107,M0445,16.92,0
T7118,2025-02-19 13:47:00,C01808,M0388,36.25,0
T3102,2025-02-19 14:25:00,C01723,M0000,3.12,0
T1309,2025-02-19 14:31:00,C01531,M0127,69.22,0
T9813,2025-02-19 14:37:00,C00047,M0132,10.89,0
T3174,2025-02-19 14:42:00,C00966,M0279,10.5,0
T5672,2025-02-19 15:06:00,C00431,M0129,24.21,0
T8901,2025-02-19 15:32:00,C00184,M0213,154.9,0
T9404,2025-02-19 15:34:00,C01863,M0301,15.8,0
T963,2025-02-19 16:00:00,C01889,M0037,23.56,0
T6264,2025-02-19 16:17:00,C00425,M0369,11.63,0
T5167,2025-02-19 16:25:00,C01558,M0348,25.7,0
T8420,2025-02-19 16:25:00,C00339,M0310,6.8,0
T6803,2025-02-19 16:38:00,C01504,M0252,31.18,0
T3959,2025-02-19 16:49:00,C01099,M0249,21.47,0
T9396,2025-02-19 16:54:00,C00560,M0183,29.21,0
T5912,2025-02-19 16:56:00,C00839,M0019,33.94,0
T8061,2025-02-19 17:41:00,C01478,M0304,27.43,0
T1716,2025-02-19 17:46:00,C00087,M0342,17.35,0
T7588,2025-02-19 17:49:00,C00883,M0230,28.88,0
T1841,2025-02-19 17:55:00,C01492,M0201,23.03,0
T1846,2025-02-19 18:12:00,C01513,M0138,35.74,0
T9591,2025-02-19 18:27:00,C01858,M0241,16.57,0
T3216,2025-02-19 18:35:00,C00716,M0054,5.52,0
T2898,2025-02-19 18:38:00,C01934,M0076,33.0,0
T9243,2025-02-19 18:48:00,C00191,M0385,125.4,0
T6807,2025-02-19 18:55:00,C00033,M0128,6.48,0
T4311,2025-02-19 18:56:00,C01232,M0099,105.93,0
T2674,2025-02-19 19:07:00,C00132,M0305,4.59,0
T1502,2025-02-19 19:19:00,C00417,M0148,26.08,0
T613,2025-02-19 19:26:00,C01995,M0330,8.2,0
T7344,2025-02-19 19:43:00,C01671,M0229,52.5,0
T7807,2025-02-19 19:49:00,C00710,M0382,4.84,0
T4915,2025-02-19 20:02:00,C01971,M0220,62.88,0
T768,2025-02-19 20:14:00,C01912,M0379,50.05,0
T7348,2025-02-19 20:16:00,C01374,M0270,79.62,0
T6269,2025-02-19 20:32:00,C00412,M0255,164.37,0
T7721,2025-02-19 20:45:00,C00503,M0091,63.05,0
T8398,2025-02-19 21:00:00,C00442,M0494,10.66,0
T2042,2025-02-19 21:11:00,C00095,M0407,30.33,0
T4232,2025-02-19 21:12:00,C01607,M0167,48.12,0
T6017,2025-02-19 21:13:00,C00750,M0441,16.89,0
T7140,2025-02-19 21:26:00,C00176,M0326,35.99,0
T3208,2025-02-19 21:29:00,C00949,M0115,46.61,0
T2982,2025-02-19 21:33:00,C01833,M0464,7.34,0
T3492,2025-02-19 21:34:00,C00805,M0022,169.45,0
T6117,2025-02-19 22:14:00,C01734,M0485,67.17,1
T1006,2025-02-19 22:15:00,C01723,M0339,6.65,0
T2871,2025-02-19 22:26:00,C01885,M0242,9.0,0
T1005,2025-02-19 22:27:00,C01660,M0268,22.5,0
T128,2025-02-19 22:30:00,C01201,M0284,8.31,0
T6148,2025-02-19 22:36:00,C00081,M0086,15.51,0
T8865,2025-02-19 22:38:00,C00262,M0396,58.35,0
T6282,2025-02-19 22:47:00,C01044,M0159,27.38,0
T23,2025-02-19 22:52:00,C01468,M0231,10.72,0
T5694,2025-02-19 23:07:00,C01321,M0311,16.99,0
T9617,2025-02-19 23:07:00,C01421,M0461,5.2,0
T2744,2025-02-19 23:07:00,C01743,M0007,37.39,0
T2230,2025-02-19 23:26:00,C00897,M0045,23.94,0
T3122,2025-02-19 23:35:00,C01043,M0342,10.93,0
T2835,2025-02-19 23:46:00,C00764,M0074,13.48,0
T8515,2025-02-19 23:57:00,C01903,M0107,9.84,0
T3693,2025-02-20 00:10:00,C01155,M0223,18.5,0
T5797,2025-02-20 00:13:00,C01779,M0311,19.67,0
T6842,2025-02-20 00:15:00,C00419,M0124,33.31,0
T5063,2025-02-20 00:45:00,C00078,M0445,7.38,0
T5172,2025-02-20 00:55:00,C00775,M0037,3.77,0
T2715,2025-02-20 00:55:00,C01782,M0471,57.61,1
T7633,2025-02-20 01:09:00,C00330,M0236,40.48,0
T4453,2025-02-20 01:15:00,C01094,M0353,7.08,0
T209,2025-02-20 01:22:00,C00888,M0487,6.55,0
T5229,2025-02-20 01:24:00,C01385,M0465,14.07,0
T8696,2025-02-20 01:30:00,C00507,M0325,35.6,0
T5764,2025-02-20 01:35:00,C00465,M0017,9.94,0
T1782,2025-02-20 01:39:00,C00976,M0386,70.97,0
T962,2025-02-20 01:41:00,C00697,M0219,31.03,0
T6320,2025-02-20 01:44:00,C01643,M0028,6.2,0
T6972,2025-02-20 01:47:00,C00420,M0167,25.82,0
T3069,2025-02-20 02:04:00,C00872,M0250,94.17,0
T577,2025-02-20 02:04:00,C00243,M0179,25.47,0
T3199,2025-02-20 02:07:00,C00287,M0120,6.97,0
T2229,2025-02-20 02:26:00,C00916,M0080,27.04,0
T9988,2025-02-20 02:34:00,C01294,M0201,42.92,0
T8555,2025-02-20 02:58:00,C00067,M0236,5.1,0
T6647,2025-02-20 03:21:00,C01005,M0046,8.94,0
T9055,2025-02-20 03:24:00,C00006,M0107,1.65,0
T8744,2025-02-20 03:47:00,C01831,M0162,7.72,0
T6113,2025-02-20 03:47:00,C01201,M0333,10.21,0
T8906,2025-02-20 03:52:00,C01658,M0181,23.42,0
T7464,2025-02-20 03:53:00,C00130,M0117,5.73,0
T2891,2025-02-20 03:57:00,C00869,M0037,43.45,0
T2096,2025-02-20 04:00:00,C01249,M0196,56.06,0
T7698,2025-02-20 04:15:00,C00998,M0056,56.69,0
T5638,2025-02-20 04:15:00,C00141,M0264,19.05,0
T9215,2025-02-20 04:18:00,C01119,M0482,40.61,0
T1153,2025-02-20 04:18:00,C01809,M0135,21.7,0
T6896,2025-02-20 04:27:00,C00668,M0477,62.99,0
T548,2025-02-20 04:27:00,C00645,M0468,19.03,0
T852,2025-02-20 04:34:00,C00491,M0253,3.38,0
T9219,2025-02-20 05:02:00,C01911,M0107,5.23,0
T869,2025-02-20 05:03:00,C00060,M0106,133.48,0
T4843,2025-02-20 05:07:00,C01187,M0390,34.62,0
T4341,2025-02-20 05:09:00,C00165,M0319,12.06,0
T7107,2025-02-20 05:20:00,C00364,M0483,7.87,0
T9641,2025-02-20 05:22:00,C01303,M0292,17.19,0
T1256,2025-02-20 05:55:00,C00270,M0169,26.83,0
T7759,2025-02-20 06:01:00,C01362,M0249,34.01,0
T455,2025-02-20 06:09:00,C00897,M0146,121.08,0
T5047,2025-02-20 06:13:00,C00546,M0227,14.73,0
T4558,2025-02-20 06:14:00,C00309,M0287,64.6,0
T7726,2025-02-20 06:17:00,C00683,M0058,13.29,0
T8880,2025-02-20 06:19:00,C00586,M0113,14.51,0
T8298,2025-02-20 06:28:00,C01110,M0468,49.1,0
T8192,2025-02-20 06:30:00,C01934,M0490,33.4,0
T4780,2025-02-20 06:31:00,C00986,M0400,25.42,0
T6456,2025-02-20 06:34:00,C01067,M0425,14.19,0
T63,2025-02-20 06:49:00,C01599,M0177,3.76,0
T2003,2025-02-20 07:10:00,C00398,M0465,19.98,0
T1929,2025-02-20 07:40:00,C00970,M0146,54.25,0
T672,2025-02-20 07:54:00,C01690,M0145,15.49,0
T4653,2025-02-20 08:09:00,C01913,M0035,75.75,0
T9681,2025-02-20 08:19:00,C01476,M0410,12.39,0
T2845,2025-02-20 08:36:00,C01555,M0439,29.25,0
T4588,2025-02-20 08:38:00,C01276,M0316,3.24,0
T4016,2025-02-20 08:45:00,C00172,M0136,89.22,0
T6695,2025-02-20 08:54:00,C01360,M0317,52.72,0
T1770,2025-02-20 09:01:00,C01892,M0487,6.98,0
T1541,2025-02-20 09:05:00,C00397,M0320,8.43,0
T4577,2025-02-20 09:27:00,C00107,M0486,9.68,0
T8918,2025-02-20 09:32:00,C00873,M0446,51.49,0
T5972,2025-02-20 09:32:00,C01335,M0226,12.94,0
T6128,2025-02-20 09:33:00,C00975,M0196,6.94,0
T2016,2025-02-20 09:48:00,C01793,M0479,4.19,0
T6927,2025-02-20 09:50:00,C01739,M0069,49.88,0
T552,2025-02-20 09:52:00,C00201,M0064,14.83,0
T1559,2025-02-20 09:55:00,C01818,M0006,182.79,0
T6590,2025-02-20 10:03:00,C00817,M0233,4.82,0
T382,2025-02-20 10:15:00,C00684,M0018,87.03,0
T4273,2025-02-20 10:17:00,C00886,M0003,29.91,0
T6427,2025-02-20 10:35:00,C00203,M0031,18.12,0
T9169,2025-02-20 11:22:00,C01301,M0466,14.23,0
T5472,2025-02-20 11:24:00,C00193,M0061,28.59,0
T2972,2025-02-20 11:32:00,C00918,M0110,30.91,0
T239,2025-02-20 11:34:00,C00899,M0260,21.75,0
T3303,2025-02-20 11:42:00,C00522,M0200,1.66,0
T1743,2025-02-20 11:55:00,C01041,M0239,16.97,0
T9196,2025-02-20 12:03:00,C01909,M0415,12.79,0
T5416,2025-02-20 12:22:00,C00286,M0217,53.56,0
T1443,2025-02-20 12:30:00,C00574,M0404,78.59,0
T4602,2025-02-20 12:42:00,C01643,M0054,111.84,1
T9764,2025-02-20 12:42:00,C01023,M0201,299.71,0
T2920,2025-02-20 12:46:00,C00412,M0422,27.59,0
T6868,2025-02-20 12:58:00,C00902,M0115,19.64,0
T4788,2025-02-20 12:59:00,C01786,M0452,100.12,0
T8328,2025-02-20 13:02:00,C01688,M0487,82.16,0
T417,2025-02-20 13:09:00,C01477,M0233,23.4,0
T3305,2025-02-20 13:25:00,C01668,M0413,18.08,1
T4008,2025-02-20 13:47:00,C00162,M0125,11.35,0
T6072,2025-02-20 13:53:00,C01304,M0356,6.12,0
T8984,2025-02-20 13:53:00,C00058,M0435,37.55,0
T1117,2025-02-20 14:07:00,C01583,M0338,18.17,0
T6446,2025-02-20 15:02:00,C01534,M0444,3.29,0
T6555,2025-02-20 15:03:00,C00226,M0088,21.25,0
T2188,2025-02-20 15:09:00,C01371,M0399,99.79,0
T9457,2025-02-20 15:14:00,C00033,M0462,31.02,0
T8993,2025-02-20 15:18:00,C00903,M0204,2.58,0
T5075,2025-02-20 15:20:00,C01484,M0437,11.04,0
T2303,2025-02-20 15:30:00,C01327,M0204,23.95,0
T9821,2025-02-20 15:32:00,C01919,M0239,38.83,0
T9818,2025-02-20 15:36:00,C00032,M0217,15.04,0
T520,2025-02-20 15:36:00,C00989,M0360,18.77,0
T9488,2025-02-20 15:43:00,C01171,M0133,18.68,0
T2885,2025-02-20 15:54:00,C01654,M0055,22.02,0
T3136,2025-02-20 16:22:00,C00872,M0308,11.29,0
T2132,2025-02-20 16:22:00,C01539,M0431,28.86,0
T328,2025-02-20 16:31:00,C01187,M0308,35.83,0
T3552,2025-02-20 16:56:00,C00602,M0179,66.55,0
T5376,2025-02-20 17:14:00,C01486,M0168,2.59,0
T9280,2025-02-20 17:38:00,C01091,M0399,24.5,0
T3958,2025-02-20 19:15:00,C00652,M0495,10.11,0
T2176,2025-02-20 19:25:00,C01097,M0333,10.43,0
T7571,2025-02-20 19:29:00,C00031,M0241,28.31,0
T8194,2025-02-20 19:33:00,C01872,M0386,70.06,0
T7301,2025-02-20 19:41:00,C01127,M0252,33.51,0
T4718,2025-02-20 19:53:00,C00685,M0421,3.53,0
T9263,2025-02-20 20:25:00,C01558,M0095,14.3,0
T4186,2025-02-20 20:33:00,C00306,M0194,8.22,0
T8932,2025-02-20 21:03:00,C00583,M0102,6.19,0
T9147,2025-02-20 21:13:00,C00438,M0405,56.62,0
T7263,2025-02-20 21:22:00,C01686,M0183,85.12,0
T5515,2025-02-20 21:30:00,C01015,M0165,7.43,0
T2278,2025-02-20 21:34:00,C00504,M0317,22.09,0
T1940,2025-02-20 21:37:00,C00241,M0111,3.5,0
T8933,2025-02-20 21:40:00,C01552,M0272,6.06,0
T7891,2025-02-20 21:42:00,C01951,M0267,36.15,0
T9663,2025-02-20 21:49:00,C01134,M0293,16.01,0
T7310,2025-02-20 21:53:00,C01882,M0264,19.13,0
T1029,2025-02-20 21:59:00,C01268,M0009,20.09,0
T6034,2025-02-20 22:04:00,C01401,M0303,43.38,0
T961,2025-02-20 22:20:00,C01576,M0258,22.58,0
T8011,2025-02-20 22:46:00,C00245,M0062,31.38,0
T5593,2025-02-20 22:49:00,C00803,M0064,37.91,0
T5691,2025-02-20 22:53:00,C00012,M0431,21.64,0
T9682,2025-02-20 22:54:00,C01576,M0340,17.15,0
T2089,2025-02-20 22:59:00,C01418,M0225,29.64,0
T1928,2025-02-20 23:04:00,C00644,M0289,29.13,0
T8007,2025-02-20 23:16:00,C00184,M0162,4.55,0
T3702,2025-02-20 23:22:00,C01558,M0138,19.14,0
T2501,2025-02-21 00:05:00,C00744,M0446,37.93,0
T3452,2025-02-21 00:23:00,C00600,M0124,52.82,0
T7495,2025-02-21 00:34:00,C01448,M0271,19.09,0
T757,2025-02-21 00:37:00,C00733,M0347,70.75,0
T848,2025-02-21 00:39:00,C00901,M0278,10.29,0
T4473,2025-02-21 00:53:00,C00473,M0075,3.92,0
T7317,2025-02-21 00:55:00,C01852,M0169,35.97,0
T1159,2025-02-21 01:06:00,C00891,M0192,9.38,0
T8922,2025-02-21 01:08:00,C01593,M0067,24.11,0
T1074,2025-02-21 01:09:00,C00485,M0359,51.05,0
T383,2025-02-21 01:23:00,C01164,M0080,12.67,0
T167,2025-02-21 01:30:00,C01100,M0217,4.31,0
T6311,2025-02-21 01:31:00,C01546,M0023,2.95,0
T9247,2025-02-21 01:35:00,C01796,M0388,7.09,0
T4197,2025-02-21 01:39:00,C00049,M0367,8.17,0
T1337,2025-02-21 01:43:00,C00446,M0420,22.73,0
T7702,2025-02-21 01:48:00,C01910,M0494,11.77,0
T9992,2025-02-21 01:51:00,C01755,M0061,8.95,0
T738,2025-02-21 01:53:00,C01507,M0343,22.83,0
T7037,2025-02-21 02:08:00,C01679,M0313,28.77,0
T5460,2025-02-21 02:20:00,C01790,M0241,19.22,0
T6505,2025-02-21 02:31:00,C01651,M0076,34.28,0
T7059,2025-02-21 02:46:00,C01736,M0275,127.75,0
T1566,2025-02-21 02:49:00,C01612,M0081,17.88,0
T2328,2025-02-21 02:56:00,C01594,M0181,4.32,0
T4727,2025-02-21 02:56:00,C00965,M0284,15.84,0
T6715,2025-02-21 03:00:00,C01877,M0231,20.36,0
T4805,2025-02-21 03:28:00,C00594,M0430,35.52,0
T223,2025-02-21 03:36:00,C00480,M0053,123.3,0
T8649,2025-02-21 03:44:00,C01728,M0254,3.29,0
T412,2025-02-21 03:46:00,C01882,M0299,16.9,0
T812,2025-02-21 04:06:00,C01272,M0368,28.56,0
T829,2025-02-21 04:08:00,C01004,M0406,63.81,0
T6984,2025-02-21 04:10:00,C00148,M0111,13.15,0
T937,2025-02-21 04:18:00,C00174,M0439,28.58,0
T8653,2025-02-21 04:24:00,C00167,M0311,91.18,0
T7970,2025-02-21 04:25:00,C01987,M0018,9.1,0
T6144,2025-02-21 04:37:00,C00899,M0414,21.45,0
T8478,2025-02-21 04:39:00,C00986,M0121,14.78,0
T9293,2025-02-21 05:01:00,C00174,M0478,6.94,0
T299,2025-02-21 05:04:00,C01594,M0308,6.29,0
T9100,2025-02-21 05:06:00,C00348,M0098,23.6,0
T5954,2025-02-21 05:15:00,C00077,M0257,199.06,0
T9394,2025-02-21 05:17:00,C00727,M0333,61.3,0
T5776,2025-02-21 05:22:00,C01317,M0459,13.55,0
T1976,2025-02-21 05:30:00,C01879,M0129,45.95,0
T6288,2025-02-21 05:39:00,C01596,M0064,16.62,0
T1442,2025-02-21 05:41:00,C01515,M0135,45.15,0
T4139,2025-02-21 05:48:00,C01454,M0161,21.93,0
T2107,2025-02-21 05:54:00,C01132,M0177,10.21,0
T841,2025-02-21 05:54:00,C00674,M0381,41.42,0
T2181,2025-02-21 06:00:00,C00454,M0165,25.11,0
T6607,2025-02-21 06:05:00,C01490,M0206,16.37,0
T2196,2025-02-21 06:22:00,C01237,M0283,10.96,0
T6171,2025-02-21 06:43:00,C01889,M0204,11.73,0
T386,2025-02-21 06:47:00,C00709,M0457,9.28,0
T3209,2025-02-21 06:51:00,C00620,M0101,41.79,0
T2177,2025-02-21 07:01:00,C01365,M0476,22.0,0
T3021,2025-02-21 07:09:00,C01702,M0203,124.26,0
T6020,2025-02-21 07:10:00,C00763,M0096,23.32,0
T8503,2025-02-21 07:29:00,C00310,M0372,15.19,0
T4108,2025-02-21 07:43:00,C01710,M0271,67.66,0
T9572,2025-02-21 07:54:00,C01667,M0230,68.15,0
T5245,2025-02-21 07:54:00,C00838,M0387,26.22,0
T5457,2025-02-21 08:02:00,C01659,M0136,3.18,0
T7426,2025-02-21 08:07:00,C01651,M0121,10.87,0
T4378,2025-02-21 08:13:00,C00639,M0355,7.62,0
T6877,2025-02-21 08:28:00,C00306,M0493,6.8,0
T7826,2025-02-21 08:33:00,C01977,M0346,8.64,0
T8351,2025-02-21 08:40:00,C00367,M0449,67.22,0
T718,2025-02-21 08:43:00,C00675,M0460,5.22,0
T2201,2025-02-21 08:45:00,C00703,M0017,25.64,0
T43,2025-02-21 08:49:00,C00494,M0368,7.94,0
T8150,2025-02-21 08:50:00,C00014,M0063,21.81,0
T1385,2025-02-21 08:52:00,C00254,M0374,17.33,0
T5698,2025-02-21 09:04:00,C00723,M0094,30.39,0
T8540,2025-02-21 09:14:00,C01037,M0189,5.93,0
T2621,2025-02-21 09:17:00,C01963,M0056,5.52,0
T5959,2025-02-21 09:44:00,C01231,M0329,8.22,0
T3246,2025-02-21 09:47:00,C00863,M0267,11.58,0
T1370,2025-02-21 09:58:00,C01670,M0392,15.15,0
T9320,2025-02-21 10:11:00,C00503,M0330,6.71,0
T1148,2025-02-21 10:15:00,C00348,M0388,34.7,0
T4819,2025-02-21 10:15:00,C00685,M0076,5.71,0
T74,2025-02-21 10:25:00,C00032,M0470,15.54,0
T2109,2025-02-21 10:29:00,C01058,M0258,10.3,0
T2695,2025-02-21 10:31:00,C00644,M0446,10.01,0
T3548,2025-02-21 10:43:00,C00612,M0485,27.96,0
T3401,2025-02-21 10:45:00,C00234,M0210,31.33,0
T7766,2025-02-21 10:54:00,C01206,M0407,81.47,0
T8141,2025-02-21 10:59:00,C01856,M0144,7.85,0
T4601,2025-02-21 11:02:00,C01443,M0389,18.5,0
T8381,2025-02-21 11:23:00,C01751,M0009,6.74,0
T1773,2025-02-21 11:31:00,C01508,M0101,38.77,0
T1736,2025-02-21 11:37:00,C01198,M0465,37.9,0
T6911,2025-02-21 12:00:00,C00139,M0225,60.66,0
T9125,2025-02-21 12:03:00,C00128,M0348,39.88,0
T2021,2025-02-21 12:12:00,C01607,M0125,25.53,0
T1240,2025-02-21 12:22:00,C00281,M0078,17.87,1
T6691,2025-02-21 12:45:00,C01669,M0035,6.93,0
T3652,2025-02-21 12:58:00,C00381,M0209,23.94,0
T6351,2025-02-21 12:59:00,C00648,M0495,28.9,0
T5663,2025-02-21 13:09:00,C00818,M0043,110.88,0
T7058,2025-02-21 13:11:00,C01078,M0124,39.72,0
T7616,2025-02-21 13:13:00,C00809,M0197,10.87,0
T7767,2025-02-21 13:35:00,C00422,M0479,14.92,0
T2218,2025-02-21 13:50:00,C00967,M0226,3.31,0
T5679,2025-02-21 14:06:00,C01692,M0129,12.71,0
T285,2025-02-21 14:10:00,C00775,M0073,6.88,0
T7376,2025-02-21 14:28:00,C01727,M0356,68.97,0
T1635,2025-02-21 14:38:00,C01275,M0091,2.24,0
T1689,2025-02-21 14:39:00,C01724,M0467,7.65,0
T7369,2025-02-21 14:43:00,C01468,M0027,13.18,0
T8786,2025-02-21 14:47:00,C00626,M0498,53.45,1
T5600,2025-02-21 14:48:00,C00095,M0284,11.45,0
T7582,2025-02-21 14:49:00,C01563,M0293,83.48,0
T8399,2025-02-21 15:13:00,C00896,M0240,3.28,0
T9332,2025-02-21 15:51:00,C00096,M0335,16.59,0
T7920,2025-02-21 16:00:00,C00411,M0046,26.49,0
T9061,2025-02-21 16:08:00,C01591,M0055,16.69,0
T6159,2025-02-21 16:17:00,C00289,M0124,16.99,0
T1692,2025-02-21 16:41:00,C00736,M0461,15.29,0
T546,2025-02-21 17:00:00,C00427,M0495,20.11,0
T6502,2025-02-21 17:02:00,C00809,M0336,12.06,0
T1266,2025-02-21 17:18:00,C00762,M0007,23.24,0
T9133,2025-02-21 17:35:00,C01218,M0473,20.57,0
T6893,2025-02-21 17:39:00,C01541,M0175,4.17,0
T9652,2025-02-21 17:59:00,C00918,M0143,10.95,0
T2192,2025-02-21 18:00:00,C01023,M0399,19.49,0
T7983,2025-02-21 18:11:00,C00670,M0125,9.77,0
T1217,2025-02-21 18:12:00,C00201,M0440,35.1,0
T296,2025-02-21 18:23:00,C01780,M0244,12.47,0
T1520,2025-02-21 18:33:00,C00156,M0201,11.82,0
T8527,2025-02-21 18:34:00,C00287,M0481,11.36,0
T2895,2025-02-21 18:47:00,C00598,M0473,14.89,0
T8242,2025-02-21 19:19:00,C00070,M0198,28.62,0
T3820,2025-02-21 19:21:00,C01592,M0494,43.3,0
T2614,2025-02-21 19:23:00,C00728,M0386,73.87,1
T3517,2025-02-21 19:39:00,C00281,M0409,3.44,0
T9405,2025-02-21 19:52:00,C01088,M0215,23.97,0
T8125,2025-02-21 19:52:00,C00020,M0336,132.53,0
T3108,2025-02-21 19:57:00,C01130,M0087,50.81,0
T4830,2025-02-21 20:00:00,C01755,M0082,318.4,0
T8019,2025-02-21 20:16:00,C00961,M0191,25.19,0
T2851,2025-02-21 20:18:00,C01104,M0057,20.96,0
T1693,2025-02-21 20:23:00,C00941,M0341,16.4,0
T2857,2025-02-21 20:23:00,C01759,M0072,10.31,0
T1284,2025-02-21 20:26:00,C01469,M0058,13.28,0
T3753,2025-02-21 20:31:00,C01476,M0139,191.98,0
T6772,2025-02-21 20:41:00,C01193,M0003,28.03,0
T1412,2025-02-21 20:51:00,C01582,M0122,13.34,0
T6153,2025-02-21 20:54:00,C01212,M0403,18.96,0
T2067,2025-02-21 20:56:00,C00394,M0367,92.28,0
T8180,2025-02-21 21:02:00,C00362,M0057,17.18,0
T3907,2025-02-21 21:04:00,C00683,M0071,15.21,0
T3635,2025-02-21 21:07:00,C01964,M0373,8.1,0
T7025,2025-02-21 21:10:00,C01206,M0167,5.55,0
T4986,2025-02-21 21:11:00,C01485,M0345,3.12,0
T9809,2025-02-21 21:16:00,C01105,M0115,85.73,1
T9763,2025-02-21 21:23:00,C01543,M0216,48.32,0
T396,2025-02-21 21:40:00,C01686,M0177,15.6,0
T1658,2025-02-21 21:44:00,C01183,M0441,27.61,0
T7139,2025-02-21 21:55:00,C00602,M0336,13.51,0
T3448,2025-02-21 22:03:00,C00426,M0097,16.35,0
T7943,2025-02-21 22:17:00,C01927,M0100,13.81,0
T4855,2025-02-21 22:35:00,C01787,M0087,12.08,0
T6542,2025-02-21 22:37:00,C01105,M0273,103.16,0
T9117,2025-02-21 22:44:00,C01359,M0404,11.44,0
T6266,2025-02-21 22:47:00,C00094,M0413,11.57,0
T2954,2025-02-21 22:53:00,C00754,M0333,5.15,0
T9658,2025-02-21 22:56:00,C00694,M0137,105.74,0
T4081,2025-02-21 22:56:00,C01059,M0199,13.17,1
T4514,2025-02-21 23:22:00,C00591,M0066,13.54,0
T5708,2025-02-21 23:32:00,C01708,M0168,7.97,0
T7528,2025-02-21 23:34:00,C01725,M0437,22.95,0
T1368,2025-02-21 23:39:00,C00983,M0075,17.58,0
T9746,2025-02-21 23:57:00,C00386,M0497,32.06,1
T3135,2025-02-21 23:58:00,C01438,M0313,23.16,0
T2708,2025-02-22 00:25:00,C01972,M0210,21.72,0
T9460,2025-02-22 00:27:00,C00048,M0312,5.7,0
T1349,2025-02-22 00:30:00,C01357,M0442,62.84,0
T9719,2025-02-22 00:41:00,C00758,M0403,10.19,0
T5051,2025-02-22 01:20:00,C01634,M0148,108.89,0
T3132,2025-02-22 01:24:00,C00514,M0066,13.53,0
T3266,2025-02-22 01:25:00,C00548,M0222,119.2,0
T2617,2025-02-22 01:31:00,C00779,M0338,10.72,0
T8241,2025-02-22 01:51:00,C01298,M0020,26.96,0
T9283,2025-02-22 02:08:00,C00018,M0406,47.45,0
T7195,2025-02-22 02:20:00,C01053,M0316,73.7,0
T4943,2025-02-22 02:33:00,C01365,M0339,103.21,0
T1162,2025-02-22 02:39:00,C00640,M0241,4.5,0
T8052,2025-02-22 02:39:00,C01171,M0115,5.23,0
T957,2025-02-22 02:46:00,C01601,M0220,9.77,0
T2553,2025-02-22 02:54:00,C01977,M0319,39.69,0
T6690,2025-02-22 02:57:00,C01830,M0311,99.57,0
T1066,2025-02-22 03:00:00,C00888,M0456,9.55,0
T6473,2025-02-22 03:09:00,C01143,M0065,13.82,0
T7498,2025-02-22 03:22:00,C00108,M0370,14.21,0
T9636,2025-02-22 03:57:00,C01701,M0491,32.1,0
T7238,2025-02-22 03:58:00,C00301,M0181,39.29,0
T9144,2025-02-22 04:13:00,C00365,M0277,54.4,0
T6306,2025-02-22 04:15:00,C00985,M0375,84.48,0
T5085,2025-02-22 04:19:00,C00586,M0179,23.32,0
T9845,2025-02-22 04:27:00,C01368,M0360,6.78,0
T6812,2025-02-22 04:28:00,C00464,M0219,14.87,0
T5759,2025-02-22 04:43:00,C01219,M0283,5.56,0
T8118,2025-02-22 04:44:00,C00161,M0396,57.49,0
T5870,2025-02-22 04:59:00,C00197,M0273,5.86,0
T1293,2025-02-22 05:06:00,C01345,M0260,21.27,0
T9937,2025-02-22 05:19:00,C00735,M0128,19.82,0
T5146,2025-02-22 05:29:00,C01459,M0139,7.56,0
T3953,2025-02-22 05:45:00,C00660,M0246,16.63,0
T7728,2025-02-22 05:55:00,C01555,M0437,38.42,0
T5809,2025-02-22 06:02:00,C01781,M0158,32.03,0
T3249,2025-02-22 06:10:00,C00276,M0122,15.89,0
T8903,2025-02-22 06:17:00,C01601,M0013,10.19,0
T8929,2025-02-22 06:31:00,C00761,M0046,12.21,0
T4031,2025-02-22 06:37:00,C01957,M0376,38.48,0
T8024,2025-02-22 06:42:00,C00349,M0255,67.65,0
T4902,2025-02-22 07:01:00,C01717,M0284,6.39,0
T1684,2025-02-22 07:04:00,C00556,M0466,46.53,0
T5135,2025-02-22 07:08:00,C00111,M0265,56.11,0
T9639,2025-02-22 07:12:00,C00434,M0083,43.27,0
T5756,2025-02-22 07:18:00,C01669,M0000,10.01,0
T4880,2025-02-22 07:19:00,C00131,M0266,8.77,0
T9977,2025-02-22 07:20:00,C01516,M0001,7.44,0
T4545,2025-02-22 07:24:00,C01032,M0414,11.64,0
T2868,2025-02-22 07:30:00,C01845,M0183,27.6,0
T471,2025-02-22 07:53:00,C00075,M0411,54.36,0
T3499,2025-02-22 07:57:00,C00433,M0096,47.18,0
T7742,2025-02-22 08:01:00,C00023,M0295,74.29,0
T8577,2025-02-22 08:19:00,C01374,M0297,22.63,0
T8508,2025-02-22 08:26:00,C01695,M0108,10.08,0
T2040,2025-02-22 08:28:00,C01595,M0462,10.36,0
T4510,2025-02-22 08:43:00,C00324,M0426,182.71,0
T7812,2025-02-22 08:43:00,C01275,M0394,5.74,0
T4999,2025-02-22 08:54:00,C00040,M0092,4.63,0
T2672,2025-02-22 08:55:00,C01202,M0117,19.05,0
T1537,2025-02-22 08:58:00,C00165,M0325,18.83,0
T5102,2025-02-22 09:06:00,C00046,M0452,7.75,0
T7945,2025-02-22 09:12:00,C01831,M0143,9.82,0
T135,2025-02-22 09:30:00,C01082,M0223,3.9,0
T3659,2025-02-22 09:31:00,C00153,M0261,31.65,0
T6188,2025-02-22 09:32:00,C00986,M0299,8.67,0
T1102,2025-02-22 09:32:00,C00453,M0478,20.55,0
T4876,2025-02-22 09:56:00,C00889,M0276,68.77,0
T6106,2025-02-22 10:03:00,C01846,M0053,21.88,0
T4773,2025-02-22 10:05:00,C00037,M0013,82.29,0
T5069,2025-02-22 10:24:00,C00024,M0248,28.57,0
T7288,2025-02-22 10:35:00,C00987,M0261,39.14,0
T1105,2025-02-22 10:40:00,C01463,M0263,10.44,0
T1374,2025-02-22 10:52:00,C00645,M0231,10.04,0
T8051,2025-02-22 10:56:00,C01042,M0186,3.85,0
T4477,2025-02-22 11:02:00,C01060,M0228,27.12,0
T9177,2025-02-22 11:02:00,C00958,M0315,24.65,0
T2557,2025-02-22 11:24:00,C00619,M0194,33.84,0
T9284,2025-02-22 11:51:00,C00639,M0469,19.24,0
T4586,2025-02-22 12:02:00,C01703,M0272,42.52,0
T8956,2025-02-22 12:03:00,C00521,M0360,7.43,0
T5701,2025-02-22 12:09:00,C01026,M0442,12.28,0
T8608,2025-02-22 12:22:00,C00222,M0284,27.99,0
T1137,2025-02-22 12:29:00,C01320,M0305,166.2,0
T7258,2025-02-22 12:45:00,C01089,M0498,8.63,0
T7669,2025-02-22 12:52:00,C01395,M0123,11.57,0
T655,2025-02-22 13:12:00,C00348,M0320,46.73,0
T9025,2025-02-22 13:17:00,C01863,M0342,12.79,0
T1017,2025-02-22 13:23:00,C01607,M0161,21.03,0
T778,2025-02-22 13:37:00,C00220,M0090,26.22,0
T8022,2025-02-22 13:41:00,C01374,M0486,19.48,0
T860,2025-02-22 13:43:00,C00969,M0414,19.48,0
T1535,2025-02-22 13:53:00,C00481,M0466,107.85,0
T3871,2025-02-22 13:55:00,C01116,M0193,8.68,0
T1758,2025-02-22 13:57:00,C00540,M0117,36.0,0
T3780,2025-02-22 14:11:00,C01986,M0347,6.28,0
T743,2025-02-22 14:25:00,C00835,M0286,47.38,0
T3145,2025-02-22 14:29:00,C00626,M0494,38.47,0
T1463,2025-02-22 14:38:00,C00039,M0445,85.19,0
T7938,2025-02-22 14:41:00,C01580,M0278,7.26,0
T149,2025-02-22 14:46:00,C00727,M0272,26.7,0
T3161,2025-02-22 14:49:00,C01661,M0017,2.9,0
T3276,2025-02-22 14:54:00,C00110,M0102,18.45,0
T9668,2025-02-22 15:07:00,C00611,M0300,12.7,0
T8044,2025-02-22 15:11:00,C00793,M0239,23.55,0
T8612,2025-02-22 15:11:00,C01269,M0065,54.7,0
T8225,2025-02-22 15:48:00,C01252,M0076,47.54,0
T4672,2025-02-22 15:51:00,C01652,M0175,6.35,0
T7873,2025-02-22 15:59:00,C00268,M0351,19.63,0
T3018,2025-02-22 16:28:00,C01757,M0390,6.66,0
T5226,2025-02-22 16:34:00,C01815,M0103,12.69,0
T676,2025-02-22 16:40:00,C01504,M0086,6.59,0
T5042,2025-02-22 16:46:00,C00468,M0197,11.55,0
T1708,2025-02-22 16:57:00,C01164,M0235,3.73,0
T6251,2025-02-22 17:00:00,C00798,M0036,55.25,0
T5336,2025-02-22 17:10:00,C00510,M0225,5.65,0
T1028,2025-02-22 17:16:00,C00857,M0199,10.86,0
T8727,2025-02-22 17:30:00,C01887,M0198,30.32,0
T1593,2025-02-22 17:32:00,C01800,M0018,18.79,0
T2750,2025-02-22 17:39:00,C00891,M0396,18.04,0
T4125,2025-02-22 17:45:00,C01026,M0393,5.67,0
T2917,2025-02-22 17:48:00,C00289,M0163,25.25,0
T8554,2025-02-22 17:56:00,C00514,M0499,9.56,0
T3382,2025-02-22 18:09:00,C00281,M0306,28.13,0
T5554,2025-02-22 18:26:00,C00931,M0447,24.44,0
T1027,2025-02-22 18:33:00,C00833,M0084,47.17,0
T7452,2025-02-22 18:40:00,C01995,M0003,9.38,0
T3284,2025-02-22 19:01:00,C01573,M0266,6.26,0
T7056,2025-02-22 19:30:00,C01593,M0221,17.69,0
T3809,2025-02-22 19:37:00,C00090,M0404,58.97,0
T4363,2025-02-22 19:47:00,C01014,M0463,105.89,0
T1025,2025-02-22 19:57:00,C01017,M0271,32.8,0
T7692,2025-02-22 20:06:00,C01010,M0080,1.19,0
T861,2025-02-22 20:10:00,C00028,M0224,91.08,0
T9986,2025-02-22 20:15:00,C01690,M0495,18.35,0
T7168,2025-02-22 20:22:00,C00037,M0454,68.23,0
T6124,2025-02-22 20:26:00,C00365,M0419,37.82,0
T3428,2025-02-22 20:32:00,C00206,M0404,16.81,0
T3236,2025-02-22 20:38:00,C01686,M0341,13.98,1
T9324,2025-02-22 20:41:00,C01243,M0274,62.42,0
T873,2025-02-22 20:45:00,C00837,M0140,17.65,0
T2039,2025-02-22 21:13:00,C00563,M0046,34.59,0
T8199,2025-02-22 21:14:00,C00297,M0086,64.48,0
T4157,2025-02-22 21:22:00,C00627,M0308,4.69,0
T5116,2025-02-22 21:33:00,C00815,M0110,14.55,0
T7105,2025-02-22 22:08:00,C00703,M0054,31.32,1
T286,2025-02-22 22:13:00,C01109,M0048,33.56,0
T5340,2025-02-22 22:16:00,C01931,M0215,23.33,0
T1146,2025-02-22 22:18:00,C01341,M0345,22.67,0
T3704,2025-02-22 22:21:00,C01557,M0231,29.92,0
T2861,2025-02-22 22:29:00,C00789,M0353,20.35,0
T7541,2025-02-22 22:30:00,C01870,M0349,5.46,0
T4525,2025-02-22 22:34:00,C00395,M0419,5.54,0
T4250,2025-02-22 22:40:00,C01222,M0214,18.18,0
T3585,2025-02-22 22:40:00,C01483,M0340,20.3,0
T1548,2025-02-22 22:42:00,C00990,M0245,15.43,0
T3727,2025-02-22 22:53:00,C01289,M0478,15.1,0
T2546,2025-02-22 22:56:00,C01880,M0388,13.93,0
T9924,2025-02-22 22:56:00,C01419,M0400,4.68,0
T1868,2025-02-22 23:00:00,C01347,M0047,27.59,0
T2414,2025-02-22 23:12:00,C01835,M0158,42.54,0
T4338,2025-02-22 23:14:00,C01288,M0096,37.46,1
T6381,2025-02-22 23:16:00,C01550,M0409,8.98,0
T4460,2025-02-22 23:20:00,C01153,M0152,110.97,0
T6410,2025-02-22 23:30:00,C00743,M0097,32.62,0
T2355,2025-02-22 23:35:00,C01415,M0401,19.58,0
T5610,2025-02-22 23:38:00,C01655,M0173,11.72,0
T7729,2025-02-22 23:38:00,C00581,M0043,24.06,0
T8605,2025-02-22 23:42:00,C01276,M0039,9.07,0
T7209,2025-02-22 23:51:00,C01100,M0473,59.31,0
T4544,2025-02-22 23:52:00,C01187,M0412,138.46,0
T7471,2025-02-22 23:52:00,C00294,M0422,36.28,0
T880,2025-02-23 00:03:00,C01244,M0435,86.58,0
T7327,2025-02-23 00:05:00,C00770,M0457,45.06,0
T1021,2025-02-23 00:05:00,C00454,M0005,11.75,0
T2084,2025-02-23 00:09:00,C01024,M0124,11.04,0
T8872,2025-02-23 00:29:00,C01607,M0498,27.57,0
T4055,2025-02-23 00:41:00,C00220,M0102,13.47,0
T1832,2025-02-23 00:47:00,C01122,M0020,30.63,0
T6228,2025-02-23 00:48:00,C00948,M0488,33.46,0
T2271,2025-02-23 00:53:00,C01789,M0040,26.22,0
T5710,2025-02-23 01:02:00,C01511,M0069,16.04,0
T4924,2025-02-23 01:04:00,C01214,M0463,1.79,0
T6397,2025-02-23 01:16:00,C00134,M0252,45.03,0
T3533,2025-02-23 01:16:00,C01734,M0280,8.75,0
T7833,2025-02-23 01:27:00,C01186,M0063,7.62,0
T6674,2025-02-23 01:31:00,C00626,M0028,67.59,0
T7303,2025-02-23 01:45:00,C01681,M0256,6.74,0
T6376,2025-02-23 01:47:00,C01774,M0416,24.78,0
T8595,2025-02-23 01:48:00,C00875,M0036,128.47,0
T353,2025-02-23 01:49:00,C01592,M0298,8.42,0
T5464,2025-02-23 01:56:00,C00894,M0130,64.15,0
T5575,2025-02-23 02:01:00,C00067,M0156,1.02,0
T7779,2025-02-23 02:08:00,C01652,M0016,12.73,0
T3233,2025-02-23 02:09:00,C01026,M0017,4.18,0
T4822,2025-02-23 02:34:00,C00327,M0044,11.61,0
T7371,2025-02-23 02:38:00,C00676,M0363,4.89,0
T4421,2025-02-23 03:02:00,C00399,M0077,105.53,0
T8333,2025-02-23 03:08:00,C01680,M0289,41.27,0
T4444,2025-02-23 03:09:00,C00696,M0230,110.07,0
T4936,2025-02-23 03:24:00,C01351,M0334,65.0,0
T4828,2025-02-23 03:33:00,C01442,M0498,83.49,0
T1143,2025-02-23 03:34:00,C00694,M0421,109.56,0
T4796,2025-02-23 03:37:00,C00405,M0168,5.86,0
T609,2025-02-23 03:39:00,C01382,M0441,16.88,0
T45,2025-02-23 03:52:00,C01448,M0398,52.25,0
T2144,2025-02-23 03:59:00,C00667,M0265,3.25,0
T8830,2025-02-23 04:15:00,C00196,M0006,66.96,0
T1053,2025-02-23 04:29:00,C01396,M0474,55.88,0
T1834,2025-02-23 04:59:00,C01550,M0431,5.86,0
T9920,2025-02-23 05:01:00,C00307,M0361,9.25,0
T5449,2025-02-23 05:03:00,C01061,M0248,48.41,0
T8172,2025-02-23 05:11:00,C00174,M0362,69.62,0
T2848,2025-02-23 05:17:00,C01841,M0440,10.66,0
T6074,2025-02-23 05:26:00,C01082,M0284,26.2,0
T2030,2025-02-23 05:46:00,C01276,M0189,19.11,0
T8300,2025-02-23 05:49:00,C00596,M0026,9.8,0
T4423,2025-02-23 05:54:00,C00085,M0379,39.48,0
T8946,2025-02-23 05:55:00,C01543,M0294,56.05,0
T8904,2025-02-23 06:13:00,C00263,M0191,17.98,0
T4308,2025-02-23 06:20:00,C01531,M0059,29.44,0
T1791,2025-02-23 06:27:00,C00067,M0242,6.61,0
T3167,2025-02-23 06:28:00,C00435,M0445,15.63,0
T4204,2025-02-23 06:29:00,C01623,M0015,14.04,0
T3668,2025-02-23 06:41:00,C01237,M0238,18.75,0
T9156,2025-02-23 06:53:00,C00374,M0216,42.16,0
T1957,2025-02-23 07:03:00,C00255,M0197,47.81,0
T7353,2025-02-23 07:28:00,C00777,M0298,44.86,0
T9941,2025-02-23 07:32:00,C01491,M0082,51.78,0
T4941,2025-02-23 07:37:00,C00693,M0139,14.84,0
T8522,2025-02-23 07:54:00,C01225,M0475,34.49,0
T472,2025-02-23 07:57:00,C00546,M0341,49.13,0
T2343,2025-02-23 08:16:00,C00939,M0024,25.01,0
T2,2025-02-23 08:20:00,C01836,M0445,19.14,0
T4366,2025-02-23 08:48:00,C01164,M0156,19.57,0
T9252,2025-02-23 08:50:00,C00105,M0297,18.43,0
T9357,2025-02-23 08:53:00,C01735,M0258,64.73,0
T9835,2025-02-23 09:00:00,C01165,M0074,16.61,0
T2475,2025-02-23 09:05:00,C00530,M0119,45.53,0
T7713,2025-02-23 09:10:00,C01841,M0003,17.82,0
T4102,2025-02-23 09:12:00,C00793,M0170,16.43,0
T6388,2025-02-23 09:36:00,C00633,M0219,22.83,0
T1446,2025-02-23 09:38:00,C01510,M0109,3.04,0
T1216,2025-02-23 09:48:00,C01548,M0246,17.94,0
T3111,2025-02-23 09:57:00,C00364,M0464,141.25,0
T1187,2025-02-23 09:58:00,C00891,M0112,10.66,0
T4903,2025-02-23 09:58:00,C01741,M0442,10.74,0
T1569,2025-02-23 09:59:00,C00370,M0398,32.75,0
T8342,2025-02-23 10:00:00,C01038,M0029,16.15,0
T8572,2025-02-23 10:08:00,C00186,M0443,6.81,0
T2691,2025-02-23 10:23:00,C01603,M0351,34.01,0
T5781,2025-02-23 10:26:00,C00796,M0448,49.5,0
T4618,2025-02-23 10:29:00,C01062,M0191,23.04,0
T2172,2025-02-23 10:37:00,C00907,M0125,3.44,0
T7148,2025-02-23 10:38:00,C00750,M0064,36.12,0
T1618,2025-02-23 10:41:00,C01572,M0236,32.3,0
T2407,2025-02-23 10:51:00,C00582,M0479,9.56,0
T2841,2025-02-23 10:55:00,C00757,M0142,38.82,0
T5947,2025-02-23 10:56:00,C01571,M0078,35.22,0
T6276,2025-02-23 11:01:00,C00809,M0163,36.74,0
T5018,2025-02-23 11:16:00,C01195,M0393,3.41,0
T6510,2025-02-23 11:24:00,C00296,M0095,21.31,0
T8119,2025-02-23 11:48:00,C01510,M0015,20.72,0
T553,2025-02-23 12:12:00,C00881,M0276,6.79,0
T3385,2025-02-23 12:24:00,C01301,M0215,4.37,0
T7016,2025-02-23 12:25:00,C00848,M0221,1.51,0
T9830,2025-02-23 12:26:00,C00818,M0468,40.12,0
T2763,2025-02-23 12:27:00,C01532,M0386,23.86,0
T7222,2025-02-23 12:55:00,C00367,M0067,4.42,0
T9207,2025-02-23 13:16:00,C01645,M0331,8.35,0
T3865,2025-02-23 13:16:00,C01169,M0489,21.21,0
T1433,2025-02-23 13:29:00,C00322,M0014,5.85,0
T6814,2025-02-23 13:29:00,C01765,M0238,15.62,0
T871,2025-02-23 13:49:00,C01479,M0327,23.48,0
T5224,2025-02-23 13:54:00,C01620,M0178,18.86,0
T2939,2025-02-23 14:15:00,C00607,M0355,20.93,0
T8990,2025-02-23 14:26:00,C00566,M0297,8.66,0
T57,2025-02-23 14:29:00,C00819,M0440,15.67,0
T9306,2025-02-23 14:38:00,C00422,M0109,11.12,0
T9242,2025-02-23 14:39:00,C01107,M0205,14.84,0
T6782,2025-02-23 14:49:00,C00888,M0055,31.4,0
T9670,2025-02-23 14:54:00,C00913,M0161,37.66,0
T4101,2025-02-23 14:59:00,C00506,M0029,36.01,0
T8758,2025-02-23 15:04:00,C00995,M0431,38.28,0
T7474,2025-02-23 15:05:00,C01553,M0430,7.66,0
T3689,2025-02-23 15:07:00,C00960,M0213,5.35,0
T2060,2025-02-23 15:11:00,C00618,M0396,14.06,0
T1528,2025-02-23 15:16:00,C01423,M0005,14.27,0
T6267,2025-02-23 15:19:00,C01953,M0187,10.4,0
T3645,2025-02-23 15:20:00,C00877,M0110,168.15,0
T4420,2025-02-23 15:21:00,C01856,M0459,10.68,0
T5767,2025-02-23 15:22:00,C01213,M0048,10.98,0
T4223,2025-02-23 15:23:00,C01615,M0144,21.73,0
T9926,2025-02-23 15:36:00,C00088,M0343,68.04,0
T1601,2025-02-23 15:38:00,C00919,M0222,13.21,0
T7662,2025-02-23 15:41:00,C01613,M0464,2.51,0
T9513,2025-02-23 15:51:00,C00985,M0435,33.92,0
T4820,2025-02-23 15:53:00,C00345,M0335,30.85,0
T2810,2025-02-23 15:55:00,C01541,M0464,47.86,0
T4410,2025-02-23 16:19:00,C01126,M0020,19.18,0
T3118,2025-02-23 16:33:00,C01085,M0150,15.37,0
T6609,2025-02-23 17:15:00,C01664,M0203,17.44,0
T6914,2025-02-23 17:20:00,C01036,M0025,51.37,0
T2367,2025-02-23 17:20:00,C00159,M0089,11.0,0
T5597,2025-02-23 17:22:00,C00633,M0220,24.19,0
T3200,2025-02-23 17:22:00,C01482,M0128,39.67,0
T233,2025-02-23 17:31:00,C00103,M0464,26.35,0
T108,2025-02-23 17:33:00,C01868,M0094,33.84,0
T8886,2025-02-23 18:00:00,C00614,M0440,8.49,0
T3586,2025-02-23 18:03:00,C01368,M0390,6.22,0
T2402,2025-02-23 18:25:00,C00891,M0112,41.42,0
T9803,2025-02-23 18:42:00,C00158,M0270,24.6,0
T2217,2025-02-23 18:52:00,C00914,M0365,34.2,0
T2644,2025-02-23 18:54:00,C01126,M0003,8.18,0
T1321,2025-02-23 18:54:00,C01959,M0035,18.31,0
T7998,2025-02-23 19:02:00,C00818,M0145,24.55,0
T5706,2025-02-23 19:03:00,C00255,M0497,3.51,0
T2647,2025-02-23 19:05:00,C00574,M0019,49.64,0
T9027,2025-02-23 19:10:00,C00164,M0017,20.54,0
T1575,2025-02-23 19:15:00,C00091,M0360,56.02,0
T4907,2025-02-23 19:15:00,C00273,M0072,15.26,0
T8574,2025-02-23 19:15:00,C01236,M0399,67.92,0
T4818,2025-02-23 19:25:00,C01602,M0413,13.06,0
T3186,2025-02-23 19:27:00,C01109,M0125,40.04,0
T264,2025-02-23 19:45:00,C01970,M0195,61.18,0
T6079,2025-02-23 19:46:00,C01488,M0261,2.7,0
T7264,2025-02-23 19:51:00,C01740,M0144,20.55,0
T8805,2025-02-23 19:54:00,C01296,M0113,16.83,0
T4973,2025-02-23 20:05:00,C01050,M0434,13.59,0
T6921,2025-02-23 20:07:00,C01132,M0070,24.26,0
T6651,2025-02-23 20:14:00,C00923,M0245,89.73,0
T4357,2025-02-23 20:15:00,C01485,M0444,45.38,0
T1787,2025-02-23 20:19:00,C00154,M0442,41.88,0
T7884,2025-02-23 20:47:00,C01890,M0092,726.82,0
T350,2025-02-23 20:55:00,C00810,M0345,131.4,0
T1960,2025-02-23 20:56:00,C01936,M0260,32.77,0
T7681,2025-02-23 21:17:00,C01273,M0044,9.02,0
T3921,2025-02-23 21:23:00,C01487,M0072,63.97,0
T7443,2025-02-23 21:23:00,C01496,M0273,70.24,0
T5768,2025-02-23 21:26:00,C00011,M0046,55.77,0
T6946,2025-02-23 22:14:00,C00567,M0085,93.98,0
T8081,2025-02-23 22:18:00,C01179,M0404,27.65,0
T4692,2025-02-23 22:54:00,C00034,M0031,33.4,1
T7949,2025-02-23 23:07:00,C01773,M0232,55.09,0
T729,2025-02-23 23:09:00,C00449,M0170,45.2,0
T5709,2025-02-23 23:13:00,C01173,M0476,48.91,0
T1949,2025-02-23 23:14:00,C00211,M0317,16.56,0
T6300,2025-02-23 23:33:00,C01638,M0155,110.66,0
T849,2025-02-23 23:35:00,C00542,M0139,17.5,0
T9685,2025-02-24 00:19:00,C00218,M0088,31.58,0
T3872,2025-02-24 00:27:00,C01888,M0179,14.33,0
T4023,2025-02-24 00:29:00,C00065,M0398,23.37,0
T2411,2025-02-24 00:34:00,C01195,M0292,27.24,0
T3845,2025-02-24 00:41:00,C00374,M0453,23.79,0
T8265,2025-02-24 00:46:00,C01564,M0202,5.53,0
T2403,2025-02-24 00:51:00,C01231,M0142,17.89,0
T6890,2025-02-24 00:54:00,C01142,M0318,4.79,0
T1019,2025-02-24 01:14:00,C00835,M0296,30.73,0
T3363,2025-02-24 01:22:00,C00325,M0228,22.6,0
T7345,2025-02-24 01:32:00,C01953,M0480,23.73,0
T5211,2025-02-24 01:33:00,C01285,M0312,4.82,0
T2226,2025-02-24 01:46:00,C01315,M0214,15.72,0
T9747,2025-02-24 01:50:00,C00962,M0415,19.75,0
T3134,2025-02-24 01:52:00,C01608,M0049,16.79,0
T6702,2025-02-24 02:29:00,C00334,M0239,13.51,0
T9369,2025-02-24 02:44:00,C00772,M0271,16.22,0
T8147,2025-02-24 02:44:00,C01872,M0216,32.9,0
T8062,2025-02-24 02:46:00,C01685,M0338,39.01,0
T7494,2025-02-24 02:48:00,C00077,M0043,36.91,0
T9540,2025-02-24 03:07:00,C00237,M0151,15.81,0
T3351,2025-02-24 03:09:00,C00396,M0395,28.13,0
T3737,2025-02-24 03:20:00,C01222,M0310,8.3,0
T4961,2025-02-24 03:23:00,C00077,M0007,12.57,0
T2558,2025-02-24 03:44:00,C01240,M0474,23.28,0
T5339,2025-02-24 03:46:00,C00491,M0427,23.48,0
T3270,2025-02-24 03:48:00,C01370,M0445,55.04,0
T7760,2025-02-24 03:50:00,C01219,M0337,9.94,0
T7235,2025-02-24 03:54:00,C01645,M0412,40.03,0
T5760,2025-02-24 04:02:00,C01226,M0495,24.72,0
T2990,2025-02-24 04:02:00,C01600,M0038,59.83,0
T8284,2025-02-24 04:06:00,C00716,M0482,66.9,0
T6840,2025-02-24 04:12:00,C00403,M0041,1.77,0
T6625,2025-02-24 04:15:00,C01610,M0419,42.09,0
T2683,2025-02-24 04:21:00,C00860,M0497,8.22,0
T8718,2025-02-24 04:25:00,C00541,M0090,128.31,0
T3109,2025-02-24 04:33:00,C01351,M0250,22.23,0
T2373,2025-02-24 04:40:00,C00019,M0402,24.3,0
T7764,2025-02-24 04:52:00,C01126,M0055,183.68,1
T339,2025-02-24 05:09:00,C00444,M0020,20.48,0
T3905,2025-02-24 05:17:00,C01793,M0366,16.43,0
T8060,2025-02-24 05:22:00,C00112,M0104,60.58,1
T9537,2025-02-24 05:37:00,C00142,M0265,2.36,0
T2852,2025-02-24 05:52:00,C00661,M0072,45.42,0
T8791,2025-02-24 05:53:00,C00662,M0291,5.85,0
T4904,2025-02-24 05:56:00,C00901,M0163,6.64,0
T1892,2025-02-24 06:11:00,C01451,M0205,10.18,0
T7179,2025-02-24 06:17:00,C00232,M0244,14.88,0
T8389,2025-02-24 06:57:00,C00655,M0205,20.21,0
T9501,2025-02-24 07:02:00,C00901,M0373,17.54,0
T1358,2025-02-24 07:07:00,C00329,M0449,40.56,0
T7427,2025-02-24 07:14:00,C00081,M0392,7.16,0
T8838,2025-02-24 07:19:00,C00863,M0153,34.55,1
T8697,2025-02-24 07:20:00,C01089,M0287,24.85,0
T7683,2025-02-24 07:29:00,C01786,M0322,124.58,0
T9951,2025-02-24 07:30:00,C00692,M0416,56.82,0
T2224,2025-02-24 07:33:00,C01391,M0030,16.4,0
T8127,2025-02-24 07:38:00,C00259,M0448,83.12,0
T2182,2025-02-24 07:42:00,C01771,M0041,19.06,0
T2531,2025-02-24 07:49:00,C01866,M0205,64.51,0
T9609,2025-02-24 07:53:00,C01591,M0044,13.22,0
T1525,2025-02-24 08:09:00,C01727,M0155,1.38,0
T3636,2025-02-24 08:17:00,C00341,M0431,7.39,0
T4960,2025-02-24 08:17:00,C01656,M0211,44.56,0
T2692,2025-02-24 08:18:00,C01249,M0167,16.45,0
T5173,2025-02-24 08:30:00,C01877,M0162,77.85,0
T4502,2025-02-24 08:38:00,C00193,M0411,24.63,0
T3066,2025-02-24 08:39:00,C00898,M0303,1.14,0
T6316,2025-02-24 08:42:00,C01889,M0471,218.67,1
T9716,2025-02-24 08:47:00,C00983,M0202,12.08,0
T5839,2025-02-24 08:51:00,C01829,M0463,6.94,0
T1805,2025-02-24 09:01:00,C00732,M0051,196.55,1
T9463,2025-02-24 09:15:00,C00700,M0452,6.72,0
T9109,2025-02-24 09:22:00,C01857,M0010,2.79,0
T1775,2025-02-24 09:39:00,C01485,M0082,44.79,0
T1208,2025-02-24 09:44:00,C01802,M0003,20.58,0
T8973,2025-02-24 09:45:00,C00997,M0221,14.3,0
T6746,2025-02-24 09:53:00,C01080,M0400,57.74,0
T3501,2025-02-24 09:56:00,C01089,M0109,83.28,0
T4846,2025-02-24 10:28:00,C00620,M0185,11.35,0
T5518,2025-02-24 10:29:00,C01760,M0201,38.77,0
T3302,2025-02-24 10:45:00,C00722,M0010,5.44,0
T1227,2025-02-24 10:51:00,C00265,M0441,42.03,0
T9791,2025-02-24 10:54:00,C00196,M0258,2.06,0
T8095,2025-02-24 11:02:00,C01828,M0362,1.73,0
T7045,2025-02-24 11:42:00,C00483,M0208,84.11,0
T9700,2025-02-24 11:47:00,C01206,M0337,61.55,0
T3376,2025-02-24 11:51:00,C00583,M0212,18.25,0
T904,2025-02-24 11:57:00,C00228,M0389,21.17,0
T4995,2025-02-24 12:04:00,C01207,M0308,24.4,0
T4112,2025-02-24 12:33:00,C01094,M0030,32.71,0
T6488,2025-02-24 12:38:00,C00747,M0224,14.37,0
T3304,2025-02-24 12:38:00,C01711,M0432,50.67,0
T3802,2025-02-24 12:52:00,C00627,M0289,28.91,0
T5470,2025-02-24 12:53:00,C00098,M0051,4.96,0
T5203,2025-02-24 12:57:00,C01414,M0150,85.97,0
T4399,2025-02-24 13:02:00,C01139,M0381,13.93,0
T5627,2025-02-24 13:03:00,C01517,M0487,14.82,0
T5744,2025-02-24 13:05:00,C01600,M0053,42.51,0
T9577,2025-02-24 13:13:00,C00693,M0067,24.53,0
T9657,2025-02-24 13:21:00,C01718,M0441,29.36,0
T7492,2025-02-24 13:32:00,C01253,M0460,24.19,0
T4269,2025-02-24 13:41:00,C00760,M0024,12.6,0
T9157,2025-02-24 13:46:00,C01523,M0041,15.59,0
T735,2025-02-24 13:47:00,C00761,M0464,37.5,0
T105,2025-02-24 14:03:00,C01589,M0451,37.4,0
T8299,2025-02-24 14:08:00,C00182,M0417,50.25,0
T2925,2025-02-24 14:10:00,C01855,M0095,42.91,0
T1993,2025-02-24 14:12:00,C01438,M0320,17.37,0
T1252,2025-02-24 14:17:00,C00545,M0311,6.28,0
T1136,2025-02-24 14:23:00,C00880,M0073,23.69,0
T9595,2025-02-24 14:27:00,C01601,M0056,18.08,0
T7622,2025-02-24 14:36:00,C00155,M0188,8.19,0
T2502,2025-02-24 14:45:00,C01629,M0451,105.61,0
T8346,2025-02-24 14:48:00,C00632,M0102,13.47,0
T4627,2025-02-24 14:53:00,C01303,M0196,27.18,0
T357,2025-02-24 14:57:00,C00287,M0211,13.97,0
T5060,2025-02-24 15:12:00,C01918,M0185,11.81,0
T3077,2025-02-24 15:22:00,C00235,M0153,12.95,0
T6558,2025-02-24 15:23:00,C01468,M0142,10.5,0
T2712,2025-02-24 15:47:00,C00112,M0487,7.58,0
T1981,2025-02-24 15:54:00,C01786,M0072,21.41,0
T642,2025-02-24 16:32:00,C00194,M0106,19.67,0
T1190,2025-02-24 16:37:00,C01339,M0174,19.37,0
T4651,2025-02-24 16:48:00,C00723,M0269,4.14,0
T425,2025-02-24 17:01:00,C00023,M0367,22.38,0
T1598,2025-02-24 17:17:00,C01703,M0406,23.07,0
T6314,2025-02-24 17:32:00,C00678,M0178,46.72,0
T2360,2025-02-24 17:35:00,C00308,M0186,30.35,0
T8063,2025-02-24 17:36:00,C01353,M0016,11.41,0
T4582,2025-02-24 17:44:00,C01327,M0257,2.28,0
T423,2025-02-24 17:52:00,C00480,M0179,19.89,0
T6777,2025-02-24 18:00:00,C01143,M0260,11.84,0
T4864,2025-02-24 18:00:00,C01295,M0464,23.08,0
T4097,2025-02-24 18:14:00,C01874,M0187,38.11,0
T8357,2025-02-24 18:18:00,C00462,M0427,16.87,0
T624,2025-02-24 18:19:00,C00332,M0285,19.29,0
T3520,2025-02-24 18:20:00,C00946,M0483,75.9,0
T6372,2025-02-24 18:23:00,C00941,M0332,30.82,0
T9054,2025-02-24 18:54:00,C00542,M0137,82.71,0
T3649,2025-02-24 19:15:00,C00845,M0221,14.6,0
T1920,2025-02-24 19:16:00,C01843,M0397,6.51,0
T5207,2025-02-24 19:16:00,C00811,M0334,7.97,0
T3124,2025-02-24 19:28:00,C01444,M0256,120.16,0
T7480,2025-02-24 19:29:00,C01721,M0249,14.12,0
T6497,2025-02-24 19:29:00,C01336,M0256,3.76,0
T3095,2025-02-24 19:31:00,C01477,M0441,58.72,0
T1353,2025-02-24 19:45:00,C00713,M0495,13.09,0
T9808,2025-02-24 19:47:00,C01017,M0461,11.2,0
T58,2025-02-24 19:53:00,C00540,M0030,9.96,0
T3913,2025-02-24 19:58:00,C00942,M0305,169.39,0
T7477,2025-02-24 20:12:00,C01946,M0103,11.79,0
T6986,2025-02-24 20:15:00,C01811,M0313,7.72,0
T4465,2025-02-24 20:16:00,C00965,M0020,15.74,0
T3152,2025-02-24 20:43:00,C00511,M0309,6.59,0
T2740,2025-02-24 21:05:00,C00874,M0266,22.63,0
T1083,2025-02-24 21:06:00,C01859,M0245,3.73,0
T7135,2025-02-24 21:06:00,C01686,M0067,23.58,0
T4192,2025-02-24 21:32:00,C00299,M0334,36.41,0
T2759,2025-02-24 21:37:00,C01920,M0389,31.65,0
T3308,2025-02-24 21:43:00,C01529,M0213,19.11,0
T9548,2025-02-24 21:44:00,C00341,M0488,15.82,0
T9162,2025-02-24 21:51:00,C00320,M0162,165.4,1
T5585,2025-02-24 21:59:00,C01237,M0325,42.15,0
T1653,2025-02-24 22:03:00,C00679,M0449,13.78,0
T7434,2025-02-24 22:16:00,C01809,M0443,5.88,0
T803,2025-02-24 22:24:00,C01713,M0169,24.61,0
T1157,2025-02-24 22:31:00,C00822,M0078,14.45,0
T1916,2025-02-24 22:54:00,C01992,M0345,7.01,0
T1887,2025-02-24 23:01:00,C01678,M0006,43.52,0
T1746,2025-02-24 23:08:00,C01427,M0022,14.78,0
T2966,2025-02-24 23:11:00,C01492,M0411,17.27,0
T6562,2025-02-24 23:43:00,C01543,M0147,23.43,0
T3078,2025-02-24 23:50:00,C00161,M0120,23.91,0
T9343,2025-02-24 23:58:00,C01311,M0051,8.21,0
T5249,2025-02-25 00:11:00,C01344,M0283,16.58,0
T2924,2025-02-25 00:22:00,C01394,M0048,84.01,0
T5177,2025-02-25 00:35:00,C00232,M0489,9.76,0
T3184,2025-02-25 00:39:00,C01602,M0498,7.38,0
T893,2025-02-25 00:39:00,C01680,M0356,20.33,0
T785,2025-02-25 00:52:00,C00319,M0360,11.46,0
T5445,2025-02-25 01:07:00,C00487,M0049,17.75,0
T1367,2025-02-25 01:13:00,C00940,M0492,6.17,0
T3141,2025-02-25 01:25:00,C01057,M0341,71.95,0
T8657,2025-02-25 01:26:00,C01385,M0133,41.14,0
T3621,2025-02-25 01:43:00,C01849,M0279,34.28,0
T9677,2025-02-25 01:45:00,C00541,M0026,58.21,0
T116,2025-02-25 01:49:00,C00597,M0388,0.82,0
T6968,2025-02-25 01:55:00,C00624,M0390,10.72,0
T8670,2025-02-25 02:12:00,C01809,M0147,28.86,0
T6235,2025-02-25 02:15:00,C01403,M0358,7.15,0
T8959,2025-02-25 02:40:00,C00902,M0075,5.61,0
T2232,2025-02-25 02:44:00,C00875,M0448,8.95,0
T6982,2025-02-25 02:49:00,C00390,M0414,87.41,0
T5683,2025-02-25 02:56:00,C01904,M0249,17.53,0
T7023,2025-02-25 03:00:00,C01600,M0357,3.25,0
T9735,2025-02-25 03:10:00,C01404,M0386,61.12,0
T6492,2025-02-25 03:21:00,C00329,M0185,35.66,0
T9756,2025-02-25 03:29:00,C00654,M0240,5.0,0
T4842,2025-02-25 03:34:00,C01175,M0127,9.02,0
T9576,2025-02-25 03:35:00,C01678,M0409,9.03,0
T9269,2025-02-25 03:42:00,C00081,M0023,20.79,0
T9392,2025-02-25 03:51:00,C01285,M0390,5.47,0
T5946,2025-02-25 03:56:00,C01051,M0113,170.33,0
T5390,2025-02-25 04:03:00,C01902,M0144,39.3,0
T517,2025-02-25 04:19:00,C01836,M0406,70.22,0
T8902,2025-02-25 04:24:00,C00521,M0421,7.59,0
T6284,2025-02-25 04:25:00,C00917,M0048,9.16,0
T8775,2025-02-25 04:28:00,C01538,M0309,61.42,0
T9534,2025-02-25 04:32:00,C00675,M0139,44.85,0
T2771,2025-02-25 04:33:00,C01876,M0027,18.06,0
T5609,2025-02-25 04:41:00,C00472,M0262,9.51,0
T5298,2025-02-25 05:07:00,C00717,M0390,4.96,0
T5542,2025-02-25 05:26:00,C01216,M0123,49.65,0
T1838,2025-02-25 05:30:00,C00843,M0211,27.67,0
T4957,2025-02-25 05:34:00,C00854,M0275,76.98,0
T8116,2025-02-25 05:53:00,C00261,M0045,2.9,0
T6975,2025-02-25 05:53:00,C00304,M0210,4.93,0
T7033,2025-02-25 05:57:00,C01532,M0074,37.5,0
T5475,2025-02-25 05:58:00,C01689,M0263,18.69,0
T1764,2025-02-25 06:01:00,C00023,M0250,21.7,0
T3457,2025-02-25 06:03:00,C00687,M0132,18.81,0
T7652,2025-02-25 06:09:00,C00111,M0038,5.15,0
T109,2025-02-25 06:15:00,C01807,M0216,59.64,0
T2473,2025-02-25 06:18:00,C01425,M0088,30.71,0
T885,2025-02-25 06:19:00,C00898,M0086,20.3,0
T435,2025-02-25 06:45:00,C01883,M0218,15.48,0
T7990,2025-02-25 07:02:00,C01836,M0120,23.92,0
T3470,2025-02-25 07:03:00,C00217,M0059,20.41,0
T388,2025-02-25 07:14:00,C00227,M0310,11.08,0
T9403,2025-02-25 07:26:00,C00431,M0161,21.67,0
T4051,2025-02-25 07:30:00,C00034,M0364,38.92,0
T4669,2025-02-25 07:35:00,C01445,M0339,4.51,0
T1850,2025-02-25 07:51:00,C00532,M0069,4.73,0
T3203,2025-02-25 07:54:00,C00535,M0005,9.83,0
T4711,2025-02-25 07:55:00,C00674,M0319,29.07,0
T2931,2025-02-25 07:56:00,C00150,M0035,31.44,0
T7009,2025-02-25 08:13:00,C00863,M0375,56.07,0
T4377,2025-02-25 08:18:00,C01562,M0053,34.76,0
T805,2025-02-25 08:34:00,C00193,M0446,52.29,0
T8251,2025-02-25 08:51:00,C00769,M0095,1.4,0
T7472,2025-02-25 08:52:00,C01143,M0037,36.5,0
T6400,2025-02-25 08:57:00,C00385,M0356,33.2,0
T3971,2025-02-25 09:07:00,C00817,M0417,52.35,0
T2421,2025-02-25 09:11:00,C00239,M0422,77.29,0
T5318,2025-02-25 09:22:00,C01798,M0054,22.7,0
T924,2025-02-25 09:27:00,C01458,M0091,24.26,0
T4568,2025-02-25 09:28:00,C00677,M0195,14.29,0
T5506,2025-02-25 09:48:00,C01011,M0087,16.6,0
T7032,2025-02-25 09:50:00,C00243,M0419,9.41,0
T6517,2025-02-25 09:55:00,C01866,M0465,10.94,0
T9635,2025-02-25 10:03:00,C00956,M0107,31.17,0
T4529,2025-02-25 10:18:00,C00410,M0142,168.47,0
T5846,2025-02-25 10:23:00,C00702,M0159,25.03,0
T4084,2025-02-25 10:32:00,C01256,M0288,8.94,0
T5821,2025-02-25 10:54:00,C01446,M0392,48.58,1
T4918,2025-02-25 11:06:00,C00875,M0394,41.43,0
T7153,2025-02-25 11:12:00,C01617,M0412,78.72,0
T5608,2025-02-25 11:18:00,C00922,M0481,23.27,0
T8023,2025-02-25 11:28:00,C00008,M0265,7.05,0
T846,2025-02-25 11:45:00,C01223,M0145,15.14,0
T282,2025-02-25 11:49:00,C01458,M0154,3.36,0
T7579,2025-02-25 11:50:00,C01603,M0060,11.13,0
T9840,2025-02-25 11:55:00,C01154,M0174,20.88,0
T4381,2025-02-25 12:10:00,C00214,M0082,29.28,0
T5263,2025-02-25 12:23:00,C01243,M0359,50.42,0
T9198,2025-02-25 12:24:00,C01190,M0087,18.1,0
T7244,2025-02-25 12:35:00,C00287,M0099,39.25,0
T8207,2025-02-25 12:51:00,C01789,M0046,39.45,0
T1955,2025-02-25 12:53:00,C01352,M0186,13.49,0
T7106,2025-02-25 13:00:00,C00662,M0426,13.91,0
T3335,2025-02-25 13:38:00,C01341,M0257,9.65,1
T7808,2025-02-25 13:41:00,C00208,M0316,4.99,0
T8506,2025-02-25 13:52:00,C00216,M0031,5.92,0
T40,2025-02-25 13:58:00,C01254,M0250,23.71,0
T7315,2025-02-25 14:12:00,C00241,M0492,38.25,0
T4899,2025-02-25 14:15:00,C00270,M0358,23.11,0
T4760,2025-02-25 14:19:00,C01045,M0429,234.79,0
T3811,2025-02-25 14:30:00,C01753,M0006,4.73,0
T4739,2025-02-25 14:32:00,C01206,M0009,10.28,0
T5133,2025-02-25 14:32:00,C01586,M0112,1.36,0
T2505,2025-02-25 14:33:00,C00761,M0370,226.24,0
T5447,2025-02-25 14:37:00,C01696,M0312,80.73,0
T51,2025-02-25 14:37:00,C01391,M0040,18.99,0
T1421,2025-02-25 14:57:00,C01743,M0065,18.4,0
T3551,2025-02-25 14:58:00,C00696,M0113,48.4,0
T2472,2025-02-25 15:02:00,C01635,M0084,29.85,0
T8076,2025-02-25 15:03:00,C01121,M0215,14.15,0
T5200,2025-02-25 15:22:00,C00064,M0096,17.06,0
T370,2025-02-25 15:35:00,C00796,M0027,2.36,0
T8674,2025-02-25 15:41:00,C01770,M0452,14.57,0
T5299,2025-02-25 15:52:00,C00309,M0142,64.94,0
T6006,2025-02-25 15:58:00,C00843,M0006,17.6,0
T5456,2025-02-25 16:05:00,C01423,M0190,120.11,0
T6847,2025-02-25 16:11:00,C01868,M0232,7.47,0
T1485,2025-02-25 16:39:00,C00618,M0102,16.71,0
T4293,2025-02-25 16:41:00,C01130,M0480,13.83,0
T7636,2025-02-25 16:46:00,C01155,M0468,32.72,0
T596,2025-02-25 16:59:00,C00100,M0313,281.76,1
T2764,2025-02-25 17:37:00,C01155,M0393,7.55,0
T7142,2025-02-25 18:00:00,C00742,M0428,68.76,0
T8307,2025-02-25 18:28:00,C00533,M0278,24.94,0
T8012,2025-02-25 18:37:00,C00186,M0099,36.17,0
T2266,2025-02-25 19:14:00,C00622,M0330,155.64,0
T127,2025-02-25 19:16:00,C01911,M0256,35.33,0
T6375,2025-02-25 19:16:00,C01288,M0308,111.58,0
T4769,2025-02-25 19:17:00,C00394,M0276,77.54,0
T3661,2025-02-25 19:20:00,C00180,M0365,15.48,0
T8080,2025-02-25 19:33:00,C01680,M0491,20.41,0
T7979,2025-02-25 19:38:00,C01256,M0033,5.38,0
T3274,2025-02-25 19:48:00,C00278,M0119,150.25,0
T8974,2025-02-25 19:51:00,C01457,M0327,12.35,0
T1564,2025-02-25 19:55:00,C00242,M0203,148.36,0
T2988,2025-02-25 20:04:00,C00400,M0461,4.04,0
T6518,2025-02-25 20:09:00,C00438,M0177,3.34,0
T5869,2025-02-25 20:28:00,C01071,M0023,6.02,0
T1424,2025-02-25 20:35:00,C00706,M0058,37.59,0
T3861,2025-02-25 20:37:00,C01070,M0323,10.87,0
T6339,2025-02-25 20:40:00,C01772,M0456,55.09,0
T2057,2025-02-25 22:12:00,C01151,M0179,7.79,0
T1336,2025-02-25 22:39:00,C00210,M0410,46.63,0
T3836,2025-02-25 22:58:00,C01790,M0171,9.73,0
T6714,2025-02-25 23:03:00,C01372,M0451,44.99,0
T9569,2025-02-25 23:38:00,C01576,M0473,120.78,0
T199,2025-02-25 23:43:00,C01354,M0128,10.7,0
T7515,2025-02-25 23:52:00,C00307,M0438,11.86,0
T6039,2025-02-25 23:59:00,C00769,M0481,24.82,0
T687,2025-02-26 00:02:00,C00672,M0128,11.32,0
T3054,2025-02-26 00:10:00,C01425,M0321,12.19,0
T7885,2025-02-26 00:24:00,C00389,M0004,57.55,0
T7217,2025-02-26 00:34:00,C01036,M0179,30.93,1
T2788,2025-02-26 00:45:00,C01040,M0298,41.61,0
T1411,2025-02-26 00:48:00,C00341,M0250,66.71,0
T6969,2025-02-26 00:51:00,C00029,M0344,8.42,0
T4034,2025-02-26 01:02:00,C00978,M0332,31.32,0
T7423,2025-02-26 01:03:00,C01698,M0340,107.9,0
T767,2025-02-26 01:19:00,C00560,M0092,12.91,0
T9601,2025-02-26 01:20:00,C00641,M0396,8.41,0
T8836,2025-02-26 01:20:00,C01497,M0355,12.21,0
T7888,2025-02-26 01:29:00,C00996,M0445,23.4,0
T6903,2025-02-26 01:30:00,C01376,M0368,30.71,0
T380,2025-02-26 01:38:00,C01965,M0087,9.8,0
T3510,2025-02-26 01:42:00,C00041,M0353,7.33,0
T9232,2025-02-26 01:58:00,C00815,M0073,16.74,0
T2031,2025-02-26 01:58:00,C00384,M0162,9.8,0
T4489,2025-02-26 02:04:00,C01848,M0045,18.99,0
T1369,2025-02-26 02:05:00,C01288,M0018,7.62,0
T3525,2025-02-26 02:09:00,C00830,M0454,45.09,0
T9490,2025-02-26 02:10:00,C01801,M0126,79.54,0
T8366,2025-02-26 02:11:00,C00375,M0385,34.44,0
T2612,2025-02-26 02:37:00,C00094,M0160,62.68,0
T3404,2025-02-26 02:47:00,C01360,M0241,21.12,0
T3473,2025-02-26 02:51:00,C01590,M0057,2.21,0
T7602,2025-02-26 02:58:00,C01846,M0062,6.41,0
T1779,2025-02-26 02:58:00,C00371,M0236,8.14,0
T5659,2025-02-26 03:00:00,C01719,M0099,5.84,0
T5775,2025-02-26 03:26:00,C00571,M0052,19.71,0
T9500,2025-02-26 03:37:00,C00701,M0311,18.5,0
T6358,2025-02-26 03:39:00,C00058,M0053,31.88,0
T5838,2025-02-26 03:43:00,C00414,M0495,20.42,0
T8923,2025-02-26 03:45:00,C00660,M0091,23.84,0
T9553,2025-02-26 03:59:00,C00281,M0388,7.64,0
T1037,2025-02-26 03:59:00,C00464,M0224,7.8,0
T1742,2025-02-26 04:05:00,C00299,M0168,10.26,0
T1864,2025-02-26 04:16:00,C00430,M0048,51.28,0
T3432,2025-02-26 04:25:00,C01440,M0150,14.81,0
T8589,2025-02-26 04:27:00,C01470,M0368,10.09,0
T6784,2025-02-26 04:28:00,C00676,M0365,14.08,0
T3437,2025-02-26 04:29:00,C00184,M0499,7.53,0
T981,2025-02-26 04:30:00,C01583,M0225,171.26,0
T6302,2025-02-26 05:20:00,C01837,M0261,34.64,0
T7849,2025-02-26 05:46:00,C01863,M0477,80.44,0
T9884,2025-02-26 05:52:00,C01771,M0180,9.11,0
T5529,2025-02-26 06:06:00,C00022,M0322,51.69,0
T9854,2025-02-26 06:07:00,C00020,M0211,67.27,0
T6127,2025-02-26 06:10:00,C00944,M0419,10.35,0
T3595,2025-02-26 06:29:00,C01583,M0448,9.97,1
T8053,2025-02-26 06:29:00,C01494,M0444,36.46,0
T1906,2025-02-26 06:40:00,C00233,M0198,5.08,0
T3756,2025-02-26 06:50:00,C01893,M0463,51.24,0
T3743,2025-02-26 06:51:00,C00510,M0493,7.97,0
T9558,2025-02-26 07:00:00,C01955,M0111,21.02,0
T1705,2025-02-26 07:01:00,C01406,M0147,257.0,1
T9449,2025-02-26 07:21:00,C00547,M0336,8.88,0
T8440,2025-02-26 07:39:00,C01475,M0333,6.87,0
T7985,2025-02-26 07:43:00,C00827,M0105,13.0,0
T7530,2025-02-26 07:50:00,C01659,M0285,97.84,0
T1481,2025-02-26 08:01:00,C01905,M0159,49.85,0
T4103,2025-02-26 08:12:00,C01493,M0451,30.17,0
T7267,2025-02-26 08:12:00,C01160,M0287,31.7,0
T6597,2025-02-26 08:29:00,C01566,M0129,17.16,0
T4505,2025-02-26 08:39:00,C00103,M0015,11.77,0
T6604,2025-02-26 08:43:00,C00091,M0181,6.52,0
T7745,2025-02-26 08:51:00,C01049,M0065,31.65,0
T1234,2025-02-26 09:02:00,C00412,M0040,16.18,0
T8393,2025-02-26 09:07:00,C00569,M0409,5.38,0
T7886,2025-02-26 09:19:00,C00415,M0437,8.67,0
T7887,2025-02-26 09:38:00,C00425,M0165,30.18,1
T8948,2025-02-26 09:58:00,C01819,M0047,8.91,0
T1142,2025-02-26 10:04:00,C00053,M0284,11.76,0
T3409,2025-02-26 10:13:00,C00819,M0434,2.82,0
T4237,2025-02-26 10:17:00,C01758,M0348,7.81,0
T8630,2025-02-26 10:18:00,C00524,M0097,23.91,0
T850,2025-02-26 10:24:00,C01525,M0150,20.91,0
T6615,2025-02-26 10:28:00,C00929,M0100,35.15,0
T6963,2025-02-26 10:57:00,C01110,M0452,4.99,0
T733,2025-02-26 11:17:00,C00477,M0412,68.23,0
T5290,2025-02-26 11:26:00,C01952,M0257,45.63,0
T8375,2025-02-26 11:35:00,C01184,M0246,18.45,0
T3075,2025-02-26 11:48:00,C01904,M0144,22.77,0
T9748,2025-02-26 12:11:00,C00667,M0366,39.96,0
T9136,2025-02-26 12:11:00,C00614,M0387,19.72,0
T8016,2025-02-26 12:23:00,C00039,M0407,31.37,0
T5689,2025-02-26 12:24:00,C00203,M0463,58.9,0
T6107,2025-02-26 12:35:00,C01435,M0367,16.16,0
T9278,2025-02-26 12:46:00,C00223,M0081,19.55,0
T1440,2025-02-26 12:52:00,C00474,M0462,22.69,0
T6111,2025-02-26 12:57:00,C00473,M0466,34.81,0
T5741,2025-02-26 12:58:00,C00846,M0315,47.08,0
T5577,2025-02-26 12:58:00,C00122,M0264,5.5,0
T5477,2025-02-26 13:02:00,C00395,M0350,94.96,0
T3526,2025-02-26 13:03:00,C00048,M0017,35.04,0
T8454,2025-02-26 13:06:00,C01318,M0003,26.43,0
T8256,2025-02-26 13:14:00,C01373,M0081,12.05,0
T2131,2025-02-26 13:17:00,C00174,M0429,15.08,0
T5998,2025-02-26 13:21:00,C01464,M0445,3.58,0
T3357,2025-02-26 13:22:00,C01487,M0079,14.28,0
T853,2025-02-26 13:29:00,C01044,M0063,67.98,0
T6336,2025-02-26 13:43:00,C00607,M0345,17.03,0
T1428,2025-02-26 13:50:00,C01617,M0265,46.53,0
T4424,2025-02-26 13:51:00,C00319,M0139,36.95,0
T4029,2025-02-26 14:06:00,C00452,M0079,19.35,0
T7052,2025-02-26 14:14:00,C00210,M0264,5.29,0
T7473,2025-02-26 14:14:00,C00455,M0462,1.93,0
T5740,2025-02-26 14:22:00,C01096,M0300,7.87,0
T7015,2025-02-26 14:35:00,C01982,M0364,97.22,0
T5418,2025-02-26 14:51:00,C00879,M0350,17.02,0
T3253,2025-02-26 14:52:00,C00012,M0200,10.05,0
T5897,2025-02-26 14:53:00,C01442,M0196,17.23,0
T1859,2025-02-26 14:57:00,C00554,M0001,21.9,0
T8517,2025-02-26 15:02:00,C01379,M0296,6.82,0
T8964,2025-02-26 15:12:00,C00060,M0083,18.31,0
T3055,2025-02-26 15:14:00,C01383,M0375,56.55,0
T2843,2025-02-26 15:17:00,C01800,M0055,17.06,0
T4492,2025-02-26 15:30:00,C00287,M0244,397.68,0
T2050,2025-02-26 15:31:00,C00245,M0268,7.54,0
T2542,2025-02-26 15:40:00,C00333,M0382,52.21,0
T2821,2025-02-26 16:23:00,C01110,M0093,9.07,0
T9913,2025-02-26 16:41:00,C01945,M0282,55.12,0
T8285,2025-02-26 16:53:00,C00423,M0400,49.86,0
T9662,2025-02-26 17:18:00,C00316,M0018,11.24,0
T6451,2025-02-26 17:25:00,C00580,M0046,22.02,0
T9375,2025-02-26 17:26:00,C00943,M0014,38.99,0
T1978,2025-02-26 17:49:00,C01068,M0462,9.53,0
T9255,2025-02-26 17:58:00,C00813,M0089,88.19,0
T9022,2025-02-26 18:00:00,C01612,M0315,93.07,0
T5940,2025-02-26 18:00:00,C00036,M0205,11.54,0
T4069,2025-02-26 18:10:00,C01198,M0016,56.93,0
T6768,2025-02-26 18:11:00,C01491,M0337,119.7,0
T134,2025-02-26 18:14:00,C01671,M0308,91.07,0
T9031,2025-02-26 18:21:00,C00556,M0309,43.85,0
T9123,2025-02-26 18:34:00,C00823,M0220,71.57,0
T2948,2025-02-26 18:48:00,C00376,M0016,9.87,0
T5150,2025-02-26 19:00:00,C01326,M0481,38.7,0
T8914,2025-02-26 19:02:00,C00832,M0473,3.38,0
T7957,2025-02-26 19:07:00,C00472,M0272,14.17,0
T5999,2025-02-26 19:08:00,C00143,M0169,6.46,0
T2726,2025-02-26 19:36:00,C00821,M0364,6.72,0
T790,2025-02-26 19:38:00,C01698,M0412,6.19,0
T2815,2025-02-26 19:55:00,C00406,M0097,3.38,0
T7115,2025-02-26 19:57:00,C00381,M0128,3.12,1
T5494,2025-02-26 20:05:00,C01236,M0368,24.4,0
T9113,2025-02-26 20:27:00,C01798,M0457,62.02,0
T1608,2025-02-26 20:31:00,C00374,M0027,11.32,0
T4061,2025-02-26 20:42:00,C00075,M0198,7.3,0
T1970,2025-02-26 20:49:00,C00258,M0394,20.46,0
T7699,2025-02-26 20:59:00,C01606,M0321,78.96,0
T1709,2025-02-26 21:05:00,C01480,M0313,29.35,0
T2584,2025-02-26 21:06:00,C01676,M0136,11.33,0
T2661,2025-02-26 21:12:00,C00462,M0277,11.96,0
T7119,2025-02-26 21:14:00,C01212,M0424,31.6,0
T3168,2025-02-26 21:26:00,C01199,M0339,143.47,0
T2038,2025-02-26 21:29:00,C01681,M0202,100.4,0
T5378,2025-02-26 21:31:00,C01684,M0373,16.87,0
T7948,2025-02-26 21:32:00,C01770,M0434,114.89,0
T4021,2025-02-26 21:38:00,C01345,M0427,2.78,0
T1735,2025-02-26 21:41:00,C00154,M0077,7.61,0
T2452,2025-02-26 21:42:00,C00364,M0454,166.77,0
T8610,2025-02-26 21:48:00,C01818,M0041,21.17,0
T1590,2025-02-26 21:58:00,C01618,M0485,9.7,0
T4772,2025-02-26 22:12:00,C00567,M0074,33.92,0
T1139,2025-02-26 22:14:00,C00174,M0123,65.98,0
T8713,2025-02-26 22:16:00,C00431,M0494,93.99,0
T4188,2025-02-26 22:22:00,C00326,M0449,47.15,0
T1218,2025-02-26 22:34:00,C00740,M0044,22.78,0
T8646,2025-02-26 22:51:00,C00934,M0093,54.71,0
T9994,2025-02-26 22:56:00,C01765,M0125,19.78,0
T6858,2025-02-26 22:58:00,C00372,M0429,6.08,0
T259,2025-02-26 22:58:00,C01241,M0185,35.65,0
T3330,2025-02-26 23:15:00,C01372,M0331,22.38,0
T1354,2025-02-26 23:30:00,C01116,M0425,77.75,0
T4844,2025-02-26 23:42:00,C01313,M0121,20.1,0
T5350,2025-02-26 23:43:00,C01898,M0470,29.61,0
T334,2025-02-26 23:54:00,C00169,M0115,18.84,0
T4934,2025-02-27 00:23:00,C00534,M0061,13.94,0
T8471,2025-02-27 01:03:00,C00740,M0180,16.99,0
T3640,2025-02-27 01:12:00,C00763,M0120,20.92,0
T842,2025-02-27 01:12:00,C01259,M0230,38.77,0
T914,2025-02-27 01:40:00,C00594,M0313,16.5,0
T1831,2025-02-27 01:49:00,C00849,M0181,25.01,0
T8769,2025-02-27 01:50:00,C01138,M0257,32.65,0
T3833,2025-02-27 01:50:00,C00586,M0491,10.19,0
T1557,2025-02-27 01:57:00,C00553,M0296,26.66,0
T6439,2025-02-27 02:03:00,C01101,M0382,11.37,0
T2139,2025-02-27 02:05:00,C01566,M0410,23.69,0
T8576,2025-02-27 02:12:00,C00427,M0456,10.2,0
T4169,2025-02-27 02:14:00,C01261,M0072,6.52,0
T6271,2025-02-27 02:14:00,C01032,M0474,15.81,0
T9515,2025-02-27 02:15:00,C01792,M0215,123.13,0
T8841,2025-02-27 02:27:00,C01211,M0054,7.16,0
T7061,2025-02-27 02:34:00,C00445,M0150,18.31,0
T9076,2025-02-27 02:49:00,C01361,M0098,9.36,0
T6464,2025-02-27 03:03:00,C00604,M0228,8.69,0
T9000,2025-02-27 03:09:00,C01460,M0345,97.36,0
T3157,2025-02-27 03:19:00,C01715,M0136,19.77,0
T4110,2025-02-27 03:29:00,C00413,M0441,6.93,0
T5485,2025-02-27 03:31:00,C00744,M0336,12.02,0
T3244,2025-02-27 03:42:00,C00787,M0324,17.03,0
T1329,2025-02-27 03:50:00,C00158,M0014,14.25,1
T8097,2025-02-27 03:55:00,C01739,M0131,15.14,0
T2986,2025-02-27 04:05:00,C00513,M0054,23.11,0
T9936,2025-02-27 04:15:00,C01660,M0122,15.21,0
T7409,2025-02-27 04:37:00,C01671,M0348,140.77,0
T2464,2025-02-27 04:48:00,C01676,M0220,21.66,0
T2877,2025-02-27 04:59:00,C01161,M0320,11.43,0
T4638,2025-02-27 05:04:00,C01841,M0416,111.78,0
T5274,2025-02-27 05:04:00,C00627,M0273,85.27,0
T5,2025-02-27 05:06:00,C01937,M0071,33.69,0
T4163,2025-02-27 05:29:00,C00141,M0153,71.36,0
T7737,2025-02-27 05:30:00,C01795,M0054,194.23,0
T7384,2025-02-27 05:41:00,C01498,M0027,11.36,0
T7193,2025-02-27 05:48:00,C00903,M0224,8.03,0
T6870,2025-02-27 06:24:00,C01739,M0302,38.25,0
T9771,2025-02-27 06:36:00,C00330,M0479,12.27,0
T5789,2025-02-27 06:36:00,C00440,M0456,14.56,0
T1840,2025-02-27 06:55:00,C00118,M0015,19.35,0
T1662,2025-02-27 07:03:00,C01790,M0047,3.89,0
T5780,2025-02-27 07:08:00,C00179,M0132,61.71,0
T4161,2025-02-27 07:22:00,C01946,M0061,4.61,0
T8659,2025-02-27 07:24:00,C01267,M0128,4.42,0
T3827,2025-02-27 07:34:00,C00668,M0292,95.68,0
T6029,2025-02-27 07:42:00,C01049,M0355,43.61,0
T808,2025-02-27 07:58:00,C01359,M0306,48.38,0
T1235,2025-02-27 08:05:00,C01275,M0098,7.61,0
T2424,2025-02-27 08:06:00,C00535,M0168,4.66,0
T4678,2025-02-27 08:09:00,C01860,M0487,17.73,0
T3569,2025-02-27 08:34:00,C00770,M0043,2.73,0
T7798,2025-02-27 08:37:00,C00896,M0323,45.56,0
T9517,2025-02-27 08:40:00,C00779,M0315,3.97,0
T8544,2025-02-27 08:46:00,C00469,M0201,32.92,0
T3781,2025-02-27 08:52:00,C00868,M0206,41.46,0
T2495,2025-02-27 08:57:00,C01142,M0465,17.62,0
T9929,2025-02-27 09:10:00,C00750,M0376,6.39,0
T526,2025-02-27 09:17:00,C01319,M0095,11.06,0
T6571,2025-02-27 09:23:00,C01925,M0209,16.79,0
T5615,2025-02-27 09:46:00,C01877,M0393,4.5,0
T7874,2025-02-27 09:54:00,C00483,M0463,4.84,0
T1623,2025-02-27 10:31:00,C01722,M0377,3.34,0
T4220,2025-02-27 10:42:00,C01925,M0370,14.06,0
T5842,2025-02-27 10:53:00,C00040,M0414,18.76,0
T4098,2025-02-27 10:56:00,C00453,M0062,11.31,0
T477,2025-02-27 11:05:00,C01859,M0427,47.18,0
T387,2025-02-27 11:10:00,C01863,M0497,61.99,0
T7053,2025-02-27 11:28:00,C00366,M0225,105.19,0
T9489,2025-02-27 11:50:00,C00756,M0065,23.5,0
T8857,2025-02-27 11:53:00,C01280,M0446,22.12,0
T8570,2025-02-27 11:57:00,C01056,M0467,19.86,0
T75,2025-02-27 11:58:00,C00376,M0481,10.52,0
T9696,2025-02-27 11:59:00,C01358,M0165,67.15,0
T6991,2025-02-27 12:00:00,C01810,M0436,52.42,0
T9507,2025-02-27 12:06:00,C01814,M0489,50.54,0
T4827,2025-02-27 12:06:00,C00892,M0204,60.32,0
T8988,2025-02-27 12:09:00,C01241,M0406,36.86,0
T1895,2025-02-27 12:11:00,C01884,M0457,13.01,0
T6386,2025-02-27 12:21:00,C01152,M0113,12.54,0
T9726,2025-02-27 12:24:00,C00700,M0244,13.78,0
T821,2025-02-27 12:38:00,C00272,M0137,20.94,0
T5669,2025-02-27 12:39:00,C00155,M0494,30.52,0
T646,2025-02-27 12:44:00,C00000,M0209,30.93,0
T6489,2025-02-27 12:44:00,C01056,M0082,31.1,1
T602,2025-02-27 12:48:00,C00758,M0066,51.99,0
T1436,2025-02-27 12:56:00,C01878,M0137,242.17,0
T9184,2025-02-27 13:01:00,C00663,M0144,30.54,0
T7475,2025-02-27 13:07:00,C00168,M0197,1.45,0
T994,2025-02-27 13:10:00,C01907,M0326,7.39,0
T551,2025-02-27 13:13:00,C00363,M0389,75.57,0
T1641,2025-02-27 13:19:00,C00130,M0080,19.67,0
T8586,2025-02-27 13:26:00,C00625,M0440,122.46,0
T4630,2025-02-27 13:35:00,C01939,M0273,33.08,0
T9645,2025-02-27 13:36:00,C00248,M0325,20.17,0
T3089,2025-02-27 13:49:00,C00216,M0397,14.79,0
T9944,2025-02-27 13:52:00,C01066,M0181,107.85,0
T3977,2025-02-27 13:52:00,C01017,M0159,10.91,0
T6513,2025-02-27 13:56:00,C00359,M0311,13.82,0
T6832,2025-02-27 14:08:00,C00451,M0116,82.41,0
T5800,2025-02-27 14:16:00,C00712,M0002,8.16,0
T119,2025-02-27 14:28:00,C01750,M0436,14.79,0
T4681,2025-02-27 14:36:00,C01737,M0406,84.84,0
T9797,2025-02-27 14:46:00,C01292,M0428,5.46,0
T1636,2025-02-27 14:50:00,C01031,M0041,28.92,0
T953,2025-02-27 15:05:00,C01098,M0153,10.62,0
T462,2025-02-27 15:06:00,C00529,M0144,9.95,0
T6392,2025-02-27 15:07:00,C01245,M0430,21.05,0
T303,2025-02-27 15:09:00,C01805,M0303,36.6,0
T7372,2025-02-27 15:14:00,C00704,M0461,8.99,0
T8675,2025-02-27 15:19:00,C01928,M0343,11.26,0
T4657,2025-02-27 15:34:00,C01956,M0015,153.0,0
T7184,2025-02-27 15:41:00,C00838,M0309,17.4,0
T7915,2025-02-27 15:48:00,C00649,M0342,47.82,0
T8138,2025-02-27 15:49:00,C01979,M0376,141.62,0
T490,2025-02-27 16:02:00,C00000,M0014,49.4,0
T7617,2025-02-27 16:09:00,C00371,M0478,51.64,1
T6332,2025-02-27 16:13:00,C01813,M0122,59.26,0
T4599,2025-02-27 16:15:00,C01583,M0426,11.71,0
T6101,2025-02-27 16:47:00,C00756,M0432,44.68,0
T8001,2025-02-27 16:56:00,C01805,M0301,41.51,1
T19,2025-02-27 17:04:00,C00849,M0418,44.36,0
T4143,2025-02-27 17:04:00,C01433,M0166,14.3,0
T4951,2025-02-27 17:06:00,C01824,M0374,15.9,0
T9415,2025-02-27 17:06:00,C01215,M0497,3.39,0
T5894,2025-02-27 17:11:00,C00579,M0170,6.77,0
T978,2025-02-27 17:22:00,C00968,M0271,21.58,0
T6420,2025-02-27 17:23:00,C00078,M0036,32.7,0
T5188,2025-02-27 17:36:00,C00794,M0430,37.19,0
T8809,2025-02-27 17:51:00,C01559,M0145,58.7,0
T9906,2025-02-27 18:01:00,C01300,M0359,83.35,0
T5582,2025-02-27 18:03:00,C00778,M0463,17.54,0
T5968,2025-02-27 18:08:00,C01909,M0026,32.61,0
T4540,2025-02-27 18:18:00,C01563,M0040,37.12,0
T1747,2025-02-27 18:26:00,C01836,M0293,35.15,0
T1855,2025-02-27 18:34:00,C00654,M0289,19.02,0
T175,2025-02-27 18:51:00,C00887,M0020,11.04,0
T5321,2025-02-27 19:11:00,C01674,M0005,12.89,0
T5883,2025-02-27 19:12:00,C00937,M0254,38.57,0
T8314,2025-02-27 19:25:00,C00617,M0111,81.6,0
T744,2025-02-27 19:31:00,C01663,M0302,13.85,0
T6143,2025-02-27 19:35:00,C01763,M0110,20.25,0
T8415,2025-02-27 19:56:00,C00506,M0150,14.25,0
T3057,2025-02-27 19:56:00,C00201,M0408,12.36,0
T569,2025-02-27 20:05:00,C00974,M0270,4.29,0
T5898,2025-02-27 20:06:00,C00697,M0435,27.15,0
T5364,2025-02-27 20:11:00,C00589,M0056,46.67,0
T2889,2025-02-27 20:17:00,C01937,M0414,62.33,0
T1467,2025-02-27 20:20:00,C00965,M0358,11.27,0
T6864,2025-02-27 20:28:00,C00022,M0321,8.75,0
T1669,2025-02-27 20:29:00,C00031,M0055,13.17,0
T1851,2025-02-27 20:30:00,C01950,M0303,16.79,0
T5422,2025-02-27 20:49:00,C00979,M0271,36.58,0
T9331,2025-02-27 21:06:00,C00138,M0173,9.16,0
T1952,2025-02-27 21:20:00,C00593,M0333,3.38,0
T2162,2025-02-27 21:22:00,C00981,M0449,8.84,0
T2581,2025-02-27 21:29:00,C00587,M0296,32.53,0
T3023,2025-02-27 21:35:00,C00159,M0261,15.07,0
T5651,2025-02-27 21:44:00,C00838,M0332,60.5,0
T6593,2025-02-27 22:00:00,C01145,M0433,18.46,0
T4862,2025-02-27 22:24:00,C01196,M0441,55.57,0
T6004,2025-02-27 22:34:00,C00789,M0213,23.54,0
T1338,2025-02-27 22:41:00,C00585,M0304,4.99,0
T2687,2025-02-27 22:57:00,C01286,M0310,2.3,0
T562,2025-02-27 23:00:00,C00490,M0019,15.06,0
T8403,2025-02-27 23:28:00,C01360,M0290,7.1,0
T4765,2025-02-27 23:34:00,C00954,M0105,36.55,0
T6592,2025-02-28 00:01:00,C00418,M0041,52.62,0
T928,2025-02-28 00:04:00,C00132,M0477,11.79,0
T8971,2025-02-28 00:16:00,C01267,M0423,3.33,0
T9881,2025-02-28 00:31:00,C00083,M0461,11.44,0
T3163,2025-02-28 00:35:00,C01690,M0479,4.24,0
T1285,2025-02-28 00:39:00,C00387,M0308,10.8,0
T1469,2025-02-28 00:40:00,C01421,M0145,19.53,0
T5541,2025-02-28 00:44:00,C00620,M0274,7.57,0
T7703,2025-02-28 00:45:00,C00420,M0265,36.48,0
T8100,2025-02-28 00:49:00,C01212,M0098,16.34,0
T9964,2025-02-28 01:03:00,C00759,M0024,29.25,0
T2344,2025-02-28 01:08:00,C01470,M0463,20.18,0
T3758,2025-02-28 01:16:00,C00618,M0124,5.54,0
T5963,2025-02-28 01:17:00,C01529,M0103,24.1,0
T6709,2025-02-28 01:20:00,C01169,M0226,55.73,1
T9627,2025-02-28 01:22:00,C00324,M0201,46.11,0
T385,2025-02-28 01:33:00,C00577,M0496,6.37,0
T1508,2025-02-28 01:44:00,C01139,M0139,170.53,0
T9486,2025-02-28 01:57:00,C01649,M0273,3.93,0
T5037,2025-02-28 01:59:00,C01455,M0138,40.88,0
T8337,2025-02-28 02:01:00,C00632,M0485,71.95,0
T8408,2025-02-28 02:16:00,C00168,M0240,3.0,0
T6484,2025-02-28 02:18:00,C01970,M0277,6.62,0
T8592,2025-02-28 02:43:00,C00178,M0076,27.17,0
T1390,2025-02-28 02:51:00,C00675,M0302,7.58,0
T3534,2025-02-28 02:52:00,C00985,M0244,23.23,0
T9372,2025-02-28 02:54:00,C01364,M0059,31.12,0
T7031,2025-02-28 03:32:00,C01321,M0330,37.69,0
T5276,2025-02-28 03:47:00,C01769,M0243,27.38,0
T214,2025-02-28 04:03:00,C01834,M0185,58.96,0
T6941,2025-02-28 04:07:00,C00589,M0184,101.99,0
T9720,2025-02-28 04:08:00,C01863,M0383,24.59,0
T6862,2025-02-28 04:28:00,C00530,M0255,5.77,0
T5994,2025-02-28 04:31:00,C00817,M0079,50.66,0
T5324,2025-02-28 04:33:00,C00962,M0049,83.64,0
T7285,2025-02-28 04:35:00,C00600,M0398,5.66,0
T8669,2025-02-28 04:37:00,C01177,M0291,140.37,1
T1560,2025-02-28 04:47:00,C00919,M0392,5.16,0
T775,2025-02-28 04:47:00,C01461,M0333,9.35,0
T3190,2025-02-28 05:00:00,C00949,M0151,8.81,0
T2577,2025-02-28 05:00:00,C00672,M0489,22.42,0
T5311,2025-02-28 05:09:00,C01270,M0078,35.84,0
T1753,2025-02-28 05:27:00,C01301,M0478,20.07,1
T7335,2025-02-28 05:28:00,C00111,M0398,24.33,0
T5926,2025-02-28 05:40:00,C01374,M0106,61.48,0
T1701,2025-02-28 05:49:00,C00134,M0465,30.36,0
T217,2025-02-28 05:59:00,C00746,M0214,1.27,0
T5589,2025-02-28 06:06:00,C01466,M0402,26.6,0
T2564,2025-02-28 06:50:00,C01501,M0461,22.94,0
T5053,2025-02-28 07:08:00,C01489,M0161,31.35,0
T4180,2025-02-28 07:21:00,C00697,M0460,41.47,0
T5163,2025-02-28 07:33:00,C00160,M0399,83.73,0
T1720,2025-02-28 07:36:00,C01500,M0250,8.7,0
T6206,2025-02-28 07:41:00,C00767,M0166,2.73,0
T2451,2025-02-28 07:46:00,C01406,M0049,15.74,0
T9053,2025-02-28 07:50:00,C00624,M0087,1.78,0
T7851,2025-02-28 07:56:00,C00880,M0393,31.54,0
T7555,2025-02-28 08:03:00,C01602,M0183,15.77,0
T4111,2025-02-28 08:21:00,C01818,M0086,16.55,0
T3937,2025-02-28 08:40:00,C00407,M0106,3.12,0
T2566,2025-02-28 08:45:00,C01498,M0245,26.58,0
T3400,2025-02-28 08:50:00,C00692,M0175,83.64,0
T954,2025-02-28 08:56:00,C01825,M0236,3.92,0
T539,2025-02-28 09:16:00,C00502,M0110,42.39,0
T5551,2025-02-28 09:18:00,C01177,M0036,37.31,0
T2409,2025-02-28 09:20:00,C01613,M0303,31.17,0
T1497,2025-02-28 09:22:00,C00558,M0324,46.84,0
T8204,2025-02-28 09:25:00,C00903,M0251,9.67,0
T3206,2025-02-28 09:32:00,C00837,M0037,22.75,0
T5752,2025-02-28 09:41:00,C00793,M0427,38.18,0
T9753,2025-02-28 09:41:00,C01717,M0191,38.92,0
T9080,2025-02-28 09:45:00,C00066,M0240,6.0,0
T5190,2025-02-28 09:57:00,C00122,M0297,30.22,0
T7340,2025-02-28 10:26:00,C01168,M0139,14.04,0
T5383,2025-02-28 10:29:00,C00652,M0339,16.95,0
T9800,2025-02-28 10:33:00,C01607,M0206,58.87,0
T7145,2025-02-28 10:41:00,C00300,M0380,20.58,0
T3151,2025-02-28 10:42:00,C01112,M0455,3.99,0
T7677,2025-02-28 10:51:00,C00185,M0179,6.31,0
T4554,2025-02-28 10:58:00,C00997,M0238,10.57,0
T7190,2025-02-28 11:01:00,C00927,M0327,59.41,0
T4781,2025-02-28 11:34:00,C01671,M0333,57.67,0
T9186,2025-02-28 11:36:00,C00586,M0359,20.36,0
T3443,2025-02-28 11:47:00,C01140,M0081,22.12,0
T2840,2025-02-28 12:06:00,C00409,M0436,103.48,0
T9799,2025-02-28 12:18:00,C01948,M0433,6.03,0
T6543,2025-02-28 12:29:00,C00030,M0069,7.86,0
T5474,2025-02-28 12:44:00,C01923,M0364,9.53,0
T3750,2025-02-28 12:49:00,C01243,M0492,20.02,0
T1012,2025-02-28 12:51:00,C00985,M0303,82.52,0
T8584,2025-02-28 12:54:00,C00560,M0348,14.69,0
T5936,2025-02-28 13:07:00,C01042,M0419,6.97,0
T2151,2025-02-28 13:28:00,C01578,M0374,2.14,0
T6902,2025-02-28 13:35:00,C01393,M0325,16.27,0
T8897,2025-02-28 14:00:00,C01725,M0386,217.35,0
T7524,2025-02-28 14:01:00,C01274,M0166,24.54,0
T7242,2025-02-28 14:03:00,C00700,M0148,57.75,0
T4091,2025-02-28 14:21:00,C01114,M0298,37.98,0
T1453,2025-02-28 14:26:00,C00932,M0413,2.93,0
T3738,2025-02-28 14:28:00,C01523,M0006,67.87,0
T2155,2025-02-28 14:56:00,C00400,M0268,37.07,0
T9710,2025-02-28 14:56:00,C00292,M0152,18.09,0
T4584,2025-02-28 15:05:00,C00204,M0138,12.79,1
T6552,2025-02-28 15:11:00,C01129,M0451,13.62,0
T8652,2025-02-28 15:13:00,C01218,M0322,85.25,0
T3936,2025-02-28 15:24:00,C00789,M0061,7.56,0
T1164,2025-02-28 15:38:00,C00562,M0231,3.45,0
T888,2025-02-28 15:51:00,C00878,M0087,54.42,0
T25,2025-02-28 15:58:00,C00386,M0058,50.89,0
T4451,2025-02-28 16:01:00,C01780,M0217,37.08,0
T4629,2025-02-28 16:06:00,C00268,M0091,22.98,0
T9579,2025-02-28 16:20:00,C01479,M0484,6.67,0
T4246,2025-02-28 16:34:00,C00510,M0157,56.78,0
T5961,2025-02-28 16:37:00,C01294,M0355,7.44,0
T6005,2025-02-28 16:38:00,C00552,M0197,8.31,0
T6703,2025-02-28 16:43:00,C01545,M0319,19.95,0
T4024,2025-02-28 16:46:00,C01866,M0451,11.03,0
T3172,2025-02-28 16:46:00,C00350,M0345,72.97,0
T2578,2025-02-28 16:50:00,C01622,M0128,168.99,0
T936,2025-02-28 17:15:00,C01661,M0156,26.91,0
T3677,2025-02-28 17:25:00,C01432,M0396,33.22,0
T5848,2025-02-28 17:33:00,C00716,M0175,32.48,0
T5579,2025-02-28 17:37:00,C00335,M0255,4.74,0
T6321,2025-02-28 17:37:00,C01359,M0356,5.49,0
T8073,2025-02-28 17:45:00,C00823,M0084,8.86,0
T6863,2025-02-28 17:45:00,C00923,M0390,18.41,0
T4310,2025-02-28 18:07:00,C00867,M0213,3.19,0
T7316,2025-02-28 18:27:00,C00030,M0457,35.53,0
T9209,2025-02-28 18:29:00,C00240,M0175,13.03,0
T6566,2025-02-28 18:33:00,C00031,M0397,14.84,0
T110,2025-02-28 18:51:00,C00552,M0110,113.96,0
T30,2025-02-28 18:54:00,C00679,M0302,5.55,1
T856,2025-02-28 18:59:00,C00790,M0477,39.38,0
T418,2025-02-28 19:04:00,C01462,M0120,15.03,0
T7679,2025-02-28 19:04:00,C01589,M0030,34.74,0
T634,2025-02-28 19:05:00,C01750,M0085,15.74,1
T8920,2025-02-28 19:07:00,C01675,M0334,2.61,0
T7147,2025-02-28 19:25:00,C00306,M0382,51.88,0
T5765,2025-02-28 19:34:00,C01122,M0446,6.81,0
T5508,2025-02-28 19:38:00,C00585,M0054,30.88,0
T3800,2025-02-28 19:40:00,C01525,M0441,17.57,0
T3672,2025-02-28 19:43:00,C01143,M0126,4.26,0
T822,2025-02-28 19:57:00,C01177,M0268,30.95,0
T5567,2025-02-28 19:59:00,C00732,M0444,5.63,0
T5192,2025-02-28 20:06:00,C01925,M0140,32.85,0
T2550,2025-02-28 20:10:00,C01870,M0009,52.54,0
T9895,2025-02-28 20:19:00,C00328,M0481,12.33,0
T2765,2025-02-28 20:22:00,C00854,M0170,6.68,0
T4522,2025-02-28 20:28:00,C01110,M0032,3.78,0
T3269,2025-02-28 20:34:00,C00984,M0159,39.15,0
T3365,2025-02-28 20:41:00,C00066,M0242,22.88,0
T5381,2025-02-28 20:42:00,C00827,M0066,7.74,0
T9062,2025-02-28 20:46:00,C00072,M0107,21.67,0
T4239,2025-02-28 20:54:00,C01268,M0145,9.45,0
T8571,2025-02-28 21:10:00,C00067,M0292,19.37,0
T657,2025-02-28 21:11:00,C01893,M0073,25.54,0
T9137,2025-02-28 21:13:00,C01300,M0102,57.46,0
T4430,2025-02-28 21:31:00,C00173,M0423,0.96,0
T5855,2025-02-28 21:37:00,C01165,M0183,101.64,0
T9963,2025-02-28 21:41:00,C01733,M0146,24.31,0
T9546,2025-02-28 22:13:00,C01463,M0098,44.62,0
T2912,2025-02-28 22:26:00,C00619,M0285,30.65,0
T1799,2025-02-28 22:38:00,C01870,M0288,22.07,0
T9152,2025-02-28 22:40:00,C01524,M0374,48.71,0
T3973,2025-02-28 22:52:00,C01586,M0093,1.94,0
T216,2025-02-28 22:56:00,C01960,M0437,11.09,0
T4810,2025-02-28 22:59:00,C01309,M0182,23.31,0
T2479,2025-02-28 22:59:00,C00120,M0275,16.08,0
T4290,2025-02-28 23:25:00,C00583,M0439,12.4,1
T9892,2025-02-28 23:32:00,C01254,M0442,42.39,0
T1622,2025-03-01 00:16:00,C01573,M0498,46.1,0
T8514,2025-03-01 00:21:00,C00474,M0247,15.49,0
T3846,2025-03-01 00:35:00,C01243,M0233,19.63,0
T9541,2025-03-01 00:41:00,C01154,M0384,19.12,0
T5216,2025-03-01 00:56:00,C01225,M0258,119.09,0
T4020,2025-03-01 01:04:00,C01124,M0231,17.33,0
T3873,2025-03-01 01:09:00,C00425,M0419,7.4,0
T9521,2025-03-01 01:18:00,C00689,M0136,17.57,0
T6616,2025-03-01 01:22:00,C01251,M0186,57.51,0
T9908,2025-03-01 01:33:00,C00945,M0387,62.39,0
T5782,2025-03-01 01:38:00,C01135,M0263,7.43,0
T413,2025-03-01 01:47:00,C01331,M0294,12.57,0
T3864,2025-03-01 01:56:00,C00474,M0238,36.71,0
T3263,2025-03-01 02:10:00,C00955,M0415,16.45,0
T3955,2025-03-01 02:11:00,C00905,M0190,17.25,0
T6873,2025-03-01 02:12:00,C00813,M0041,27.69,0
T4710,2025-03-01 02:23:00,C01711,M0449,23.69,0
T1842,2025-03-01 02:32:00,C00548,M0362,59.8,0
T6297,2025-03-01 02:39:00,C01145,M0163,60.67,0
T2775,2025-03-01 02:40:00,C00396,M0181,11.83,0
T3724,2025-03-01 02:52:00,C00962,M0440,8.43,0
T3543,2025-03-01 03:00:00,C01777,M0138,78.68,0
T9234,2025-03-01 03:09:00,C01550,M0017,3.35,0
T1931,2025-03-01 03:10:00,C00731,M0465,13.3,0
T6767,2025-03-01 03:15:00,C00171,M0181,28.55,0
T3877,2025-03-01 03:20:00,C00132,M0473,94.49,0
T5206,2025-03-01 03:26:00,C00924,M0365,13.23,0
T7326,2025-03-01 03:38:00,C00058,M0083,48.0,0
T4175,2025-03-01 03:38:00,C00648,M0308,15.48,0
T3578,2025-03-01 03:39:00,C01149,M0012,15.18,0
T8741,2025-03-01 03:44:00,C00372,M0449,55.84,0
T9026,2025-03-01 03:52:00,C00959,M0088,111.42,0
T8692,2025-03-01 03:53:00,C01226,M0418,2.7,0
T5925,2025-03-01 04:16:00,C01916,M0446,44.83,0
T1151,2025-03-01 04:30:00,C00579,M0364,145.25,0
T4715,2025-03-01 04:38:00,C01582,M0112,12.75,0
T8997,2025-03-01 05:09:00,C01533,M0208,39.41,0
T4289,2025-03-01 05:20:00,C00354,M0012,6.42,0
T8803,2025-03-01 05:23:00,C01232,M0216,11.64,0
T21,2025-03-01 05:45:00,C00338,M0049,4.97,0
T8556,2025-03-01 05:51:00,C01269,M0033,20.94,0
T320,2025-03-01 05:54:00,C01212,M0477,14.54,0
T7287,2025-03-01 06:06:00,C01671,M0126,12.5,0
T7313,2025-03-01 06:46:00,C00833,M0204,5.28,0
T3015,2025-03-01 06:51:00,C01326,M0309,14.31,0
T8039,2025-03-01 06:54:00,C00548,M0315,4.96,0
T3250,2025-03-01 06:56:00,C01259,M0057,45.91,0
T1141,2025-03-01 07:02:00,C01638,M0381,45.86,0
T6365,2025-03-01 07:02:00,C01150,M0165,38.27,0
T754,2025-03-01 07:12:00,C01689,M0249,60.73,0
T8798,2025-03-01 07:15:00,C01352,M0389,9.31,0
T5721,2025-03-01 07:34:00,C00366,M0056,17.37,0
T6259,2025-03-01 07:50:00,C01212,M0132,33.31,0
T1389,2025-03-01 07:51:00,C01585,M0097,30.04,0
T8462,2025-03-01 07:55:00,C00996,M0492,8.78,0
T2975,2025-03-01 07:56:00,C01185,M0237,50.19,0
T2762,2025-03-01 08:05:00,C01599,M0241,6.01,0
T1034,2025-03-01 08:11:00,C00949,M0155,9.66,0
T2433,2025-03-01 08:17:00,C00329,M0143,16.41,0
T8450,2025-03-01 08:28:00,C00780,M0334,6.86,1
T7493,2025-03-01 08:29:00,C01559,M0437,26.08,0
T1294,2025-03-01 08:29:00,C00908,M0134,6.01,0
T5980,2025-03-01 08:33:00,C01281,M0330,12.38,0
T8126,2025-03-01 08:34:00,C01298,M0226,261.2,0
T5219,2025-03-01 08:41:00,C01036,M0033,29.0,0
T9946,2025-03-01 08:41:00,C00028,M0103,2.21,0
T5613,2025-03-01 08:49:00,C00974,M0219,44.83,1
T8623,2025-03-01 09:01:00,C00003,M0059,21.09,0
T1185,2025-03-01 09:14:00,C01980,M0293,101.49,0
T6315,2025-03-01 09:25:00,C01270,M0355,12.6,0
T1628,2025-03-01 09:30:00,C00814,M0018,47.14,0
T5476,2025-03-01 09:49:00,C01138,M0238,4.44,0
T1637,2025-03-01 09:53:00,C00767,M0372,57.03,0
T1156,2025-03-01 10:35:00,C00914,M0279,16.15,0
T9290,2025-03-01 10:37:00,C01366,M0188,7.89,0
T8101,2025-03-01 10:50:00,C01499,M0310,20.0,0
T180,2025-03-01 10:56:00,C01376,M0446,23.28,0
T7736,2025-03-01 10:57:00,C01513,M0464,30.79,0
T6643,2025-03-01 11:23:00,C00419,M0465,5.9,0
T875,2025-03-01 11:35:00,C01899,M0133,14.91,0
T7790,2025-03-01 11:37:00,C00862,M0161,19.99,0
T3768,2025-03-01 11:43:00,C01901,M0257,38.78,0
T2380,2025-03-01 11:47:00,C01536,M0437,43.74,0
T9837,2025-03-01 11:57:00,C01459,M0427,21.38,0
T5057,2025-03-01 11:58:00,C01813,M0426,12.22,0
T4497,2025-03-01 11:59:00,C00731,M0203,26.66,0
T1399,2025-03-01 12:00:00,C01916,M0281,42.77,0
T9987,2025-03-01 12:13:00,C00109,M0077,154.37,0
T6538,2025-03-01 12:23:00,C01551,M0289,105.35,0
T7534,2025-03-01 12:27:00,C01260,M0380,4.8,0
T1664,2025-03-01 12:28:00,C00010,M0384,12.19,0
T5469,2025-03-01 12:29:00,C00558,M0472,87.37,0
T6403,2025-03-01 12:31:00,C01310,M0480,8.42,0
T5232,2025-03-01 12:32:00,C01544,M0349,5.31,0
T3493,2025-03-01 12:36:00,C01876,M0354,22.47,0
T3891,2025-03-01 12:51:00,C00747,M0315,22.1,0
T3770,2025-03-01 13:04:00,C01232,M0455,19.15,0
T2830,2025-03-01 13:11:00,C01783,M0389,13.35,0
T6030,2025-03-01 13:21:00,C01404,M0431,30.74,0
T8644,2025-03-01 13:25:00,C01653,M0316,4.64,0
T3925,2025-03-01 13:34:00,C00170,M0064,4.81,0
T7293,2025-03-01 13:41:00,C01439,M0149,4.07,0
T9674,2025-03-01 14:20:00,C00349,M0082,23.38,0
T5044,2025-03-01 14:24:00,C00763,M0155,77.1,0
T3974,2025-03-01 14:42:00,C00563,M0369,80.87,0
T9270,2025-03-01 14:43:00,C01560,M0439,75.02,0
T6718,2025-03-01 14:44:00,C00846,M0053,29.41,0
T8828,2025-03-01 14:53:00,C01972,M0208,8.01,0
T3757,2025-03-01 15:07:00,C01409,M0189,11.48,0
T8174,2025-03-01 15:19:00,C01089,M0482,30.77,0
T5527,2025-03-01 15:26:00,C00350,M0187,33.23,0
T3536,2025-03-01 15:36:00,C01011,M0192,37.61,0
T8400,2025-03-01 15:54:00,C01888,M0044,110.3,0
T3164,2025-03-01 16:00:00,C00247,M0487,43.2,0
T3007,2025-03-01 16:05:00,C00855,M0238,73.59,0
T8467,2025-03-01 16:09:00,C00988,M0181,1.65,0
T7014,2025-03-01 16:16:00,C01677,M0461,6.54,0
T7599,2025-03-01 16:25:00,C00116,M0239,55.74,0
T4170,2025-03-01 16:27:00,C00009,M0068,18.04,0
T1493,2025-03-01 16:36:00,C00372,M0423,7.15,0
T2141,2025-03-01 16:37:00,C01554,M0340,24.85,0
T5555,2025-03-01 16:39:00,C00090,M0469,52.35,0
T5856,2025-03-01 16:41:00,C01274,M0034,17.45,0
T5373,2025-03-01 16:42:00,C00192,M0492,8.83,1
T227,2025-03-01 17:01:00,C00516,M0103,36.99,0
T3998,2025-03-01 17:08:00,C01403,M0271,11.95,0
T8427,2025-03-01 17:10:00,C01876,M0422,75.99,0
T3519,2025-03-01 17:12:00,C01066,M0157,20.72,0
T6431,2025-03-01 17:18:00,C01737,M0292,115.27,0
T491,2025-03-01 17:19:00,C01922,M0235,9.2,0
T5544,2025-03-01 17:25:00,C00835,M0069,13.05,0
T6064,2025-03-01 17:26:00,C00850,M0002,6.07,0
T464,2025-03-01 17:47:00,C00737,M0173,26.49,0
T8925,2025-03-01 17:49:00,C01472,M0330,11.58,0
T9760,2025-03-01 17:58:00,C00696,M0396,57.13,0
T4732,2025-03-01 18:15:00,C01976,M0457,105.12,0
T6994,2025-03-01 18:24:00,C00452,M0164,13.09,0
T1046,2025-03-01 18:26:00,C00402,M0133,39.51,0
T6780,2025-03-01 18:32:00,C00806,M0086,9.71,0
T3360,2025-03-01 18:32:00,C00440,M0360,16.03,0
T3793,2025-03-01 19:20:00,C01994,M0365,13.33,0
T3104,2025-03-01 19:20:00,C00092,M0172,6.46,0
T1292,2025-03-01 19:23:00,C01815,M0403,183.61,0
T4817,2025-03-01 19:24:00,C01344,M0135,10.51,0
T5835,2025-03-01 19:26:00,C00738,M0265,119.48,0
T8341,2025-03-01 19:30:00,C01107,M0132,2.73,0
T5602,2025-03-01 19:33:00,C00353,M0390,16.7,0
T1201,2025-03-01 19:43:00,C00711,M0212,13.34,0
T1246,2025-03-01 19:45:00,C01940,M0400,10.72,0
T9225,2025-03-01 19:48:00,C01906,M0375,46.27,0
T7842,2025-03-01 19:48:00,C01114,M0388,7.51,0
T7610,2025-03-01 19:55:00,C01243,M0442,6.19,0
T3374,2025-03-01 19:56:00,C01050,M0173,54.63,0
T7761,2025-03-01 20:24:00,C01285,M0249,3.49,0
T583,2025-03-01 20:28:00,C01040,M0245,32.43,0
T203,2025-03-01 20:42:00,C00485,M0198,39.34,0
T2375,2025-03-01 20:45:00,C00631,M0257,64.27,0
T1512,2025-03-01 20:46:00,C01104,M0161,8.12,0
T5011,2025-03-01 20:47:00,C01542,M0355,8.39,0
T5287,2025-03-01 20:50:00,C00025,M0182,16.4,0
T1867,2025-03-01 20:53:00,C00397,M0027,14.03,0
T5566,2025-03-01 21:06:00,C01061,M0167,5.62,0
T1503,2025-03-01 21:11:00,C01643,M0110,230.11,0
T4887,2025-03-01 21:22:00,C00794,M0157,142.58,0
T7908,2025-03-01 21:26:00,C00419,M0268,13.01,0
T2428,2025-03-01 21:30:00,C00215,M0039,16.65,0
T9363,2025-03-01 21:48:00,C01128,M0264,65.5,0
T2227,2025-03-01 21:49:00,C00848,M0443,38.61,0
T7916,2025-03-01 22:02:00,C01489,M0106,28.66,0
T7042,2025-03-01 22:12:00,C00914,M0395,36.82,0
T7746,2025-03-01 22:16:00,C01304,M0135,52.95,0
T9364,2025-03-01 22:30:00,C00744,M0312,91.99,0
T7563,2025-03-01 22:42:00,C00600,M0394,33.7,0
T6880,2025-03-01 22:42:00,C00007,M0340,26.81,0
T3997,2025-03-01 22:48:00,C00550,M0236,14.94,0
T8087,2025-03-01 22:55:00,C00716,M0051,6.72,0
T8552,2025-03-01 22:58:00,C01588,M0301,17.12,0
T8260,2025-03-01 22:59:00,C00215,M0399,12.0,0
T4144,2025-03-01 23:06:00,C00002,M0299,5.63,0
T9842,2025-03-01 23:08:00,C01629,M0066,5.59,0
T2012,2025-03-01 23:25:00,C00598,M0355,23.86,0
T7415,2025-03-01 23:33:00,C00804,M0369,20.87,0
T7895,2025-03-01 23:54:00,C00422,M0083,15.32,0
